생산코드,파워,제품명,사출코드,분리코드,거래처그룹,거래처,이니셜목록,이니셜수,수요라인수,최초납기,오더수량,생산부족수량,사출부족수량,사출재고,분리재고,검사접착재고,누수규격검사재고,공정재고합계,완제품재고,DOI기준오더,현재DOI,기준등급,기준DOI하한,기준DOI상한,상태,판단메모,부족대비공정재고율,부족대비완제품재고율,우선순위점수,신제품여부,DOI상태
P1148A-00.00BMH3,-00.00,PIA D_BAGUMORE HONEY LATTE_55% UV 15.0,R1148-00.00BMH3,Q1148-00.00BMH3,PIA,"PIA Co.,Ltd.","AA1344, AA1403",2,2,2026-08-23,44400,70000.0,474647.0,0.0,0.0,0,0,0.0,0.0,0.0,0.0,A급,30,60,,,0.0,0.0,463037.60000000003,Y,신제품
P1146A-00.00BMB3,-00.00,PIA D_BAGUMORE BROWN_55% UV 15.0,R1146-00.00BMB3,Q1146-00.00BMB3,PIA,"PIA Co.,Ltd.","AA1344, AA1403",2,2,2026-08-23,44400,70000.0,416099.0,5453.0,10277.0,1470,0,17200.0,0.0,0.0,0.0,A급,30,60,,,0.24571428571428572,0.0,416199.2,Y,신제품
P1149A-00.00BMC3,-00.00,PIA D_BAGUMORE ICHIGO LATTE _55% UV 15.0,R1149-00.00BMC3,Q1149-00.00BMC3,PIA,"PIA Co.,Ltd.","AA1344, AA1403",2,2,2026-08-23,44400,70000.0,349280.0,44211.0,0.0,14100,12070,70381.0,0.0,0.0,0.0,A급,30,60,,,1.005442857142857,0.0,362744.0,Y,신제품
P1144A-00.00BMP3,-00.00,PIA D_BAGUMORE PINK_55% UV 15.0,R1144-00.00BMP3,Q1144-00.00BMP3,PIA,"PIA Co.,Ltd.","AA1344, AA1403",2,2,2026-08-23,44400,65744.0,311316.0,39455.0,7615.0,14145,12570,73785.0,0.0,0.0,0.0,A급,30,60,,,1.1223077391092724,0.0,328116.80000000005,Y,신제품
P1147A-00.00BMG3,-00.00,PIA D_BAGUMORE GRAY_55% UV 15.0,R1147-00.00BMG3,Q1147-00.00BMG3,PIA,"PIA Co.,Ltd.","AA1344, AA1403",2,2,2026-08-23,44400,60864.0,306436.0,34582.0,8261.0,11795,11225,65863.0,0.0,0.0,0.0,A급,30,60,,,1.082133937960042,0.0,319332.80000000005,Y,신제품
P1174A-00.00BNS3,-00.00,PIA D_Burn Sugar_55% UV 14.5,R1174-00.00BNS3,Q1174-00.00BNS3,PIA,"PIA Co.,Ltd.","AA1431, AA1432, AA1437",3,3,2026-09-13,11300,70591.0,154684.0,0.0,0.0,0,0,0.0,0.0,0.0,0.0,A급,30,60,,,0.0,0.0,197728.2,Y,신제품
P1175A-00.00VVM3,-00.00,PIA D_Viva Boom_55% UV 14.5,R1175-00.00VVM3,Q1175-00.00VVM3,PIA,"PIA Co.,Ltd.","AA1431, AA1432, AA1437",3,3,2026-09-13,11300,35657.0,119422.0,35325.0,0.0,0,0,35325.0,0.0,0.0,0.0,A급,30,60,,,0.9906890652606781,0.0,134584.6,Y,신제품
P1061A-00.00CRW3,-00.00,PIA D_Cherish Brown_55% UV 14.2,R1061-00.00CRW3,Q1061-00.00CRW3,PIA,"PIA Co.,Ltd.",AA1447,1,1,2026-08-20,11900,35000.0,118536.0,0.0,0.0,0,0,0.0,31660.0,486200.0,11.78621966269025,A급,30,60,생산최우선,P코드 기준 부족/사출부족이 상위권이고 DOI가 기준 미달,0.0,0.9045714285714286,131815.8,,계산됨
P1095A-00.00PBN3,-00.00,Clalen D_Pink brown_55%(중국_축고정),R1095-00.00PBN3,Q1095-00.00PBN3,"CHINA/IRIS, HEARTS/TopTrend","INTEROJO CHINA CO., LTD, Beautyicon International co., Ltd.","DD1523, DD1787, JJ0066",3,3,2026-08-24,3980,54482.0,54482.0,0.0,0.0,0,0,0.0,0.0,0.0,0.0,A급,0,45,,,0.0,0.0,99261.6,Y,신제품
P1098A-00.00PPE3,-00.00,Clalen D_Purple_55%(중국_축고정),R1098-00.00PPE3,Q1098-00.00PPE3,"CHINA/IRIS, HEARTS/TopTrend","INTEROJO CHINA CO., LTD, Beautyicon International co., Ltd.","DD1523, DD1787, JJ0066",3,3,2026-08-24,3980,54482.0,54482.0,0.0,0.0,0,0,0.0,0.0,0.0,0.0,A급,0,45,,,0.0,0.0,99261.6,Y,신제품
P1099A-00.00ABN3,-00.00,Clalen D_Ash brown_55%(중국_축고정),R1099-00.00ABN3,Q1099-00.00ABN3,"CHINA/IRIS, HEARTS/TopTrend","INTEROJO CHINA CO., LTD, Beautyicon International co., Ltd.","DD1523, DD1787, JJ0066",3,3,2026-08-24,3980,54482.0,54482.0,0.0,0.0,0,0,0.0,0.0,0.0,0.0,A급,0,45,,,0.0,0.0,99261.6,Y,신제품
P1097A-00.00BRN3,-00.00,Clalen D_Beige brown_55%(중국_축고정),R1097-00.00BRN3,Q1097-00.00BRN3,CHINA/IRIS,"INTEROJO CHINA CO., LTD","DD1523, DD1787",2,2,2026-08-24,3600,49280.0,49280.0,0.0,0.0,0,0,0.0,0.0,0.0,0.0,A급,0,45,,,0.0,0.0,89784.0,Y,신제품
P1096A-00.00GEN3,-00.00,Clalen D_Green_55%(중국_축고정),R1096-00.00GEN3,Q1096-00.00GEN3,"CHINA/IRIS, HEARTS/TopTrend","INTEROJO CHINA CO., LTD, Beautyicon International co., Ltd.","DD1523, DD1787, JJ0066",3,3,2026-08-24,3580,49006.0,49006.0,0.0,0.0,0,0,0.0,0.0,0.0,0.0,A급,0,45,,,0.0,0.0,89284.8,Y,신제품
P1170A-00.00NWK3,-00.00,PIA D_NUDE WINK_55% UV 14.5,R1170-00.00NWK3,Q1170-00.00NWK3,PIA,"PIA Co.,Ltd.","AA1405, AA1406",2,2,2026-08-20,4200,36177.0,49429.0,0.0,0.0,0,0,0.0,0.0,0.0,0.0,A급,30,60,생산최우선,P코드 기준 부족/사출부족이 상위권이고 DOI가 기준 미달,0.0,0.0,76980.20000000001,,재고없음
P1171A-00.00GTP3,-00.00,PIA D_GRAY TRAP_55% UV 14.5,R1171-00.00GTP3,Q1171-00.00GTP3,PIA,"PIA Co.,Ltd.","AA1405, AA1406",2,2,2026-08-20,4200,36177.0,49429.0,0.0,0.0,0,0,0.0,0.0,0.0,0.0,A급,30,60,생산최우선,P코드 기준 부족/사출부족이 상위권이고 DOI가 기준 미달,0.0,0.0,76980.20000000001,,재고없음
P1148A-02.00BMH3,-02.00,PIA D_BAGUMORE HONEY LATTE_55% UV 15.0,R1148-02.00BMH3,Q1148-02.00BMH3,PIA,"PIA Co.,Ltd.","AA1344, AA1403",2,2,2026-08-23,3200,41781.0,41781.0,0.0,0.0,0,0,0.0,0.0,0.0,0.0,A급,30,60,,,0.0,0.0,76165.8,Y,신제품
P1148A-03.00BMH3,-03.00,PIA D_BAGUMORE HONEY LATTE_55% UV 15.0,R1148-03.00BMH3,Q1148-03.00BMH3,PIA,"PIA Co.,Ltd.","AA1344, AA1403",2,2,2026-08-23,3600,36967.0,36967.0,5843.0,845.0,1445,0,8133.0,0.0,0.0,0.0,A급,30,60,,,0.22000703329997023,0.0,67620.6,Y,신제품
P2036A-00.00ASB,-00.00,BELLA D_Ash Brown(8년),R2036-00.00ASB,Q2036-00.00ASB,OPTICAL SUPPLIES,OPTICAL SUPPLIES Co.,"YH0214, YH0218, YH0221",3,3,2026-08-27,3350,37084.0,37084.0,0.0,0.0,0,0,0.0,7080.0,794680.0,1.612573614536669,A급,30,60,생산최우선,P코드 기준 부족/사출부족이 상위권이고 DOI가 기준 미달,0.0,0.19091791608240752,67402.2,,계산됨
P1173A-00.00MCM3,-00.00,PIA D_Mocha melt_55% UV 14.5,R1173-00.00MCM3,Q1173-00.00MCM3,PIA,"PIA Co.,Ltd.",AA1437,1,1,2026-09-13,2500,34222.0,34222.0,0.0,0.0,0,0,0.0,0.0,0.0,0.0,A급,30,60,생산최우선,P코드 기준 부족/사출부족이 상위권이고 DOI가 기준 미달,0.0,0.0,62349.600000000006,,재고없음
P1148A-01.75BMH3,-01.75,PIA D_BAGUMORE HONEY LATTE_55% UV 15.0,R1148-01.75BMH3,Q1148-01.75BMH3,PIA,"PIA Co.,Ltd.","AA1344, AA1403",2,2,2026-08-23,2600,32805.0,32805.0,0.0,0.0,0,0,0.0,0.0,0.0,0.0,A급,30,60,,,0.0,0.0,59829.0,Y,신제품
P7008A-00.00DAT,-00.00,PIA D_Date Topaz_38% UV,R7008-00.00DAT,Q7008-00.00DAT,PIA,"PIA Co.,Ltd.",AA1449,1,1,2026-08-20,7900,30046.0,30046.0,20591.0,0.0,0,0,20591.0,38105.0,297800.0,23.159855607790465,A급,30,60,생산최우선,P코드 기준 부족/사출부족이 상위권이고 DOI가 기준 미달,0.685315849031485,1.2682220595087532,54547.55,,계산됨
P2035A-00.00ROW,-00.00,BELLA D_Rosewood(8년),R2035-00.00ROW,Q2035-00.00ROW,OPTICAL SUPPLIES,OPTICAL SUPPLIES Co.,"YH0214, YH0218, YH0221",3,3,2026-08-27,3050,29693.0,29693.0,0.0,0.0,0,0,0.0,10065.0,707400.0,2.575296861747244,A급,30,60,생산최우선,P코드 기준 부족/사출부족이 상위권이고 DOI가 기준 미달,0.0,0.33896878052066143,53859.15,,계산됨
P1021A-00.00HKA3,-00.00,HAPA(PIA) D_Sugar High Kristin Ash Choco 14.2_55%,R1021-00.00HKA3,Q1021-00.00HKA3,PIA,"PIA Co.,Ltd.",GG0243,1,1,2026-08-20,3300,29281.0,29281.0,0.0,0.0,0,0,0.0,535.0,148000.0,0.6542905405405405,A급,30,60,생산최우선,P코드 기준 부족/사출부족이 상위권이고 DOI가 기준 미달,0.0,0.018271233905945834,53669.05,,계산됨
P1148A-02.50BMH3,-02.50,PIA D_BAGUMORE HONEY LATTE_55% UV 15.0,R1148-02.50BMH3,Q1148-02.50BMH3,PIA,"PIA Co.,Ltd.","AA1344, AA1403",2,2,2026-08-23,3200,27858.0,27858.0,4426.0,1624.0,0,1405,7455.0,0.0,0.0,0.0,A급,30,60,,,0.26760715054921386,0.0,51104.4,Y,신제품
P1148A-02.75BMH3,-02.75,PIA D_BAGUMORE HONEY LATTE_55% UV 15.0,R1148-02.75BMH3,Q1148-02.75BMH3,PIA,"PIA Co.,Ltd.","AA1344, AA1403",2,2,2026-08-23,3200,26210.0,26210.0,5140.0,0.0,1015,0,6155.0,0.0,0.0,0.0,A급,30,60,,,0.23483403281190385,0.0,48138.0,Y,신제품
P1022A-00.00HKB3,-00.00,HAPA(PIA) D_Sugar High Kristin Beige 14.2_55% UV,R1022-00.00HKB3,Q1022-00.00HKB3,PIA,"PIA Co.,Ltd.",GG0243,1,1,2026-08-20,2300,25280.0,25280.0,0.0,0.0,0,0,0.0,12240.0,93000.0,23.82193548387097,A급,30,60,생산최우선,P코드 기준 부족/사출부족이 상위권이고 DOI가 기준 미달,0.0,0.48417721518987344,45582.0,,계산됨
P1148A-01.25BMH3,-01.25,PIA D_BAGUMORE HONEY LATTE_55% UV 15.0,R1148-01.25BMH3,Q1148-01.25BMH3,PIA,"PIA Co.,Ltd.","AA1344, AA1403",2,2,2026-08-23,2000,24973.0,24973.0,0.0,0.0,0,0,0.0,0.0,0.0,0.0,A급,30,60,,,0.0,0.0,45551.4,Y,신제품
P1148A-01.50BMH3,-01.50,PIA D_BAGUMORE HONEY LATTE_55% UV 15.0,R1148-01.50BMH3,Q1148-01.50BMH3,PIA,"PIA Co.,Ltd.","AA1344, AA1403",2,2,2026-08-23,2500,24148.0,24148.0,0.0,0.0,0,0,0.0,0.0,0.0,0.0,A급,30,60,,,0.0,0.0,44216.4,Y,신제품
P1148A-06.00BMH3,-06.00,PIA D_BAGUMORE HONEY LATTE_55% UV 15.0,R1148-06.00BMH3,Q1148-06.00BMH3,PIA,"PIA Co.,Ltd.","AA1344, AA1403",2,2,2026-08-23,3200,22805.0,22805.0,1726.0,0.0,0,1345,3071.0,0.0,0.0,0.0,A급,30,60,,,0.13466345099758825,0.0,42009.0,Y,신제품
P1148A-03.50BMH3,-03.50,PIA D_BAGUMORE HONEY LATTE_55% UV 15.0,R1148-03.50BMH3,Q1148-03.50BMH3,PIA,"PIA Co.,Ltd.","AA1344, AA1403",2,2,2026-08-23,3000,22646.0,22646.0,6496.0,1662.0,0,0,8158.0,0.0,0.0,0.0,A급,30,60,,,0.36024021902322706,0.0,41662.8,Y,신제품
P1173A-02.75MCM3,-02.75,PIA D_Mocha melt_55% UV 14.5,R1173-02.75MCM3,Q1173-02.75MCM3,PIA,"PIA Co.,Ltd.","AA1431, AA1432, AA1437",3,3,2026-09-13,1600,21903.0,21903.0,0.0,0.0,0,0,0.0,0.0,0.0,0.0,A급,30,60,생산최우선,P코드 기준 부족/사출부족이 상위권이고 DOI가 기준 미달,0.0,0.0,39905.4,,재고없음
P1174A-02.75BNS3,-02.75,PIA D_Burn Sugar_55% UV 14.5,R1174-02.75BNS3,Q1174-02.75BNS3,PIA,"PIA Co.,Ltd.","AA1431, AA1432, AA1437",3,3,2026-09-13,1600,21903.0,21903.0,0.0,0.0,0,0,0.0,0.0,0.0,0.0,A급,30,60,,,0.0,0.0,39905.4,Y,신제품
P1175A-02.75VVM3,-02.75,PIA D_Viva Boom_55% UV 14.5,R1175-02.75VVM3,Q1175-02.75VVM3,PIA,"PIA Co.,Ltd.","AA1431, AA1432, AA1437",3,3,2026-09-13,1600,21903.0,21903.0,0.0,0.0,0,0,0.0,0.0,0.0,0.0,A급,30,60,,,0.0,0.0,39905.4,Y,신제품
P1061A-04.00CRW3,-04.00,PIA D_Cherish Brown_55% UV 14.2,R1061-04.00CRW3,Q1061-04.00CRW3,PIA,"PIA Co.,Ltd.",AA1447,1,1,2026-08-20,1900,21949.0,21949.0,0.0,0.0,0,0,0.0,10000.0,61200.0,29.57516339869281,A급,30,60,생산최우선,P코드 기준 부족/사출부족이 상위권이고 DOI가 기준 미달,0.0,0.4556016219417741,39578.2,,계산됨
P1149A-02.50BMC3,-02.50,PIA D_BAGUMORE ICHIGO LATTE _55% UV 15.0,R1149-02.50BMC3,Q1149-02.50BMC3,PIA,"PIA Co.,Ltd.","AA1344, AA1403",2,2,2026-08-23,3200,22002.0,19707.0,4869.0,0.0,0,0,4869.0,0.0,0.0,0.0,A급,30,60,,,0.22129806381238068,0.0,38727.6,Y,신제품
P1173A-02.00MCM3,-02.00,PIA D_Mocha melt_55% UV 14.5,R1173-02.00MCM3,Q1173-02.00MCM3,PIA,"PIA Co.,Ltd.","AA1431, AA1432, AA1437",3,3,2026-09-13,1500,20534.0,20534.0,0.0,0.0,0,0,0.0,0.0,0.0,0.0,A급,30,60,생산최우선,P코드 기준 부족/사출부족이 상위권이고 DOI가 기준 미달,0.0,0.0,37411.2,,재고없음
P1173A-02.50MCM3,-02.50,PIA D_Mocha melt_55% UV 14.5,R1173-02.50MCM3,Q1173-02.50MCM3,PIA,"PIA Co.,Ltd.","AA1431, AA1432, AA1437",3,3,2026-09-13,1500,20534.0,20534.0,0.0,0.0,0,0,0.0,0.0,0.0,0.0,A급,30,60,생산최우선,P코드 기준 부족/사출부족이 상위권이고 DOI가 기준 미달,0.0,0.0,37411.2,,재고없음
P1173A-03.00MCM3,-03.00,PIA D_Mocha melt_55% UV 14.5,R1173-03.00MCM3,Q1173-03.00MCM3,PIA,"PIA Co.,Ltd.","AA1431, AA1432, AA1437",3,3,2026-09-13,1500,20534.0,20534.0,0.0,0.0,0,0,0.0,0.0,0.0,0.0,A급,30,60,생산최우선,P코드 기준 부족/사출부족이 상위권이고 DOI가 기준 미달,0.0,0.0,37411.2,,재고없음
P1173A-03.50MCM3,-03.50,PIA D_Mocha melt_55% UV 14.5,R1173-03.50MCM3,Q1173-03.50MCM3,PIA,"PIA Co.,Ltd.","AA1431, AA1432, AA1437",3,3,2026-09-13,1500,20534.0,20534.0,0.0,0.0,0,0,0.0,0.0,0.0,0.0,A급,30,60,생산최우선,P코드 기준 부족/사출부족이 상위권이고 DOI가 기준 미달,0.0,0.0,37411.2,,재고없음
P1173A-03.75MCM3,-03.75,PIA D_Mocha melt_55% UV 14.5,R1173-03.75MCM3,Q1173-03.75MCM3,PIA,"PIA Co.,Ltd.","AA1431, AA1432, AA1437",3,3,2026-09-13,1500,20534.0,20534.0,0.0,0.0,0,0,0.0,0.0,0.0,0.0,A급,30,60,생산최우선,P코드 기준 부족/사출부족이 상위권이고 DOI가 기준 미달,0.0,0.0,37411.2,,재고없음
P1173A-05.50MCM3,-05.50,PIA D_Mocha melt_55% UV 14.5,R1173-05.50MCM3,Q1173-05.50MCM3,PIA,"PIA Co.,Ltd.","AA1431, AA1432, AA1437",3,3,2026-09-13,1500,20534.0,20534.0,0.0,0.0,0,0,0.0,0.0,0.0,0.0,A급,30,60,생산최우선,P코드 기준 부족/사출부족이 상위권이고 DOI가 기준 미달,0.0,0.0,37411.2,,재고없음
P1174A-02.00BNS3,-02.00,PIA D_Burn Sugar_55% UV 14.5,R1174-02.00BNS3,Q1174-02.00BNS3,PIA,"PIA Co.,Ltd.","AA1431, AA1432, AA1437",3,3,2026-09-13,1500,20534.0,20534.0,0.0,0.0,0,0,0.0,0.0,0.0,0.0,A급,30,60,,,0.0,0.0,37411.2,Y,신제품
P1174A-02.50BNS3,-02.50,PIA D_Burn Sugar_55% UV 14.5,R1174-02.50BNS3,Q1174-02.50BNS3,PIA,"PIA Co.,Ltd.","AA1431, AA1432, AA1437",3,3,2026-09-13,1500,20534.0,20534.0,0.0,0.0,0,0,0.0,0.0,0.0,0.0,A급,30,60,,,0.0,0.0,37411.2,Y,신제품
P1174A-03.00BNS3,-03.00,PIA D_Burn Sugar_55% UV 14.5,R1174-03.00BNS3,Q1174-03.00BNS3,PIA,"PIA Co.,Ltd.","AA1431, AA1432, AA1437",3,3,2026-09-13,1500,20534.0,20534.0,0.0,0.0,0,0,0.0,0.0,0.0,0.0,A급,30,60,,,0.0,0.0,37411.2,Y,신제품
P1174A-03.50BNS3,-03.50,PIA D_Burn Sugar_55% UV 14.5,R1174-03.50BNS3,Q1174-03.50BNS3,PIA,"PIA Co.,Ltd.","AA1431, AA1432, AA1437",3,3,2026-09-13,1500,20534.0,20534.0,0.0,0.0,0,0,0.0,0.0,0.0,0.0,A급,30,60,,,0.0,0.0,37411.2,Y,신제품
P1174A-03.75BNS3,-03.75,PIA D_Burn Sugar_55% UV 14.5,R1174-03.75BNS3,Q1174-03.75BNS3,PIA,"PIA Co.,Ltd.","AA1431, AA1432, AA1437",3,3,2026-09-13,1500,20534.0,20534.0,0.0,0.0,0,0,0.0,0.0,0.0,0.0,A급,30,60,,,0.0,0.0,37411.2,Y,신제품
P1174A-05.50BNS3,-05.50,PIA D_Burn Sugar_55% UV 14.5,R1174-05.50BNS3,Q1174-05.50BNS3,PIA,"PIA Co.,Ltd.","AA1431, AA1432, AA1437",3,3,2026-09-13,1500,20534.0,20534.0,0.0,0.0,0,0,0.0,0.0,0.0,0.0,A급,30,60,,,0.0,0.0,37411.2,Y,신제품
P1175A-02.00VVM3,-02.00,PIA D_Viva Boom_55% UV 14.5,R1175-02.00VVM3,Q1175-02.00VVM3,PIA,"PIA Co.,Ltd.","AA1431, AA1432, AA1437",3,3,2026-09-13,1500,20534.0,20534.0,0.0,0.0,0,0,0.0,0.0,0.0,0.0,A급,30,60,,,0.0,0.0,37411.2,Y,신제품
P1175A-02.50VVM3,-02.50,PIA D_Viva Boom_55% UV 14.5,R1175-02.50VVM3,Q1175-02.50VVM3,PIA,"PIA Co.,Ltd.","AA1431, AA1432, AA1437",3,3,2026-09-13,1500,20534.0,20534.0,0.0,0.0,0,0,0.0,0.0,0.0,0.0,A급,30,60,,,0.0,0.0,37411.2,Y,신제품
P1175A-03.00VVM3,-03.00,PIA D_Viva Boom_55% UV 14.5,R1175-03.00VVM3,Q1175-03.00VVM3,PIA,"PIA Co.,Ltd.","AA1431, AA1432, AA1437",3,3,2026-09-13,1500,20534.0,20534.0,0.0,0.0,0,0,0.0,0.0,0.0,0.0,A급,30,60,,,0.0,0.0,37411.2,Y,신제품
P1175A-03.50VVM3,-03.50,PIA D_Viva Boom_55% UV 14.5,R1175-03.50VVM3,Q1175-03.50VVM3,PIA,"PIA Co.,Ltd.","AA1431, AA1432, AA1437",3,3,2026-09-13,1500,20534.0,20534.0,0.0,0.0,0,0,0.0,0.0,0.0,0.0,A급,30,60,,,0.0,0.0,37411.2,Y,신제품
P1175A-03.75VVM3,-03.75,PIA D_Viva Boom_55% UV 14.5,R1175-03.75VVM3,Q1175-03.75VVM3,PIA,"PIA Co.,Ltd.","AA1431, AA1432, AA1437",3,3,2026-09-13,1500,20534.0,20534.0,0.0,0.0,0,0,0.0,0.0,0.0,0.0,A급,30,60,,,0.0,0.0,37411.2,Y,신제품
P1175A-05.50VVM3,-05.50,PIA D_Viva Boom_55% UV 14.5,R1175-05.50VVM3,Q1175-05.50VVM3,PIA,"PIA Co.,Ltd.","AA1431, AA1432, AA1437",3,3,2026-09-13,1500,20534.0,20534.0,0.0,0.0,0,0,0.0,0.0,0.0,0.0,A급,30,60,,,0.0,0.0,37411.2,Y,신제품
P0548A-00.00UNB,-00.00,PIA D_Uniform Black_55% UV,R0548-00.00UNB,Q0548-00.00UNB,PIA,"PIA Co.,Ltd.",AA1447,1,1,2026-08-20,2000,19843.0,19843.0,0.0,0.0,0,0,0.0,3145.0,146200.0,3.893604651162791,A급,30,60,생산최우선,P코드 기준 부족/사출부족이 상위권이고 DOI가 기준 미달,0.0,0.15849417930756438,36160.15,,계산됨
P1061A-01.75CRW3,-01.75,PIA D_Cherish Brown_55% UV 14.2,R1061-01.75CRW3,Q1061-01.75CRW3,PIA,"PIA Co.,Ltd.",AA1447,1,1,2026-08-20,2300,19713.0,19713.0,3546.0,0.0,0,0,3546.0,9925.0,54200.0,33.144372693726936,A급,30,60,생산유지,부족은 있으나 DOI가 기준 범위 또는 상한 내,0.17988129660630042,0.5034748643027444,35677.15,,계산됨
P1146A-02.50BMB3,-02.50,PIA D_BAGUMORE BROWN_55% UV 15.0,R1146-02.50BMB3,Q1146-02.50BMB3,PIA,"PIA Co.,Ltd.",AA1403,1,1,2026-08-31,1600,19321.0,19321.0,0.0,0.0,0,0,0.0,0.0,0.0,0.0,A급,30,60,,,0.0,0.0,35257.8,Y,신제품
P1173A-01.50MCM3,-01.50,PIA D_Mocha melt_55% UV 14.5,R1173-01.50MCM3,Q1173-01.50MCM3,PIA,"PIA Co.,Ltd.","AA1431, AA1432, AA1437",3,3,2026-09-13,1400,19165.0,19165.0,0.0,0.0,0,0,0.0,0.0,0.0,0.0,A급,30,60,생산최우선,P코드 기준 부족/사출부족이 상위권이고 DOI가 기준 미달,0.0,0.0,34917.0,,재고없음
P1173A-01.75MCM3,-01.75,PIA D_Mocha melt_55% UV 14.5,R1173-01.75MCM3,Q1173-01.75MCM3,PIA,"PIA Co.,Ltd.","AA1431, AA1432, AA1437",3,3,2026-09-13,1400,19165.0,19165.0,0.0,0.0,0,0,0.0,0.0,0.0,0.0,A급,30,60,생산최우선,P코드 기준 부족/사출부족이 상위권이고 DOI가 기준 미달,0.0,0.0,34917.0,,재고없음
P1173A-04.00MCM3,-04.00,PIA D_Mocha melt_55% UV 14.5,R1173-04.00MCM3,Q1173-04.00MCM3,PIA,"PIA Co.,Ltd.","AA1431, AA1432, AA1437",3,3,2026-09-13,1400,19165.0,19165.0,0.0,0.0,0,0,0.0,0.0,0.0,0.0,A급,30,60,생산최우선,P코드 기준 부족/사출부족이 상위권이고 DOI가 기준 미달,0.0,0.0,34917.0,,재고없음
P1173A-04.75MCM3,-04.75,PIA D_Mocha melt_55% UV 14.5,R1173-04.75MCM3,Q1173-04.75MCM3,PIA,"PIA Co.,Ltd.","AA1431, AA1432, AA1437",3,3,2026-09-13,1400,19165.0,19165.0,0.0,0.0,0,0,0.0,0.0,0.0,0.0,A급,30,60,생산최우선,P코드 기준 부족/사출부족이 상위권이고 DOI가 기준 미달,0.0,0.0,34917.0,,재고없음
P1174A-01.50BNS3,-01.50,PIA D_Burn Sugar_55% UV 14.5,R1174-01.50BNS3,Q1174-01.50BNS3,PIA,"PIA Co.,Ltd.","AA1431, AA1432, AA1437",3,3,2026-09-13,1400,19165.0,19165.0,0.0,0.0,0,0,0.0,0.0,0.0,0.0,A급,30,60,,,0.0,0.0,34917.0,Y,신제품
P1174A-01.75BNS3,-01.75,PIA D_Burn Sugar_55% UV 14.5,R1174-01.75BNS3,Q1174-01.75BNS3,PIA,"PIA Co.,Ltd.","AA1431, AA1432, AA1437",3,3,2026-09-13,1400,19165.0,19165.0,0.0,0.0,0,0,0.0,0.0,0.0,0.0,A급,30,60,,,0.0,0.0,34917.0,Y,신제품
P1174A-04.00BNS3,-04.00,PIA D_Burn Sugar_55% UV 14.5,R1174-04.00BNS3,Q1174-04.00BNS3,PIA,"PIA Co.,Ltd.","AA1431, AA1432, AA1437",3,3,2026-09-13,1400,19165.0,19165.0,0.0,0.0,0,0,0.0,0.0,0.0,0.0,A급,30,60,,,0.0,0.0,34917.0,Y,신제품
P1174A-04.75BNS3,-04.75,PIA D_Burn Sugar_55% UV 14.5,R1174-04.75BNS3,Q1174-04.75BNS3,PIA,"PIA Co.,Ltd.","AA1431, AA1432, AA1437",3,3,2026-09-13,1400,19165.0,19165.0,0.0,0.0,0,0,0.0,0.0,0.0,0.0,A급,30,60,,,0.0,0.0,34917.0,Y,신제품
P1175A-01.50VVM3,-01.50,PIA D_Viva Boom_55% UV 14.5,R1175-01.50VVM3,Q1175-01.50VVM3,PIA,"PIA Co.,Ltd.","AA1431, AA1432, AA1437",3,3,2026-09-13,1400,19165.0,19165.0,0.0,0.0,0,0,0.0,0.0,0.0,0.0,A급,30,60,,,0.0,0.0,34917.0,Y,신제품
P1175A-01.75VVM3,-01.75,PIA D_Viva Boom_55% UV 14.5,R1175-01.75VVM3,Q1175-01.75VVM3,PIA,"PIA Co.,Ltd.","AA1431, AA1432, AA1437",3,3,2026-09-13,1400,19165.0,19165.0,0.0,0.0,0,0,0.0,0.0,0.0,0.0,A급,30,60,,,0.0,0.0,34917.0,Y,신제품
P1175A-04.00VVM3,-04.00,PIA D_Viva Boom_55% UV 14.5,R1175-04.00VVM3,Q1175-04.00VVM3,PIA,"PIA Co.,Ltd.","AA1431, AA1432, AA1437",3,3,2026-09-13,1400,19165.0,19165.0,0.0,0.0,0,0,0.0,0.0,0.0,0.0,A급,30,60,,,0.0,0.0,34917.0,Y,신제품
P1175A-04.75VVM3,-04.75,PIA D_Viva Boom_55% UV 14.5,R1175-04.75VVM3,Q1175-04.75VVM3,PIA,"PIA Co.,Ltd.","AA1431, AA1432, AA1437",3,3,2026-09-13,1400,19165.0,19165.0,0.0,0.0,0,0,0.0,0.0,0.0,0.0,A급,30,60,,,0.0,0.0,34917.0,Y,신제품
P1146A-02.75BMB3,-02.75,PIA D_BAGUMORE BROWN_55% UV 15.0,R1146-02.75BMB3,Q1146-02.75BMB3,PIA,"PIA Co.,Ltd.",AA1403,1,1,2026-08-31,1500,18883.0,18883.0,0.0,0.0,0,0,0.0,0.0,0.0,0.0,A급,30,60,,,0.0,0.0,34439.4,Y,신제품
P1148A-02.25BMH3,-02.25,PIA D_BAGUMORE HONEY LATTE_55% UV 15.0,R1148-02.25BMH3,Q1148-02.25BMH3,PIA,"PIA Co.,Ltd.","AA1344, AA1403",2,2,2026-08-23,2200,18736.0,18736.0,0.0,0.0,0,0,0.0,0.0,0.0,0.0,A급,30,60,,,0.0,0.0,34384.8,Y,신제품
P1149A-02.00BMC3,-02.00,PIA D_BAGUMORE ICHIGO LATTE _55% UV 15.0,R1149-02.00BMC3,Q1149-02.00BMC3,PIA,"PIA Co.,Ltd.","AA1344, AA1403",2,2,2026-08-23,3200,19770.0,16835.0,2941.0,2547.0,3040,0,8528.0,0.0,0.0,0.0,A급,30,60,,,0.4313606474456247,0.0,34198.0,Y,신제품
P1061A-03.50CRW3,-03.50,PIA D_Cherish Brown_55% UV 14.2,R1061-03.50CRW3,Q1061-03.50CRW3,PIA,"PIA Co.,Ltd.",AA1447,1,1,2026-08-20,1800,18878.0,18878.0,0.0,0.0,0,0,0.0,17010.0,61200.0,50.30735294117648,A급,30,60,생산유지,부족은 있으나 DOI가 기준 범위 또는 상한 내,0.0,0.901048839919483,33669.9,,계산됨
P1061A-03.75CRW3,-03.75,PIA D_Cherish Brown_55% UV 14.2,R1061-03.75CRW3,Q1061-03.75CRW3,PIA,"PIA Co.,Ltd.",AA1447,1,1,2026-08-20,2100,18560.0,18560.0,0.0,0.0,0,0,0.0,12010.0,60200.0,36.10980066445183,A급,30,60,생산유지,부족은 있으나 DOI가 기준 범위 또는 상한 내,0.0,0.6470905172413793,33437.5,,계산됨
P1061A-04.50CRW3,-04.50,PIA D_Cherish Brown_55% UV 14.2,R1061-04.50CRW3,Q1061-04.50CRW3,PIA,"PIA Co.,Ltd.",AA1447,1,1,2026-08-20,1600,18536.0,18536.0,0.0,0.0,0,0,0.0,12275.0,52200.0,42.56273946360154,A급,30,60,생산유지,부족은 있으나 DOI가 기준 범위 또는 상한 내,0.0,0.6622248597324126,33231.05,,계산됨
P1095A-03.50PBN3,-03.50,Clalen D_Pink brown_55%(중국_축고정),R1095-03.50PBN3,Q1095-03.50PBN3,"CHINA/IRIS, HEARTS/TopTrend","INTEROJO CHINA CO., LTD, Beautyicon International co., Ltd.","DD1523, DD1787, JJ0066",3,3,2026-08-24,1300,17797.0,17797.0,0.0,0.0,0,0,0.0,0.0,0.0,0.0,A급,0,45,,,0.0,0.0,32424.6,Y,신제품
P1095A-02.50PBN3,-02.50,Clalen D_Pink brown_55%(중국_축고정),R1095-02.50PBN3,Q1095-02.50PBN3,"CHINA/IRIS, HEARTS/TopTrend","INTEROJO CHINA CO., LTD, Beautyicon International co., Ltd.","DD1523, DD1787, JJ0066",3,3,2026-08-24,1300,17796.0,17796.0,0.0,0.0,0,0,0.0,0.0,0.0,0.0,A급,0,45,,,0.0,0.0,32422.800000000003,Y,신제품
P1095A-03.00PBN3,-03.00,Clalen D_Pink brown_55%(중국_축고정),R1095-03.00PBN3,Q1095-03.00PBN3,"CHINA/IRIS, HEARTS/TopTrend","INTEROJO CHINA CO., LTD, Beautyicon International co., Ltd.","DD1523, DD1787, JJ0066",3,3,2026-08-24,1300,17796.0,17796.0,0.0,0.0,0,0,0.0,0.0,0.0,0.0,A급,0,45,,,0.0,0.0,32422.800000000003,Y,신제품
P1095A-04.00PBN3,-04.00,Clalen D_Pink brown_55%(중국_축고정),R1095-04.00PBN3,Q1095-04.00PBN3,"CHINA/IRIS, HEARTS/TopTrend","INTEROJO CHINA CO., LTD, Beautyicon International co., Ltd.","DD1523, DD1787, JJ0066",3,3,2026-08-24,1300,17796.0,17796.0,0.0,0.0,0,0,0.0,0.0,0.0,0.0,A급,0,45,,,0.0,0.0,32422.800000000003,Y,신제품
P1095A-04.50PBN3,-04.50,Clalen D_Pink brown_55%(중국_축고정),R1095-04.50PBN3,Q1095-04.50PBN3,"CHINA/IRIS, HEARTS/TopTrend","INTEROJO CHINA CO., LTD, Beautyicon International co., Ltd.","DD1523, DD1787, JJ0066",3,3,2026-08-24,1300,17796.0,17796.0,0.0,0.0,0,0,0.0,0.0,0.0,0.0,A급,0,45,,,0.0,0.0,32422.800000000003,Y,신제품
P1095A-05.00PBN3,-05.00,Clalen D_Pink brown_55%(중국_축고정),R1095-05.00PBN3,Q1095-05.00PBN3,"CHINA/IRIS, HEARTS/TopTrend","INTEROJO CHINA CO., LTD, Beautyicon International co., Ltd.","DD1523, DD1787, JJ0066",3,3,2026-08-24,1300,17796.0,17796.0,0.0,0.0,0,0,0.0,0.0,0.0,0.0,A급,0,45,,,0.0,0.0,32422.800000000003,Y,신제품
P1098A-02.50PPE3,-02.50,Clalen D_Purple_55%(중국_축고정),R1098-02.50PPE3,Q1098-02.50PPE3,"CHINA/IRIS, HEARTS/TopTrend","INTEROJO CHINA CO., LTD, Beautyicon International co., Ltd.","DD1523, DD1787, JJ0066",3,3,2026-08-24,1300,17796.0,17796.0,0.0,0.0,0,0,0.0,0.0,0.0,0.0,A급,0,45,,,0.0,0.0,32422.800000000003,Y,신제품
P1098A-03.00PPE3,-03.00,Clalen D_Purple_55%(중국_축고정),R1098-03.00PPE3,Q1098-03.00PPE3,"CHINA/IRIS, HEARTS/TopTrend","INTEROJO CHINA CO., LTD, Beautyicon International co., Ltd.","DD1523, DD1787, JJ0066",3,3,2026-08-24,1300,17796.0,17796.0,0.0,0.0,0,0,0.0,0.0,0.0,0.0,A급,0,45,,,0.0,0.0,32422.800000000003,Y,신제품
P1098A-03.50PPE3,-03.50,Clalen D_Purple_55%(중국_축고정),R1098-03.50PPE3,Q1098-03.50PPE3,"CHINA/IRIS, HEARTS/TopTrend","INTEROJO CHINA CO., LTD, Beautyicon International co., Ltd.","DD1523, DD1787, JJ0066",3,3,2026-08-24,1300,17796.0,17796.0,0.0,0.0,0,0,0.0,0.0,0.0,0.0,A급,0,45,,,0.0,0.0,32422.800000000003,Y,신제품
P1098A-04.00PPE3,-04.00,Clalen D_Purple_55%(중국_축고정),R1098-04.00PPE3,Q1098-04.00PPE3,"CHINA/IRIS, HEARTS/TopTrend","INTEROJO CHINA CO., LTD, Beautyicon International co., Ltd.","DD1523, DD1787, JJ0066",3,3,2026-08-24,1300,17796.0,17796.0,0.0,0.0,0,0,0.0,0.0,0.0,0.0,A급,0,45,,,0.0,0.0,32422.800000000003,Y,신제품
P1098A-04.50PPE3,-04.50,Clalen D_Purple_55%(중국_축고정),R1098-04.50PPE3,Q1098-04.50PPE3,"CHINA/IRIS, HEARTS/TopTrend","INTEROJO CHINA CO., LTD, Beautyicon International co., Ltd.","DD1523, DD1787, JJ0066",3,3,2026-08-24,1300,17796.0,17796.0,0.0,0.0,0,0,0.0,0.0,0.0,0.0,A급,0,45,,,0.0,0.0,32422.800000000003,Y,신제품
P1098A-05.00PPE3,-05.00,Clalen D_Purple_55%(중국_축고정),R1098-05.00PPE3,Q1098-05.00PPE3,"CHINA/IRIS, HEARTS/TopTrend","INTEROJO CHINA CO., LTD, Beautyicon International co., Ltd.","DD1523, DD1787, JJ0066",3,3,2026-08-24,1300,17796.0,17796.0,0.0,0.0,0,0,0.0,0.0,0.0,0.0,A급,0,45,,,0.0,0.0,32422.800000000003,Y,신제품
P1099A-02.50ABN3,-02.50,Clalen D_Ash brown_55%(중국_축고정),R1099-02.50ABN3,Q1099-02.50ABN3,"CHINA/IRIS, HEARTS/TopTrend","INTEROJO CHINA CO., LTD, Beautyicon International co., Ltd.","DD1523, DD1787, JJ0066",3,3,2026-08-24,1300,17796.0,17796.0,0.0,0.0,0,0,0.0,0.0,0.0,0.0,A급,0,45,,,0.0,0.0,32422.800000000003,Y,신제품
P1099A-03.00ABN3,-03.00,Clalen D_Ash brown_55%(중국_축고정),R1099-03.00ABN3,Q1099-03.00ABN3,"CHINA/IRIS, HEARTS/TopTrend","INTEROJO CHINA CO., LTD, Beautyicon International co., Ltd.","DD1523, DD1787, JJ0066",3,3,2026-08-24,1300,17796.0,17796.0,0.0,0.0,0,0,0.0,0.0,0.0,0.0,A급,0,45,,,0.0,0.0,32422.800000000003,Y,신제품
P1099A-03.50ABN3,-03.50,Clalen D_Ash brown_55%(중국_축고정),R1099-03.50ABN3,Q1099-03.50ABN3,"CHINA/IRIS, HEARTS/TopTrend","INTEROJO CHINA CO., LTD, Beautyicon International co., Ltd.","DD1523, DD1787, JJ0066",3,3,2026-08-24,1300,17796.0,17796.0,0.0,0.0,0,0,0.0,0.0,0.0,0.0,A급,0,45,,,0.0,0.0,32422.800000000003,Y,신제품
P1099A-04.00ABN3,-04.00,Clalen D_Ash brown_55%(중국_축고정),R1099-04.00ABN3,Q1099-04.00ABN3,"CHINA/IRIS, HEARTS/TopTrend","INTEROJO CHINA CO., LTD, Beautyicon International co., Ltd.","DD1523, DD1787, JJ0066",3,3,2026-08-24,1300,17796.0,17796.0,0.0,0.0,0,0,0.0,0.0,0.0,0.0,A급,0,45,,,0.0,0.0,32422.800000000003,Y,신제품
P1099A-04.50ABN3,-04.50,Clalen D_Ash brown_55%(중국_축고정),R1099-04.50ABN3,Q1099-04.50ABN3,"CHINA/IRIS, HEARTS/TopTrend","INTEROJO CHINA CO., LTD, Beautyicon International co., Ltd.","DD1523, DD1787, JJ0066",3,3,2026-08-24,1300,17796.0,17796.0,0.0,0.0,0,0,0.0,0.0,0.0,0.0,A급,0,45,,,0.0,0.0,32422.800000000003,Y,신제품
P1099A-05.00ABN3,-05.00,Clalen D_Ash brown_55%(중국_축고정),R1099-05.00ABN3,Q1099-05.00ABN3,"CHINA/IRIS, HEARTS/TopTrend","INTEROJO CHINA CO., LTD, Beautyicon International co., Ltd.","DD1523, DD1787, JJ0066",3,3,2026-08-24,1300,17796.0,17796.0,0.0,0.0,0,0,0.0,0.0,0.0,0.0,A급,0,45,,,0.0,0.0,32422.800000000003,Y,신제품
P1173A-01.25MCM3,-01.25,PIA D_Mocha melt_55% UV 14.5,R1173-01.25MCM3,Q1173-01.25MCM3,PIA,"PIA Co.,Ltd.","AA1431, AA1432, AA1437",3,3,2026-09-13,1300,17796.0,17796.0,0.0,0.0,0,0,0.0,0.0,0.0,0.0,A급,30,60,생산최우선,P코드 기준 부족/사출부족이 상위권이고 DOI가 기준 미달,0.0,0.0,32422.800000000003,,재고없음
P1173A-02.25MCM3,-02.25,PIA D_Mocha melt_55% UV 14.5,R1173-02.25MCM3,Q1173-02.25MCM3,PIA,"PIA Co.,Ltd.","AA1431, AA1432, AA1437",3,3,2026-09-13,1300,17796.0,17796.0,0.0,0.0,0,0,0.0,0.0,0.0,0.0,A급,30,60,생산최우선,P코드 기준 부족/사출부족이 상위권이고 DOI가 기준 미달,0.0,0.0,32422.800000000003,,재고없음
P1173A-03.25MCM3,-03.25,PIA D_Mocha melt_55% UV 14.5,R1173-03.25MCM3,Q1173-03.25MCM3,PIA,"PIA Co.,Ltd.","AA1431, AA1432, AA1437",3,3,2026-09-13,1300,17796.0,17796.0,0.0,0.0,0,0,0.0,0.0,0.0,0.0,A급,30,60,생산최우선,P코드 기준 부족/사출부족이 상위권이고 DOI가 기준 미달,0.0,0.0,32422.800000000003,,재고없음
P1173A-04.25MCM3,-04.25,PIA D_Mocha melt_55% UV 14.5,R1173-04.25MCM3,Q1173-04.25MCM3,PIA,"PIA Co.,Ltd.","AA1431, AA1432, AA1437",3,3,2026-09-13,1300,17796.0,17796.0,0.0,0.0,0,0,0.0,0.0,0.0,0.0,A급,30,60,생산최우선,P코드 기준 부족/사출부족이 상위권이고 DOI가 기준 미달,0.0,0.0,32422.800000000003,,재고없음
P1173A-04.50MCM3,-04.50,PIA D_Mocha melt_55% UV 14.5,R1173-04.50MCM3,Q1173-04.50MCM3,PIA,"PIA Co.,Ltd.","AA1431, AA1432, AA1437",3,3,2026-09-13,1300,17796.0,17796.0,0.0,0.0,0,0,0.0,0.0,0.0,0.0,A급,30,60,생산최우선,P코드 기준 부족/사출부족이 상위권이고 DOI가 기준 미달,0.0,0.0,32422.800000000003,,재고없음
P1173A-05.00MCM3,-05.00,PIA D_Mocha melt_55% UV 14.5,R1173-05.00MCM3,Q1173-05.00MCM3,PIA,"PIA Co.,Ltd.","AA1431, AA1432, AA1437",3,3,2026-09-13,1300,17796.0,17796.0,0.0,0.0,0,0,0.0,0.0,0.0,0.0,A급,30,60,생산최우선,P코드 기준 부족/사출부족이 상위권이고 DOI가 기준 미달,0.0,0.0,32422.800000000003,,재고없음
P1174A-01.25BNS3,-01.25,PIA D_Burn Sugar_55% UV 14.5,R1174-01.25BNS3,Q1174-01.25BNS3,PIA,"PIA Co.,Ltd.","AA1431, AA1432, AA1437",3,3,2026-09-13,1300,17796.0,17796.0,0.0,0.0,0,0,0.0,0.0,0.0,0.0,A급,30,60,,,0.0,0.0,32422.800000000003,Y,신제품
P1174A-02.25BNS3,-02.25,PIA D_Burn Sugar_55% UV 14.5,R1174-02.25BNS3,Q1174-02.25BNS3,PIA,"PIA Co.,Ltd.","AA1431, AA1432, AA1437",3,3,2026-09-13,1300,17796.0,17796.0,0.0,0.0,0,0,0.0,0.0,0.0,0.0,A급,30,60,,,0.0,0.0,32422.800000000003,Y,신제품
P1174A-03.25BNS3,-03.25,PIA D_Burn Sugar_55% UV 14.5,R1174-03.25BNS3,Q1174-03.25BNS3,PIA,"PIA Co.,Ltd.","AA1431, AA1432, AA1437",3,3,2026-09-13,1300,17796.0,17796.0,0.0,0.0,0,0,0.0,0.0,0.0,0.0,A급,30,60,,,0.0,0.0,32422.800000000003,Y,신제품
P1174A-04.25BNS3,-04.25,PIA D_Burn Sugar_55% UV 14.5,R1174-04.25BNS3,Q1174-04.25BNS3,PIA,"PIA Co.,Ltd.","AA1431, AA1432, AA1437",3,3,2026-09-13,1300,17796.0,17796.0,0.0,0.0,0,0,0.0,0.0,0.0,0.0,A급,30,60,,,0.0,0.0,32422.800000000003,Y,신제품
P1174A-04.50BNS3,-04.50,PIA D_Burn Sugar_55% UV 14.5,R1174-04.50BNS3,Q1174-04.50BNS3,PIA,"PIA Co.,Ltd.","AA1431, AA1432, AA1437",3,3,2026-09-13,1300,17796.0,17796.0,0.0,0.0,0,0,0.0,0.0,0.0,0.0,A급,30,60,,,0.0,0.0,32422.800000000003,Y,신제품
P1174A-05.00BNS3,-05.00,PIA D_Burn Sugar_55% UV 14.5,R1174-05.00BNS3,Q1174-05.00BNS3,PIA,"PIA Co.,Ltd.","AA1431, AA1432, AA1437",3,3,2026-09-13,1300,17796.0,17796.0,0.0,0.0,0,0,0.0,0.0,0.0,0.0,A급,30,60,,,0.0,0.0,32422.800000000003,Y,신제품
P1175A-01.25VVM3,-01.25,PIA D_Viva Boom_55% UV 14.5,R1175-01.25VVM3,Q1175-01.25VVM3,PIA,"PIA Co.,Ltd.","AA1431, AA1432, AA1437",3,3,2026-09-13,1300,17796.0,17796.0,0.0,0.0,0,0,0.0,0.0,0.0,0.0,A급,30,60,,,0.0,0.0,32422.800000000003,Y,신제품
P1175A-02.25VVM3,-02.25,PIA D_Viva Boom_55% UV 14.5,R1175-02.25VVM3,Q1175-02.25VVM3,PIA,"PIA Co.,Ltd.","AA1431, AA1432, AA1437",3,3,2026-09-13,1300,17796.0,17796.0,0.0,0.0,0,0,0.0,0.0,0.0,0.0,A급,30,60,,,0.0,0.0,32422.800000000003,Y,신제품
P1175A-03.25VVM3,-03.25,PIA D_Viva Boom_55% UV 14.5,R1175-03.25VVM3,Q1175-03.25VVM3,PIA,"PIA Co.,Ltd.","AA1431, AA1432, AA1437",3,3,2026-09-13,1300,17796.0,17796.0,0.0,0.0,0,0,0.0,0.0,0.0,0.0,A급,30,60,,,0.0,0.0,32422.800000000003,Y,신제품
P1175A-04.25VVM3,-04.25,PIA D_Viva Boom_55% UV 14.5,R1175-04.25VVM3,Q1175-04.25VVM3,PIA,"PIA Co.,Ltd.","AA1431, AA1432, AA1437",3,3,2026-09-13,1300,17796.0,17796.0,0.0,0.0,0,0,0.0,0.0,0.0,0.0,A급,30,60,,,0.0,0.0,32422.800000000003,Y,신제품
P1175A-04.50VVM3,-04.50,PIA D_Viva Boom_55% UV 14.5,R1175-04.50VVM3,Q1175-04.50VVM3,PIA,"PIA Co.,Ltd.","AA1431, AA1432, AA1437",3,3,2026-09-13,1300,17796.0,17796.0,0.0,0.0,0,0,0.0,0.0,0.0,0.0,A급,30,60,,,0.0,0.0,32422.800000000003,Y,신제품
P1175A-05.00VVM3,-05.00,PIA D_Viva Boom_55% UV 14.5,R1175-05.00VVM3,Q1175-05.00VVM3,PIA,"PIA Co.,Ltd.","AA1431, AA1432, AA1437",3,3,2026-09-13,1300,17796.0,17796.0,0.0,0.0,0,0,0.0,0.0,0.0,0.0,A급,30,60,,,0.0,0.0,32422.800000000003,Y,신제품
P3219A-00.00ALG,-00.00,Alcon D_Allure Grey_W3C(APAC),R3219-00.00ALG,Q3219-00.00ALG,Alcon,"ALCON India, Alcon (China) Ophthalmic Product Co., Ltd","D1926, DD1789",2,2,2026-08-17,5333,17030.0,17030.0,0.0,0.0,0,0,0.0,7290.0,136090.0,9.695716070247627,A급,30,60,생산최우선,P코드 기준 부족/사출부족이 상위권이고 DOI가 기준 미달,0.0,0.42806811509101583,31889.4,,계산됨
P1146A-03.00BMB3,-03.00,PIA D_BAGUMORE BROWN_55% UV 15.0,R1146-03.00BMB3,Q1146-03.00BMB3,PIA,"PIA Co.,Ltd.",AA1403,1,1,2026-08-31,1700,16835.0,16835.0,0.0,0.0,0,0,0.0,0.0,0.0,0.0,A급,30,60,,,0.0,0.0,30813.0,Y,신제품
P1147A-01.75BMG3,-01.75,PIA D_BAGUMORE GRAY_55% UV 15.0,R1147-01.75BMG3,Q1147-01.75BMG3,PIA,"PIA Co.,Ltd.","AA1344, AA1403",2,2,2026-08-23,2600,17499.0,15638.0,0.0,0.0,2185,0,2185.0,0.0,0.0,0.0,A급,30,60,,,0.1248642779587405,0.0,30789.4,Y,신제품
P1147A-06.00BMG3,-06.00,PIA D_BAGUMORE GRAY_55% UV 15.0,R1147-06.00BMG3,Q1147-06.00BMG3,PIA,"PIA Co.,Ltd.",AA1403,1,1,2026-08-31,1500,16662.0,16662.0,0.0,0.0,0,0,0.0,0.0,0.0,0.0,A급,30,60,,,0.0,0.0,30441.6,Y,신제품
P1061A-03.25CRW3,-03.25,PIA D_Cherish Brown_55% UV 14.2,R1061-03.25CRW3,Q1061-03.25CRW3,PIA,"PIA Co.,Ltd.",AA1447,1,1,2026-08-20,1900,16877.0,16877.0,0.0,0.0,0,0,0.0,14090.0,48200.0,52.91058091286308,A급,30,60,생산유지,부족은 있으나 DOI가 기준 범위 또는 상한 내,0.0,0.8348640161166084,30244.1,,계산됨
P7013A-00.00GAN,-00.00,PIA D_Garnet_38% UV,R7013-00.00GAN,Q7013-00.00GAN,PIA,"PIA Co.,Ltd.",AA1449,1,1,2026-08-20,2400,16653.0,16653.0,0.0,0.0,0,0,0.0,9855.0,85200.0,20.93609154929577,A급,30,60,생산우선,부족이 있으나 완제품 DOI가 기준 미달,0.0,0.5917852639164115,30202.65,,계산됨
P1147A-02.50BMG3,-02.50,PIA D_BAGUMORE GRAY_55% UV 15.0,R1147-02.50BMG3,Q1147-02.50BMG3,PIA,"PIA Co.,Ltd.","AA1344, AA1403",2,2,2026-08-23,3200,16140.0,16077.0,0.0,0.0,4245,0,4245.0,0.0,0.0,0.0,A급,30,60,,,0.26301115241635686,0.0,29961.6,Y,신제품
P1096A-03.50GEN3,-03.50,Clalen D_Green_55%(중국_축고정),R1096-03.50GEN3,Q1096-03.50GEN3,"CHINA/IRIS, HEARTS/TopTrend","INTEROJO CHINA CO., LTD, Beautyicon International co., Ltd.","DD1523, DD1787, JJ0066",3,3,2026-08-24,1200,16428.0,16428.0,0.0,0.0,0,0,0.0,0.0,0.0,0.0,B급,0,45,,,0.0,0.0,29930.4,Y,신제품
P1099A-03.75ABN3,-03.75,Clalen D_Ash brown_55%(중국_축고정),R1099-03.75ABN3,Q1099-03.75ABN3,"CHINA/IRIS, HEARTS/TopTrend","INTEROJO CHINA CO., LTD, Beautyicon International co., Ltd.","DD1523, DD1787, JJ0066",3,3,2026-08-24,1200,16428.0,16428.0,0.0,0.0,0,0,0.0,0.0,0.0,0.0,B급,0,45,,,0.0,0.0,29930.4,Y,신제품
P1095A-03.75PBN3,-03.75,Clalen D_Pink brown_55%(중국_축고정),R1095-03.75PBN3,Q1095-03.75PBN3,"CHINA/IRIS, HEARTS/TopTrend","INTEROJO CHINA CO., LTD, Beautyicon International co., Ltd.","DD1523, DD1787, JJ0066",3,3,2026-08-24,1200,16427.0,16427.0,0.0,0.0,0,0,0.0,0.0,0.0,0.0,B급,0,45,,,0.0,0.0,29928.6,Y,신제품
P1095A-04.75PBN3,-04.75,Clalen D_Pink brown_55%(중국_축고정),R1095-04.75PBN3,Q1095-04.75PBN3,"CHINA/IRIS, HEARTS/TopTrend","INTEROJO CHINA CO., LTD, Beautyicon International co., Ltd.","DD1523, DD1787, JJ0066",3,3,2026-08-24,1200,16427.0,16427.0,0.0,0.0,0,0,0.0,0.0,0.0,0.0,B급,0,45,,,0.0,0.0,29928.6,Y,신제품
P1095A-05.50PBN3,-05.50,Clalen D_Pink brown_55%(중국_축고정),R1095-05.50PBN3,Q1095-05.50PBN3,"CHINA/IRIS, HEARTS/TopTrend","INTEROJO CHINA CO., LTD, Beautyicon International co., Ltd.","DD1523, DD1787, JJ0066",3,3,2026-08-24,1200,16427.0,16427.0,0.0,0.0,0,0,0.0,0.0,0.0,0.0,B급,0,45,,,0.0,0.0,29928.6,Y,신제품
P1096A-02.50GEN3,-02.50,Clalen D_Green_55%(중국_축고정),R1096-02.50GEN3,Q1096-02.50GEN3,"CHINA/IRIS, HEARTS/TopTrend","INTEROJO CHINA CO., LTD, Beautyicon International co., Ltd.","DD1523, DD1787, JJ0066",3,3,2026-08-24,1200,16427.0,16427.0,0.0,0.0,0,0,0.0,0.0,0.0,0.0,B급,0,45,,,0.0,0.0,29928.6,Y,신제품
P1096A-03.00GEN3,-03.00,Clalen D_Green_55%(중국_축고정),R1096-03.00GEN3,Q1096-03.00GEN3,"CHINA/IRIS, HEARTS/TopTrend","INTEROJO CHINA CO., LTD, Beautyicon International co., Ltd.","DD1523, DD1787, JJ0066",3,3,2026-08-24,1200,16427.0,16427.0,0.0,0.0,0,0,0.0,0.0,0.0,0.0,B급,0,45,,,0.0,0.0,29928.6,Y,신제품
P1096A-04.00GEN3,-04.00,Clalen D_Green_55%(중국_축고정),R1096-04.00GEN3,Q1096-04.00GEN3,"CHINA/IRIS, HEARTS/TopTrend","INTEROJO CHINA CO., LTD, Beautyicon International co., Ltd.","DD1523, DD1787, JJ0066",3,3,2026-08-24,1200,16427.0,16427.0,0.0,0.0,0,0,0.0,0.0,0.0,0.0,B급,0,45,,,0.0,0.0,29928.6,Y,신제품
P1096A-04.50GEN3,-04.50,Clalen D_Green_55%(중국_축고정),R1096-04.50GEN3,Q1096-04.50GEN3,"CHINA/IRIS, HEARTS/TopTrend","INTEROJO CHINA CO., LTD, Beautyicon International co., Ltd.","DD1523, DD1787, JJ0066",3,3,2026-08-24,1200,16427.0,16427.0,0.0,0.0,0,0,0.0,0.0,0.0,0.0,B급,0,45,,,0.0,0.0,29928.6,Y,신제품
P1096A-05.00GEN3,-05.00,Clalen D_Green_55%(중국_축고정),R1096-05.00GEN3,Q1096-05.00GEN3,"CHINA/IRIS, HEARTS/TopTrend","INTEROJO CHINA CO., LTD, Beautyicon International co., Ltd.","DD1523, DD1787, JJ0066",3,3,2026-08-24,1200,16427.0,16427.0,0.0,0.0,0,0,0.0,0.0,0.0,0.0,B급,0,45,,,0.0,0.0,29928.6,Y,신제품
P1098A-03.75PPE3,-03.75,Clalen D_Purple_55%(중국_축고정),R1098-03.75PPE3,Q1098-03.75PPE3,"CHINA/IRIS, HEARTS/TopTrend","INTEROJO CHINA CO., LTD, Beautyicon International co., Ltd.","DD1523, DD1787, JJ0066",3,3,2026-08-24,1200,16427.0,16427.0,0.0,0.0,0,0,0.0,0.0,0.0,0.0,B급,0,45,,,0.0,0.0,29928.6,Y,신제품
P1098A-04.75PPE3,-04.75,Clalen D_Purple_55%(중국_축고정),R1098-04.75PPE3,Q1098-04.75PPE3,"CHINA/IRIS, HEARTS/TopTrend","INTEROJO CHINA CO., LTD, Beautyicon International co., Ltd.","DD1523, DD1787, JJ0066",3,3,2026-08-24,1200,16427.0,16427.0,0.0,0.0,0,0,0.0,0.0,0.0,0.0,B급,0,45,,,0.0,0.0,29928.6,Y,신제품
P1098A-05.50PPE3,-05.50,Clalen D_Purple_55%(중국_축고정),R1098-05.50PPE3,Q1098-05.50PPE3,"CHINA/IRIS, HEARTS/TopTrend","INTEROJO CHINA CO., LTD, Beautyicon International co., Ltd.","DD1523, DD1787, JJ0066",3,3,2026-08-24,1200,16427.0,16427.0,0.0,0.0,0,0,0.0,0.0,0.0,0.0,B급,0,45,,,0.0,0.0,29928.6,Y,신제품
P1099A-04.75ABN3,-04.75,Clalen D_Ash brown_55%(중국_축고정),R1099-04.75ABN3,Q1099-04.75ABN3,"CHINA/IRIS, HEARTS/TopTrend","INTEROJO CHINA CO., LTD, Beautyicon International co., Ltd.","DD1523, DD1787, JJ0066",3,3,2026-08-24,1200,16427.0,16427.0,0.0,0.0,0,0,0.0,0.0,0.0,0.0,B급,0,45,,,0.0,0.0,29928.6,Y,신제품
P1099A-05.50ABN3,-05.50,Clalen D_Ash brown_55%(중국_축고정),R1099-05.50ABN3,Q1099-05.50ABN3,"CHINA/IRIS, HEARTS/TopTrend","INTEROJO CHINA CO., LTD, Beautyicon International co., Ltd.","DD1523, DD1787, JJ0066",3,3,2026-08-24,1200,16427.0,16427.0,0.0,0.0,0,0,0.0,0.0,0.0,0.0,B급,0,45,,,0.0,0.0,29928.6,Y,신제품
P1173A-06.00MCM3,-06.00,PIA D_Mocha melt_55% UV 14.5,R1173-06.00MCM3,Q1173-06.00MCM3,PIA,"PIA Co.,Ltd.","AA1431, AA1432",2,2,2026-09-18,1200,16427.0,16427.0,0.0,0.0,0,0,0.0,0.0,0.0,0.0,B급,20,60,생산우선,부족이 있으나 완제품 DOI가 기준 미달,0.0,0.0,29928.6,,재고없음
P1174A-06.00BNS3,-06.00,PIA D_Burn Sugar_55% UV 14.5,R1174-06.00BNS3,Q1174-06.00BNS3,PIA,"PIA Co.,Ltd.","AA1431, AA1432",2,2,2026-09-18,1200,16427.0,16427.0,0.0,0.0,0,0,0.0,0.0,0.0,0.0,B급,20,60,,,0.0,0.0,29928.6,Y,신제품
P1175A-06.00VVM3,-06.00,PIA D_Viva Boom_55% UV 14.5,R1175-06.00VVM3,Q1175-06.00VVM3,PIA,"PIA Co.,Ltd.","AA1431, AA1432",2,2,2026-09-18,1200,16427.0,16427.0,0.0,0.0,0,0,0.0,0.0,0.0,0.0,B급,20,60,,,0.0,0.0,29928.6,Y,신제품
P1144A-05.50BMP3,-05.50,PIA D_BAGUMORE PINK_55% UV 15.0,R1144-05.50BMP3,Q1144-05.50BMP3,PIA,"PIA Co.,Ltd.","AA1344, AA1403",2,2,2026-08-23,2900,16371.0,15585.0,0.0,0.0,1115,0,1115.0,0.0,0.0,0.0,A급,30,60,,,0.06810824018080752,0.0,29709.0,Y,신제품
P1147A-04.00BMG3,-04.00,PIA D_BAGUMORE GRAY_55% UV 15.0,R1147-04.00BMG3,Q1147-04.00BMG3,PIA,"PIA Co.,Ltd.","AA1344, AA1403",2,2,2026-08-23,3000,16739.0,14920.0,2544.0,1123.0,1695,1820,7182.0,0.0,0.0,0.0,A급,30,60,,,0.42905788876276957,0.0,29575.0,Y,신제품
P1147A-05.00BMG3,-05.00,PIA D_BAGUMORE GRAY_55% UV 15.0,R1147-05.00BMG3,Q1147-05.00BMG3,PIA,"PIA Co.,Ltd.",AA1403,1,1,2026-08-31,1500,16170.0,16170.0,0.0,0.0,0,0,0.0,0.0,0.0,0.0,A급,30,60,,,0.0,0.0,29556.0,Y,신제품
P1144A-01.75BMP3,-01.75,PIA D_BAGUMORE PINK_55% UV 15.0,R1144-01.75BMP3,Q1144-01.75BMP3,PIA,"PIA Co.,Ltd.",AA1403,1,1,2026-08-31,1200,15771.0,15771.0,0.0,0.0,0,0,0.0,0.0,0.0,0.0,B급,20,60,,,0.0,0.0,28747.800000000003,Y,신제품
P1148A-05.50BMH3,-05.50,PIA D_BAGUMORE HONEY LATTE_55% UV 15.0,R1148-05.50BMH3,Q1148-05.50BMH3,PIA,"PIA Co.,Ltd.","AA1344, AA1403",2,2,2026-08-23,2900,16103.0,14707.0,1937.0,0.0,0,1405,3342.0,0.0,0.0,0.0,A급,30,60,,,0.20753896789418122,0.0,28738.6,Y,신제품
P1144A-02.50BMP3,-02.50,PIA D_BAGUMORE PINK_55% UV 15.0,R1144-02.50BMP3,Q1144-02.50BMP3,PIA,"PIA Co.,Ltd.",AA1403,1,1,2026-08-31,1600,15518.0,15518.0,2095.0,0.0,0,0,2095.0,0.0,0.0,0.0,A급,30,60,,,0.1350045108905787,0.0,28412.4,Y,신제품
P1147A-03.00BMG3,-03.00,PIA D_BAGUMORE GRAY_55% UV 15.0,R1147-03.00BMG3,Q1147-03.00BMG3,PIA,"PIA Co.,Ltd.","AA1344, AA1403",2,2,2026-08-23,3600,15280.0,14721.0,2576.0,4956.0,0,0,7532.0,0.0,0.0,0.0,A급,30,60,,,0.4929319371727749,0.0,28136.800000000003,Y,신제품
P1144A-03.50BMP3,-03.50,PIA D_BAGUMORE PINK_55% UV 15.0,R1144-03.50BMP3,Q1144-03.50BMP3,PIA,"PIA Co.,Ltd.",AA1403,1,1,2026-08-31,1400,15372.0,15372.0,0.0,0.0,0,0,0.0,0.0,0.0,0.0,B급,20,60,,,0.0,0.0,28089.6,Y,신제품
P1095A-03.25PBN3,-03.25,Clalen D_Pink brown_55%(중국_축고정),R1095-03.25PBN3,Q1095-03.25PBN3,"CHINA/IRIS, HEARTS/TopTrend","INTEROJO CHINA CO., LTD, Beautyicon International co., Ltd.","DD1523, DD1787, JJ0066",3,3,2026-08-24,1120,15332.0,15332.0,0.0,0.0,0,0,0.0,0.0,0.0,0.0,B급,0,45,,,0.0,0.0,27933.6,Y,신제품
P1095A-04.25PBN3,-04.25,Clalen D_Pink brown_55%(중국_축고정),R1095-04.25PBN3,Q1095-04.25PBN3,"CHINA/IRIS, HEARTS/TopTrend","INTEROJO CHINA CO., LTD, Beautyicon International co., Ltd.","DD1523, DD1787, JJ0066",3,3,2026-08-24,1120,15332.0,15332.0,0.0,0.0,0,0,0.0,0.0,0.0,0.0,B급,0,45,,,0.0,0.0,27933.6,Y,신제품
P1098A-03.25PPE3,-03.25,Clalen D_Purple_55%(중국_축고정),R1098-03.25PPE3,Q1098-03.25PPE3,"CHINA/IRIS, HEARTS/TopTrend","INTEROJO CHINA CO., LTD, Beautyicon International co., Ltd.","DD1523, DD1787, JJ0066",3,3,2026-08-24,1120,15332.0,15332.0,0.0,0.0,0,0,0.0,0.0,0.0,0.0,B급,0,45,,,0.0,0.0,27933.6,Y,신제품
P1098A-04.25PPE3,-04.25,Clalen D_Purple_55%(중국_축고정),R1098-04.25PPE3,Q1098-04.25PPE3,"CHINA/IRIS, HEARTS/TopTrend","INTEROJO CHINA CO., LTD, Beautyicon International co., Ltd.","DD1523, DD1787, JJ0066",3,3,2026-08-24,1120,15332.0,15332.0,0.0,0.0,0,0,0.0,0.0,0.0,0.0,B급,0,45,,,0.0,0.0,27933.6,Y,신제품
P1099A-03.25ABN3,-03.25,Clalen D_Ash brown_55%(중국_축고정),R1099-03.25ABN3,Q1099-03.25ABN3,"CHINA/IRIS, HEARTS/TopTrend","INTEROJO CHINA CO., LTD, Beautyicon International co., Ltd.","DD1523, DD1787, JJ0066",3,3,2026-08-24,1120,15332.0,15332.0,0.0,0.0,0,0,0.0,0.0,0.0,0.0,B급,0,45,,,0.0,0.0,27933.6,Y,신제품
P1099A-04.25ABN3,-04.25,Clalen D_Ash brown_55%(중국_축고정),R1099-04.25ABN3,Q1099-04.25ABN3,"CHINA/IRIS, HEARTS/TopTrend","INTEROJO CHINA CO., LTD, Beautyicon International co., Ltd.","DD1523, DD1787, JJ0066",3,3,2026-08-24,1120,15332.0,15332.0,0.0,0.0,0,0,0.0,0.0,0.0,0.0,B급,0,45,,,0.0,0.0,27933.6,Y,신제품
P1061A-04.75CRW3,-04.75,PIA D_Cherish Brown_55% UV 14.2,R1061-04.75CRW3,Q1061-04.75CRW3,PIA,"PIA Co.,Ltd.",AA1447,1,1,2026-08-20,1600,15394.0,15394.0,0.0,0.0,0,0,0.0,10800.0,46200.0,42.31168831168831,A급,30,60,생산유지,부족은 있으나 DOI가 기준 범위 또는 상한 내,0.0,0.7015720410549565,27649.2,,계산됨
P1095A-06.00PBN3,-06.00,Clalen D_Pink brown_55%(중국_축고정),R1095-06.00PBN3,Q1095-06.00PBN3,"CHINA/IRIS, HEARTS/TopTrend","INTEROJO CHINA CO., LTD, Beautyicon International co., Ltd.","DD1523, DD1787, JJ0066",3,3,2026-08-24,1100,15058.0,15058.0,0.0,0.0,0,0,0.0,0.0,0.0,0.0,B급,0,45,,,0.0,0.0,27434.4,Y,신제품
P1095A-06.50PBN3,-06.50,Clalen D_Pink brown_55%(중국_축고정),R1095-06.50PBN3,Q1095-06.50PBN3,"CHINA/IRIS, HEARTS/TopTrend","INTEROJO CHINA CO., LTD, Beautyicon International co., Ltd.","DD1523, DD1787, JJ0066",3,3,2026-08-24,1100,15058.0,15058.0,0.0,0.0,0,0,0.0,0.0,0.0,0.0,B급,0,45,,,0.0,0.0,27434.4,Y,신제품
P1096A-03.75GEN3,-03.75,Clalen D_Green_55%(중국_축고정),R1096-03.75GEN3,Q1096-03.75GEN3,"CHINA/IRIS, HEARTS/TopTrend","INTEROJO CHINA CO., LTD, Beautyicon International co., Ltd.","DD1523, DD1787, JJ0066",3,3,2026-08-24,1100,15058.0,15058.0,0.0,0.0,0,0,0.0,0.0,0.0,0.0,B급,0,45,,,0.0,0.0,27434.4,Y,신제품
P1096A-04.75GEN3,-04.75,Clalen D_Green_55%(중국_축고정),R1096-04.75GEN3,Q1096-04.75GEN3,"CHINA/IRIS, HEARTS/TopTrend","INTEROJO CHINA CO., LTD, Beautyicon International co., Ltd.","DD1523, DD1787, JJ0066",3,3,2026-08-24,1100,15058.0,15058.0,0.0,0.0,0,0,0.0,0.0,0.0,0.0,B급,0,45,,,0.0,0.0,27434.4,Y,신제품
P1097A-02.50BRN3,-02.50,Clalen D_Beige brown_55%(중국_축고정),R1097-02.50BRN3,Q1097-02.50BRN3,CHINA/IRIS,"INTEROJO CHINA CO., LTD","DD1523, DD1787",2,2,2026-08-24,1100,15058.0,15058.0,0.0,0.0,0,0,0.0,0.0,0.0,0.0,B급,0,45,,,0.0,0.0,27434.4,Y,신제품
P1097A-03.00BRN3,-03.00,Clalen D_Beige brown_55%(중국_축고정),R1097-03.00BRN3,Q1097-03.00BRN3,CHINA/IRIS,"INTEROJO CHINA CO., LTD","DD1523, DD1787",2,2,2026-08-24,1100,15058.0,15058.0,0.0,0.0,0,0,0.0,0.0,0.0,0.0,B급,0,45,,,0.0,0.0,27434.4,Y,신제품
P1097A-03.50BRN3,-03.50,Clalen D_Beige brown_55%(중국_축고정),R1097-03.50BRN3,Q1097-03.50BRN3,CHINA/IRIS,"INTEROJO CHINA CO., LTD","DD1523, DD1787",2,2,2026-08-24,1100,15058.0,15058.0,0.0,0.0,0,0,0.0,0.0,0.0,0.0,B급,0,45,,,0.0,0.0,27434.4,Y,신제품
P1097A-04.00BRN3,-04.00,Clalen D_Beige brown_55%(중국_축고정),R1097-04.00BRN3,Q1097-04.00BRN3,CHINA/IRIS,"INTEROJO CHINA CO., LTD","DD1523, DD1787",2,2,2026-08-24,1100,15058.0,15058.0,0.0,0.0,0,0,0.0,0.0,0.0,0.0,B급,0,45,,,0.0,0.0,27434.4,Y,신제품
P1097A-04.50BRN3,-04.50,Clalen D_Beige brown_55%(중국_축고정),R1097-04.50BRN3,Q1097-04.50BRN3,CHINA/IRIS,"INTEROJO CHINA CO., LTD","DD1523, DD1787",2,2,2026-08-24,1100,15058.0,15058.0,0.0,0.0,0,0,0.0,0.0,0.0,0.0,B급,0,45,,,0.0,0.0,27434.4,Y,신제품
P1097A-05.00BRN3,-05.00,Clalen D_Beige brown_55%(중국_축고정),R1097-05.00BRN3,Q1097-05.00BRN3,CHINA/IRIS,"INTEROJO CHINA CO., LTD","DD1523, DD1787",2,2,2026-08-24,1100,15058.0,15058.0,0.0,0.0,0,0,0.0,0.0,0.0,0.0,B급,0,45,,,0.0,0.0,27434.4,Y,신제품
P1098A-06.00PPE3,-06.00,Clalen D_Purple_55%(중국_축고정),R1098-06.00PPE3,Q1098-06.00PPE3,"CHINA/IRIS, HEARTS/TopTrend","INTEROJO CHINA CO., LTD, Beautyicon International co., Ltd.","DD1523, DD1787, JJ0066",3,3,2026-08-24,1100,15058.0,15058.0,0.0,0.0,0,0,0.0,0.0,0.0,0.0,B급,0,45,,,0.0,0.0,27434.4,Y,신제품
P1098A-06.50PPE3,-06.50,Clalen D_Purple_55%(중국_축고정),R1098-06.50PPE3,Q1098-06.50PPE3,"CHINA/IRIS, HEARTS/TopTrend","INTEROJO CHINA CO., LTD, Beautyicon International co., Ltd.","DD1523, DD1787, JJ0066",3,3,2026-08-24,1100,15058.0,15058.0,0.0,0.0,0,0,0.0,0.0,0.0,0.0,B급,0,45,,,0.0,0.0,27434.4,Y,신제품
P1099A-06.00ABN3,-06.00,Clalen D_Ash brown_55%(중국_축고정),R1099-06.00ABN3,Q1099-06.00ABN3,"CHINA/IRIS, HEARTS/TopTrend","INTEROJO CHINA CO., LTD, Beautyicon International co., Ltd.","DD1523, DD1787, JJ0066",3,3,2026-08-24,1100,15058.0,15058.0,0.0,0.0,0,0,0.0,0.0,0.0,0.0,B급,0,45,,,0.0,0.0,27434.4,Y,신제품
P1099A-06.50ABN3,-06.50,Clalen D_Ash brown_55%(중국_축고정),R1099-06.50ABN3,Q1099-06.50ABN3,"CHINA/IRIS, HEARTS/TopTrend","INTEROJO CHINA CO., LTD, Beautyicon International co., Ltd.","DD1523, DD1787, JJ0066",3,3,2026-08-24,1100,15058.0,15058.0,0.0,0.0,0,0,0.0,0.0,0.0,0.0,B급,0,45,,,0.0,0.0,27434.4,Y,신제품
P1173A-00.75MCM3,-00.75,PIA D_Mocha melt_55% UV 14.5,R1173-00.75MCM3,Q1173-00.75MCM3,PIA,"PIA Co.,Ltd.","AA1431, AA1432, AA1437",3,3,2026-09-13,1100,15058.0,15058.0,0.0,0.0,0,0,0.0,0.0,0.0,0.0,B급,20,60,생산우선,부족이 있으나 완제품 DOI가 기준 미달,0.0,0.0,27434.4,,재고없음
P1173A-01.00MCM3,-01.00,PIA D_Mocha melt_55% UV 14.5,R1173-01.00MCM3,Q1173-01.00MCM3,PIA,"PIA Co.,Ltd.","AA1431, AA1432, AA1437",3,3,2026-09-13,1100,15058.0,15058.0,0.0,0.0,0,0,0.0,0.0,0.0,0.0,B급,20,60,생산우선,부족이 있으나 완제품 DOI가 기준 미달,0.0,0.0,27434.4,,재고없음
P1174A-00.75BNS3,-00.75,PIA D_Burn Sugar_55% UV 14.5,R1174-00.75BNS3,Q1174-00.75BNS3,PIA,"PIA Co.,Ltd.","AA1431, AA1432, AA1437",3,3,2026-09-13,1100,15058.0,15058.0,0.0,0.0,0,0,0.0,0.0,0.0,0.0,B급,20,60,,,0.0,0.0,27434.4,Y,신제품
P1174A-01.00BNS3,-01.00,PIA D_Burn Sugar_55% UV 14.5,R1174-01.00BNS3,Q1174-01.00BNS3,PIA,"PIA Co.,Ltd.","AA1431, AA1432, AA1437",3,3,2026-09-13,1100,15058.0,15058.0,0.0,0.0,0,0,0.0,0.0,0.0,0.0,B급,20,60,,,0.0,0.0,27434.4,Y,신제품
P1175A-00.75VVM3,-00.75,PIA D_Viva Boom_55% UV 14.5,R1175-00.75VVM3,Q1175-00.75VVM3,PIA,"PIA Co.,Ltd.","AA1431, AA1432, AA1437",3,3,2026-09-13,1100,15058.0,15058.0,0.0,0.0,0,0,0.0,0.0,0.0,0.0,B급,20,60,,,0.0,0.0,27434.4,Y,신제품
P1175A-01.00VVM3,-01.00,PIA D_Viva Boom_55% UV 14.5,R1175-01.00VVM3,Q1175-01.00VVM3,PIA,"PIA Co.,Ltd.","AA1431, AA1432, AA1437",3,3,2026-09-13,1100,15058.0,15058.0,0.0,0.0,0,0,0.0,0.0,0.0,0.0,B급,20,60,,,0.0,0.0,27434.4,Y,신제품
P1146A-05.00BMB3,-05.00,PIA D_BAGUMORE BROWN_55% UV 15.0,R1146-05.00BMB3,Q1146-05.00BMB3,PIA,"PIA Co.,Ltd.",AA1403,1,1,2026-08-31,1500,14481.0,14481.0,0.0,2395.0,1795,0,4190.0,0.0,0.0,0.0,A급,30,60,,,0.28934465851805813,0.0,26515.800000000003,Y,신제품
P1144A-05.00BMP3,-05.00,PIA D_BAGUMORE PINK_55% UV 15.0,R1144-05.00BMP3,Q1144-05.00BMP3,PIA,"PIA Co.,Ltd.",AA1403,1,1,2026-08-31,1500,14455.0,14455.0,0.0,0.0,1970,0,1970.0,0.0,0.0,0.0,A급,30,60,,,0.1362850224835697,0.0,26469.0,Y,신제품
P1147A-02.75BMG3,-02.75,PIA D_BAGUMORE GRAY_55% UV 15.0,R1147-02.75BMG3,Q1147-02.75BMG3,PIA,"PIA Co.,Ltd.",AA1403,1,1,2026-08-31,1500,14016.0,14016.0,0.0,0.0,0,2325,2325.0,0.0,0.0,0.0,A급,30,60,,,0.1658818493150685,0.0,25678.800000000003,Y,신제품
P1096A-03.25GEN3,-03.25,Clalen D_Green_55%(중국_축고정),R1096-03.25GEN3,Q1096-03.25GEN3,"CHINA/IRIS, HEARTS/TopTrend","INTEROJO CHINA CO., LTD, Beautyicon International co., Ltd.","DD1523, DD1787, JJ0066",3,3,2026-08-24,1020,13963.0,13963.0,0.0,0.0,0,0,0.0,0.0,0.0,0.0,B급,0,45,,,0.0,0.0,25439.4,Y,신제품
P1096A-04.25GEN3,-04.25,Clalen D_Green_55%(중국_축고정),R1096-04.25GEN3,Q1096-04.25GEN3,"CHINA/IRIS, HEARTS/TopTrend","INTEROJO CHINA CO., LTD, Beautyicon International co., Ltd.","DD1523, DD1787, JJ0066",3,3,2026-08-24,1020,13963.0,13963.0,0.0,0.0,0,0,0.0,0.0,0.0,0.0,B급,0,45,,,0.0,0.0,25439.4,Y,신제품
P7016A-00.00GBR,-00.00,PIA D_Glow Brown_38% UV,R7016-00.00GBR,Q7016-00.00GBR,PIA,"PIA Co.,Ltd.",AA1449,1,1,2026-08-20,2900,13958.0,13958.0,0.0,0.0,0,0,0.0,17155.0,108500.0,28.618018433179724,A급,30,60,생산우선,부족이 있으나 완제품 DOI가 기준 미달,0.0,1.2290442756841955,25136.65,,계산됨
P1061A-06.00CRW3,-06.00,PIA D_Cherish Brown_55% UV 14.2,R1061-06.00CRW3,Q1061-06.00CRW3,PIA,"PIA Co.,Ltd.",AA1447,1,1,2026-08-20,1600,14182.0,14182.0,0.0,0.0,0,0,0.0,17965.0,53200.0,61.12152255639098,A급,30,60,생산조정,"현재 DOI가 기준 상한 초과, 부족이 크지 않음",0.0,1.266746580172049,25109.35,,계산됨
P1149A-06.00BMC3,-06.00,PIA D_BAGUMORE ICHIGO LATTE _55% UV 15.0,R1149-06.00BMC3,Q1149-06.00BMC3,PIA,"PIA Co.,Ltd.",AA1403,1,1,2026-08-31,1500,13697.0,13697.0,0.0,0.0,0,0,0.0,0.0,0.0,0.0,A급,30,60,,,0.0,0.0,25104.6,Y,신제품
P1097A-03.25BRN3,-03.25,Clalen D_Beige brown_55%(중국_축고정),R1097-03.25BRN3,Q1097-03.25BRN3,CHINA/IRIS,"INTEROJO CHINA CO., LTD","DD1523, DD1787",2,2,2026-08-24,1000,13690.0,13690.0,0.0,0.0,0,0,0.0,0.0,0.0,0.0,B급,0,45,,,0.0,0.0,24942.0,Y,신제품
P1098A-02.75PPE3,-02.75,Clalen D_Purple_55%(중국_축고정),R1098-02.75PPE3,Q1098-02.75PPE3,CHINA/IRIS,"INTEROJO CHINA CO., LTD","DD1523, DD1787",2,2,2026-08-24,1000,13690.0,13690.0,0.0,0.0,0,0,0.0,0.0,0.0,0.0,B급,0,45,,,0.0,0.0,24942.0,Y,신제품
P1095A-02.75PBN3,-02.75,Clalen D_Pink brown_55%(중국_축고정),R1095-02.75PBN3,Q1095-02.75PBN3,CHINA/IRIS,"INTEROJO CHINA CO., LTD","DD1523, DD1787",2,2,2026-08-24,1000,13689.0,13689.0,0.0,0.0,0,0,0.0,0.0,0.0,0.0,B급,0,45,,,0.0,0.0,24940.2,Y,신제품
P1096A-05.50GEN3,-05.50,Clalen D_Green_55%(중국_축고정),R1096-05.50GEN3,Q1096-05.50GEN3,"CHINA/IRIS, HEARTS/TopTrend","INTEROJO CHINA CO., LTD, Beautyicon International co., Ltd.","DD1523, DD1787, JJ0066",3,3,2026-08-24,1000,13689.0,13689.0,0.0,0.0,0,0,0.0,0.0,0.0,0.0,B급,0,45,,,0.0,0.0,24940.2,Y,신제품
P1096A-06.00GEN3,-06.00,Clalen D_Green_55%(중국_축고정),R1096-06.00GEN3,Q1096-06.00GEN3,"CHINA/IRIS, HEARTS/TopTrend","INTEROJO CHINA CO., LTD, Beautyicon International co., Ltd.","DD1523, DD1787, JJ0066",3,3,2026-08-24,1000,13689.0,13689.0,0.0,0.0,0,0,0.0,0.0,0.0,0.0,B급,0,45,,,0.0,0.0,24940.2,Y,신제품
P1096A-06.50GEN3,-06.50,Clalen D_Green_55%(중국_축고정),R1096-06.50GEN3,Q1096-06.50GEN3,"CHINA/IRIS, HEARTS/TopTrend","INTEROJO CHINA CO., LTD, Beautyicon International co., Ltd.","DD1523, DD1787, JJ0066",3,3,2026-08-24,1000,13689.0,13689.0,0.0,0.0,0,0,0.0,0.0,0.0,0.0,B급,0,45,,,0.0,0.0,24940.2,Y,신제품
P1097A-02.75BRN3,-02.75,Clalen D_Beige brown_55%(중국_축고정),R1097-02.75BRN3,Q1097-02.75BRN3,CHINA/IRIS,"INTEROJO CHINA CO., LTD","DD1523, DD1787",2,2,2026-08-24,1000,13689.0,13689.0,0.0,0.0,0,0,0.0,0.0,0.0,0.0,B급,0,45,,,0.0,0.0,24940.2,Y,신제품
P1097A-03.75BRN3,-03.75,Clalen D_Beige brown_55%(중국_축고정),R1097-03.75BRN3,Q1097-03.75BRN3,CHINA/IRIS,"INTEROJO CHINA CO., LTD","DD1523, DD1787",2,2,2026-08-24,1000,13689.0,13689.0,0.0,0.0,0,0,0.0,0.0,0.0,0.0,B급,0,45,,,0.0,0.0,24940.2,Y,신제품
P1097A-04.25BRN3,-04.25,Clalen D_Beige brown_55%(중국_축고정),R1097-04.25BRN3,Q1097-04.25BRN3,CHINA/IRIS,"INTEROJO CHINA CO., LTD","DD1523, DD1787",2,2,2026-08-24,1000,13689.0,13689.0,0.0,0.0,0,0,0.0,0.0,0.0,0.0,B급,0,45,,,0.0,0.0,24940.2,Y,신제품
P1097A-04.75BRN3,-04.75,Clalen D_Beige brown_55%(중국_축고정),R1097-04.75BRN3,Q1097-04.75BRN3,CHINA/IRIS,"INTEROJO CHINA CO., LTD","DD1523, DD1787",2,2,2026-08-24,1000,13689.0,13689.0,0.0,0.0,0,0,0.0,0.0,0.0,0.0,B급,0,45,,,0.0,0.0,24940.2,Y,신제품
P1097A-05.50BRN3,-05.50,Clalen D_Beige brown_55%(중국_축고정),R1097-05.50BRN3,Q1097-05.50BRN3,CHINA/IRIS,"INTEROJO CHINA CO., LTD","DD1523, DD1787",2,2,2026-08-24,1000,13689.0,13689.0,0.0,0.0,0,0,0.0,0.0,0.0,0.0,B급,0,45,,,0.0,0.0,24940.2,Y,신제품
P1099A-02.75ABN3,-02.75,Clalen D_Ash brown_55%(중국_축고정),R1099-02.75ABN3,Q1099-02.75ABN3,CHINA/IRIS,"INTEROJO CHINA CO., LTD","DD1523, DD1787",2,2,2026-08-24,1000,13689.0,13689.0,0.0,0.0,0,0,0.0,0.0,0.0,0.0,B급,0,45,,,0.0,0.0,24940.2,Y,신제품
P1061A-05.00CRW3,-05.00,PIA D_Cherish Brown_55% UV 14.2,R1061-05.00CRW3,Q1061-05.00CRW3,PIA,"PIA Co.,Ltd.",AA1447,1,1,2026-08-20,1700,13746.0,13746.0,0.0,0.0,0,0,0.0,9080.0,51200.0,32.09921875,A급,30,60,생산유지,부족은 있으나 DOI가 기준 범위 또는 상한 내,0.0,0.6605557980503419,24798.800000000003,,계산됨
P1144A-02.75BMP3,-02.75,PIA D_BAGUMORE PINK_55% UV 15.0,R1144-02.75BMP3,Q1144-02.75BMP3,PIA,"PIA Co.,Ltd.",AA1403,1,1,2026-08-31,1500,13471.0,13471.0,0.0,0.0,0,0,0.0,0.0,0.0,0.0,A급,30,60,,,0.0,0.0,24697.800000000003,Y,신제품
P2027A-00.00AMB,-00.00,BELLA_1-Day_Almond Brown(8년),R2027-00.00AMB,Q2027-00.00AMB,OPTICAL SUPPLIES,OPTICAL SUPPLIES Co.,"YH0214, YH0218",2,2,2026-08-27,2650,13382.0,13382.0,0.0,0.0,0,0,0.0,5765.0,772100.0,1.3514635409920994,A급,30,60,생산우선,부족이 있으나 완제품 DOI가 기준 미달,0.0,0.430802570617247,24594.35,,계산됨
P1147A-01.50BMG3,-01.50,PIA D_BAGUMORE GRAY_55% UV 15.0,R1147-01.50BMG3,Q1147-01.50BMG3,PIA,"PIA Co.,Ltd.",AA1403,1,1,2026-08-31,1200,13338.0,13338.0,0.0,0.0,1860,0,1860.0,0.0,0.0,0.0,B급,20,60,,,0.13945119208277104,0.0,24368.4,Y,신제품
P1061A-02.75CRW3,-02.75,PIA D_Cherish Brown_55% UV 14.2,R1061-02.75CRW3,Q1061-02.75CRW3,PIA,"PIA Co.,Ltd.",AA1447,1,1,2026-08-20,1900,13405.0,13405.0,0.0,0.0,0,0,0.0,11645.0,60200.0,35.01237541528239,A급,30,60,생산유지,부족은 있으나 DOI가 기준 범위 또는 상한 내,0.0,0.8687057068258113,24116.75,,계산됨
P1148A-00.75BMH3,-00.75,PIA D_BAGUMORE HONEY LATTE_55% UV 15.0,R1148-00.75BMH3,Q1148-00.75BMH3,PIA,"PIA Co.,Ltd.","AA1344, AA1403",2,2,2026-08-23,1500,12912.0,12912.0,0.0,0.0,0,0,0.0,0.0,0.0,0.0,A급,30,60,,,0.0,0.0,23691.6,Y,신제품
P1144A-06.00BMP3,-06.00,PIA D_BAGUMORE PINK_55% UV 15.0,R1144-06.00BMP3,Q1144-06.00BMP3,PIA,"PIA Co.,Ltd.","AA1344, AA1403",2,2,2026-08-23,3200,12561.0,12540.0,2782.0,2619.0,6340,0,11741.0,0.0,0.0,0.0,A급,30,60,,,0.9347185733619935,0.0,23553.0,Y,신제품
P2026A-00.00HZH,-00.00,BELLA_1-Day_Hazel Honey(8년),R2026-00.00HZH,Q2026-00.00HZH,OPTICAL SUPPLIES,OPTICAL SUPPLIES Co.,YH0214,1,1,2026-08-27,1820,12781.0,12781.0,0.0,0.0,0,0,0.0,14360.0,276020.0,9.41656401710021,A급,30,60,생산우선,부족이 있으나 완제품 DOI가 기준 미달,0.0,1.123542758782568,22833.800000000003,,계산됨
P1144A-03.75BMP3,-03.75,PIA D_BAGUMORE PINK_55% UV 15.0,R1144-03.75BMP3,Q1144-03.75BMP3,PIA,"PIA Co.,Ltd.",AA1403,1,1,2026-08-31,1200,12407.0,12407.0,0.0,0.0,670,0,670.0,0.0,0.0,0.0,B급,20,60,,,0.05400177319255259,0.0,22692.6,Y,신제품
P1097A-06.50BRN3,-06.50,Clalen D_Beige brown_55%(중국_축고정),R1097-06.50BRN3,Q1097-06.50BRN3,CHINA/IRIS,"INTEROJO CHINA CO., LTD","DD1523, DD1787",2,2,2026-08-24,900,12321.0,12321.0,0.0,0.0,0,0,0.0,0.0,0.0,0.0,B급,0,45,,,0.0,0.0,22447.800000000003,Y,신제품
P1096A-02.75GEN3,-02.75,Clalen D_Green_55%(중국_축고정),R1096-02.75GEN3,Q1096-02.75GEN3,CHINA/IRIS,"INTEROJO CHINA CO., LTD","DD1523, DD1787",2,2,2026-08-24,900,12320.0,12320.0,0.0,0.0,0,0,0.0,0.0,0.0,0.0,B급,0,45,,,0.0,0.0,22446.0,Y,신제품
P1097A-06.00BRN3,-06.00,Clalen D_Beige brown_55%(중국_축고정),R1097-06.00BRN3,Q1097-06.00BRN3,CHINA/IRIS,"INTEROJO CHINA CO., LTD","DD1523, DD1787",2,2,2026-08-24,900,12320.0,12320.0,0.0,0.0,0,0,0.0,0.0,0.0,0.0,B급,0,45,,,0.0,0.0,22446.0,Y,신제품
P4834A-00.00CBM,-00.00,ClearBeige Mini UV 14.2,R4834-00.00CBM,Q4834-00.00CBM,from-eyes,"from-eyes Co.,ltd.","GG0229, GG0246",2,2,2026-09-01,1200,12252.0,12252.0,0.0,0.0,0,0,0.0,1590.0,25000.0,11.5116,B급,20,60,생산우선,부족이 있으나 완제품 DOI가 기준 미달,0.0,0.1297747306562194,22334.1,,계산됨
P7024A-00.00IDR,-00.00,PIA D_Idol Ring_38% UV,R7024-00.00IDR,Q7024-00.00IDR,PIA,"PIA Co.,Ltd.",AA1454,1,1,2026-08-20,1700,12711.0,12711.0,0.0,0.0,0,0,0.0,22495.0,90200.0,45.13963414634146,A급,30,60,생산유지,부족은 있으나 DOI가 기준 범위 또는 상한 내,0.0,1.7697270081032177,22265.050000000003,,계산됨
P1148A-04.75BMH3,-04.75,PIA D_BAGUMORE HONEY LATTE_55% UV 15.0,R1148-04.75BMH3,Q1148-04.75BMH3,PIA,"PIA Co.,Ltd.",AA1403,1,1,2026-08-31,1000,12128.0,12128.0,0.0,0.0,0,0,0.0,0.0,0.0,0.0,B급,20,60,,,0.0,0.0,22130.4,Y,신제품
P1061A-05.50CRW3,-05.50,PIA D_Cherish Brown_55% UV 14.2,R1061-05.50CRW3,Q1061-05.50CRW3,PIA,"PIA Co.,Ltd.",AA1447,1,1,2026-08-20,1700,12311.0,12311.0,0.0,0.0,0,0,0.0,17040.0,46200.0,66.75844155844156,A급,30,60,생산조정,"현재 DOI가 기준 상한 초과, 부족이 크지 않음",0.0,1.3841280155958087,21817.800000000003,,계산됨
P1147A-04.75BMG3,-04.75,PIA D_BAGUMORE GRAY_55% UV 15.0,R1147-04.75BMG3,Q1147-04.75BMG3,PIA,"PIA Co.,Ltd.",AA1403,1,1,2026-08-31,1000,11902.0,11902.0,0.0,0.0,0,0,0.0,0.0,0.0,0.0,B급,20,60,,,0.0,0.0,21723.6,Y,신제품
P1144A-00.75BMP3,-00.75,PIA D_BAGUMORE PINK_55% UV 15.0,R1144-00.75BMP3,Q1144-00.75BMP3,PIA,"PIA Co.,Ltd.",AA1403,1,1,2026-08-31,900,11808.0,11808.0,0.0,0.0,0,0,0.0,0.0,0.0,0.0,B급,20,60,,,0.0,0.0,21524.4,Y,신제품
P1144A-07.00BMP3,-07.00,PIA D_BAGUMORE PINK_55% UV 15.0,R1144-07.00BMP3,Q1144-07.00BMP3,PIA,"PIA Co.,Ltd.","AA1344, AA1403",2,2,2026-08-23,1300,11569.0,11569.0,0.0,0.0,0,0,0.0,0.0,0.0,0.0,B급,20,60,,,0.0,0.0,21214.2,Y,신제품
P1148A-01.00BMH3,-01.00,PIA D_BAGUMORE HONEY LATTE_55% UV 15.0,R1148-01.00BMH3,Q1148-01.00BMH3,PIA,"PIA Co.,Ltd.","AA1344, AA1403",2,2,2026-08-23,2000,11930.0,10731.0,0.0,0.0,2235,0,2235.0,0.0,0.0,0.0,A급,30,60,,,0.18734283319362952,0.0,21114.800000000003,Y,신제품
P1146A-04.75BMB3,-04.75,PIA D_BAGUMORE BROWN_55% UV 15.0,R1146-04.75BMB3,Q1146-04.75BMB3,PIA,"PIA Co.,Ltd.",AA1403,1,1,2026-08-31,1000,11463.0,11463.0,0.0,0.0,0,0,0.0,0.0,0.0,0.0,B급,20,60,,,0.0,0.0,20933.4,Y,신제품
P1148A-03.25BMH3,-03.25,PIA D_BAGUMORE HONEY LATTE_55% UV 15.0,R1148-03.25BMH3,Q1148-03.25BMH3,PIA,"PIA Co.,Ltd.","AA1344, AA1403",2,2,2026-08-23,2300,11410.0,10758.0,960.0,0.0,1450,1520,3930.0,0.0,0.0,0.0,A급,30,60,,,0.3444347063978966,0.0,20706.4,Y,신제품
P1095A-01.50PBN3,-01.50,Clalen D_Pink brown_55%(중국_축고정),R1095-01.50PBN3,Q1095-01.50PBN3,"CHINA/IRIS, HEARTS/TopTrend","INTEROJO CHINA CO., LTD, Beautyicon International co., Ltd.","DD1523, DD1787, JJ0066",3,3,2026-08-24,800,10952.0,10952.0,0.0,0.0,0,0,0.0,0.0,0.0,0.0,B급,0,45,,,0.0,0.0,19953.6,Y,신제품
P1095A-02.00PBN3,-02.00,Clalen D_Pink brown_55%(중국_축고정),R1095-02.00PBN3,Q1095-02.00PBN3,"CHINA/IRIS, HEARTS/TopTrend","INTEROJO CHINA CO., LTD, Beautyicon International co., Ltd.","DD1523, DD1787, JJ0066",3,3,2026-08-24,800,10952.0,10952.0,0.0,0.0,0,0,0.0,0.0,0.0,0.0,B급,0,45,,,0.0,0.0,19953.6,Y,신제품
P1095A-07.00PBN3,-07.00,Clalen D_Pink brown_55%(중국_축고정),R1095-07.00PBN3,Q1095-07.00PBN3,"CHINA/IRIS, HEARTS/TopTrend","INTEROJO CHINA CO., LTD, Beautyicon International co., Ltd.","DD1523, DD1787, JJ0066",3,3,2026-08-24,800,10952.0,10952.0,0.0,0.0,0,0,0.0,0.0,0.0,0.0,B급,0,45,,,0.0,0.0,19953.6,Y,신제품
P1098A-01.50PPE3,-01.50,Clalen D_Purple_55%(중국_축고정),R1098-01.50PPE3,Q1098-01.50PPE3,"CHINA/IRIS, HEARTS/TopTrend","INTEROJO CHINA CO., LTD, Beautyicon International co., Ltd.","DD1523, DD1787, JJ0066",3,3,2026-08-24,800,10952.0,10952.0,0.0,0.0,0,0,0.0,0.0,0.0,0.0,B급,0,45,,,0.0,0.0,19953.6,Y,신제품
P1098A-02.00PPE3,-02.00,Clalen D_Purple_55%(중국_축고정),R1098-02.00PPE3,Q1098-02.00PPE3,"CHINA/IRIS, HEARTS/TopTrend","INTEROJO CHINA CO., LTD, Beautyicon International co., Ltd.","DD1523, DD1787, JJ0066",3,3,2026-08-24,800,10952.0,10952.0,0.0,0.0,0,0,0.0,0.0,0.0,0.0,B급,0,45,,,0.0,0.0,19953.6,Y,신제품
P1098A-07.00PPE3,-07.00,Clalen D_Purple_55%(중국_축고정),R1098-07.00PPE3,Q1098-07.00PPE3,"CHINA/IRIS, HEARTS/TopTrend","INTEROJO CHINA CO., LTD, Beautyicon International co., Ltd.","DD1523, DD1787, JJ0066",3,3,2026-08-24,800,10952.0,10952.0,0.0,0.0,0,0,0.0,0.0,0.0,0.0,B급,0,45,,,0.0,0.0,19953.6,Y,신제품
P1099A-01.50ABN3,-01.50,Clalen D_Ash brown_55%(중국_축고정),R1099-01.50ABN3,Q1099-01.50ABN3,"CHINA/IRIS, HEARTS/TopTrend","INTEROJO CHINA CO., LTD, Beautyicon International co., Ltd.","DD1523, DD1787, JJ0066",3,3,2026-08-24,800,10952.0,10952.0,0.0,0.0,0,0,0.0,0.0,0.0,0.0,B급,0,45,,,0.0,0.0,19953.6,Y,신제품
P1099A-02.00ABN3,-02.00,Clalen D_Ash brown_55%(중국_축고정),R1099-02.00ABN3,Q1099-02.00ABN3,"CHINA/IRIS, HEARTS/TopTrend","INTEROJO CHINA CO., LTD, Beautyicon International co., Ltd.","DD1523, DD1787, JJ0066",3,3,2026-08-24,800,10952.0,10952.0,0.0,0.0,0,0,0.0,0.0,0.0,0.0,B급,0,45,,,0.0,0.0,19953.6,Y,신제품
P1099A-07.00ABN3,-07.00,Clalen D_Ash brown_55%(중국_축고정),R1099-07.00ABN3,Q1099-07.00ABN3,"CHINA/IRIS, HEARTS/TopTrend","INTEROJO CHINA CO., LTD, Beautyicon International co., Ltd.","DD1523, DD1787, JJ0066",3,3,2026-08-24,800,10952.0,10952.0,0.0,0.0,0,0,0.0,0.0,0.0,0.0,B급,0,45,,,0.0,0.0,19953.6,Y,신제품
P1147A-08.00BMG3,-08.00,PIA D_BAGUMORE GRAY_55% UV 15.0,R1147-08.00BMG3,Q1147-08.00BMG3,PIA,"PIA Co.,Ltd.","AA1344, AA1403",2,2,2026-08-23,1200,10865.0,10865.0,0.0,0.0,0,0,0.0,0.0,0.0,0.0,B급,20,60,,,0.0,0.0,19917.0,Y,신제품
P1147A-03.25BMG3,-03.25,PIA D_BAGUMORE GRAY_55% UV 15.0,R1147-03.25BMG3,Q1147-03.25BMG3,PIA,"PIA Co.,Ltd.",AA1403,1,1,2026-08-31,1100,10878.0,10878.0,0.0,1638.0,0,0,1638.0,0.0,0.0,0.0,B급,20,60,,,0.15057915057915058,0.0,19910.4,Y,신제품
P0583A-00.00VEN,-00.00,BELLA D_VENUS 55%,R0583-00.00VEN,Q0583-00.00VEN,OPTICAL SUPPLIES,OPTICAL SUPPLIES Co.,"YH0214, YH0218, YH0221",3,3,2026-08-27,1600,10934.0,10934.0,0.0,0.0,0,0,0.0,5575.0,273170.0,3.693945162353114,A급,30,60,생산우선,부족이 있으나 완제품 DOI가 기준 미달,0.0,0.5098774464971648,19882.45,,계산됨
P1144A-04.00BMP3,-04.00,PIA D_BAGUMORE PINK_55% UV 15.0,R1144-04.00BMP3,Q1144-04.00BMP3,PIA,"PIA Co.,Ltd.",AA1403,1,1,2026-08-31,1400,10665.0,10665.0,0.0,0.0,0,0,0.0,0.0,0.0,0.0,B급,20,60,,,0.0,0.0,19617.0,Y,신제품
P1061A-04.25CRW3,-04.25,PIA D_Cherish Brown_55% UV 14.2,R1061-04.25CRW3,Q1061-04.25CRW3,PIA,"PIA Co.,Ltd.",AA1447,1,1,2026-08-20,1500,10910.0,10910.0,0.0,0.0,0,0,0.0,15785.0,41200.0,69.34672330097087,A급,30,60,생산조정,"현재 DOI가 기준 상한 초과, 부족이 크지 않음",0.0,1.4468377635197067,19298.75,,계산됨
P1061A-01.25CRW3,-01.25,PIA D_Cherish Brown_55% UV 14.2,R1061-01.25CRW3,Q1061-01.25CRW3,PIA,"PIA Co.,Ltd.",AA1447,1,1,2026-08-20,1600,10710.0,10710.0,0.0,0.0,0,0,0.0,18950.0,43200.0,79.39699074074073,A급,30,60,생산조정,"현재 DOI가 기준 상한 초과, 부족이 크지 않음",0.0,1.76937441643324,18810.5,,계산됨
P1061A-03.00CRW3,-03.00,PIA D_Cherish Brown_55% UV 14.2,R1061-03.00CRW3,Q1061-03.00CRW3,PIA,"PIA Co.,Ltd.",AA1447,1,1,2026-08-20,2300,10251.0,10251.0,7084.0,0.0,0,3330,10414.0,12210.0,61200.0,36.11127450980393,A급,30,60,생산유지,부족은 있으나 DOI가 기준 범위 또는 상한 내,1.0159008877182714,1.1911033069944397,18531.300000000003,,계산됨
P1147A-04.50BMG3,-04.50,PIA D_BAGUMORE GRAY_55% UV 15.0,R1147-04.50BMG3,Q1147-04.50BMG3,PIA,"PIA Co.,Ltd.",AA1403,1,1,2026-08-31,1100,10067.0,10067.0,1598.0,524.0,1710,0,3832.0,0.0,0.0,0.0,B급,20,60,,,0.3806496473626701,0.0,18450.6,Y,신제품
P2123A-00.00CLB,-00.00,From D_(UV)Clear Beige_38%,R2123-00.00CLB,Q2123-00.00CLB,from-eyes,"from-eyes Co.,ltd.",GG0245,1,1,2026-10-01,1500,10086.0,10086.0,0.0,0.0,0,0,0.0,6435.0,20000.0,58.23675,A급,30,60,생산유지,부족은 있으나 DOI가 기준 범위 또는 상한 내,0.0,0.6380130874479476,18283.05,,계산됨
P1144A-02.25BMP3,-02.25,PIA D_BAGUMORE PINK_55% UV 15.0,R1144-02.25BMP3,Q1144-02.25BMP3,PIA,"PIA Co.,Ltd.","AA1344, AA1403",2,2,2026-08-23,2200,10406.0,8896.0,0.0,0.0,5105,0,5105.0,0.0,0.0,0.0,A급,30,60,,,0.4905823563328849,0.0,18182.8,Y,신제품
P1148A-04.00BMH3,-04.00,PIA D_BAGUMORE HONEY LATTE_55% UV 15.0,R1148-04.00BMH3,Q1148-04.00BMH3,PIA,"PIA Co.,Ltd.",AA1403,1,1,2026-08-31,1400,9814.0,9814.0,0.0,0.0,0,0,0.0,0.0,0.0,0.0,B급,20,60,,,0.0,0.0,18085.2,Y,신제품
P1147A-01.00BMG3,-01.00,PIA D_BAGUMORE GRAY_55% UV 15.0,R1147-01.00BMG3,Q1147-01.00BMG3,PIA,"PIA Co.,Ltd.","AA1344, AA1403",2,2,2026-08-23,2000,10249.0,9029.0,7166.0,0.0,3825,0,10991.0,0.0,0.0,0.0,A급,30,60,,,1.0723973070543467,0.0,18072.2,Y,신제품
P1098A-08.00PPE3,-08.00,Clalen D_Purple_55%(중국_축고정),R1098-08.00PPE3,Q1098-08.00PPE3,"CHINA/IRIS, HEARTS/TopTrend","INTEROJO CHINA CO., LTD, Beautyicon International co., Ltd.","DD1523, DD1787, JJ0066",3,3,2026-08-24,720,9857.0,9857.0,0.0,0.0,0,0,0.0,0.0,0.0,0.0,B급,0,45,,,0.0,0.0,17958.6,Y,신제품
P1095A-01.00PBN3,-01.00,Clalen D_Pink brown_55%(중국_축고정),R1095-01.00PBN3,Q1095-01.00PBN3,"CHINA/IRIS, HEARTS/TopTrend","INTEROJO CHINA CO., LTD, Beautyicon International co., Ltd.","DD1523, DD1787, JJ0066",3,3,2026-08-24,720,9856.0,9856.0,0.0,0.0,0,0,0.0,0.0,0.0,0.0,B급,0,45,,,0.0,0.0,17956.8,Y,신제품
P1095A-07.50PBN3,-07.50,Clalen D_Pink brown_55%(중국_축고정),R1095-07.50PBN3,Q1095-07.50PBN3,"CHINA/IRIS, HEARTS/TopTrend","INTEROJO CHINA CO., LTD, Beautyicon International co., Ltd.","DD1523, DD1787, JJ0066",3,3,2026-08-24,720,9856.0,9856.0,0.0,0.0,0,0,0.0,0.0,0.0,0.0,B급,0,45,,,0.0,0.0,17956.8,Y,신제품
P1095A-08.00PBN3,-08.00,Clalen D_Pink brown_55%(중국_축고정),R1095-08.00PBN3,Q1095-08.00PBN3,"CHINA/IRIS, HEARTS/TopTrend","INTEROJO CHINA CO., LTD, Beautyicon International co., Ltd.","DD1523, DD1787, JJ0066",3,3,2026-08-24,720,9856.0,9856.0,0.0,0.0,0,0,0.0,0.0,0.0,0.0,B급,0,45,,,0.0,0.0,17956.8,Y,신제품
P1098A-01.00PPE3,-01.00,Clalen D_Purple_55%(중국_축고정),R1098-01.00PPE3,Q1098-01.00PPE3,"CHINA/IRIS, HEARTS/TopTrend","INTEROJO CHINA CO., LTD, Beautyicon International co., Ltd.","DD1523, DD1787, JJ0066",3,3,2026-08-24,720,9856.0,9856.0,0.0,0.0,0,0,0.0,0.0,0.0,0.0,B급,0,45,,,0.0,0.0,17956.8,Y,신제품
P1098A-07.50PPE3,-07.50,Clalen D_Purple_55%(중국_축고정),R1098-07.50PPE3,Q1098-07.50PPE3,"CHINA/IRIS, HEARTS/TopTrend","INTEROJO CHINA CO., LTD, Beautyicon International co., Ltd.","DD1523, DD1787, JJ0066",3,3,2026-08-24,720,9856.0,9856.0,0.0,0.0,0,0,0.0,0.0,0.0,0.0,B급,0,45,,,0.0,0.0,17956.8,Y,신제품
P1099A-01.00ABN3,-01.00,Clalen D_Ash brown_55%(중국_축고정),R1099-01.00ABN3,Q1099-01.00ABN3,"CHINA/IRIS, HEARTS/TopTrend","INTEROJO CHINA CO., LTD, Beautyicon International co., Ltd.","DD1523, DD1787, JJ0066",3,3,2026-08-24,720,9856.0,9856.0,0.0,0.0,0,0,0.0,0.0,0.0,0.0,B급,0,45,,,0.0,0.0,17956.8,Y,신제품
P1099A-07.50ABN3,-07.50,Clalen D_Ash brown_55%(중국_축고정),R1099-07.50ABN3,Q1099-07.50ABN3,"CHINA/IRIS, HEARTS/TopTrend","INTEROJO CHINA CO., LTD, Beautyicon International co., Ltd.","DD1523, DD1787, JJ0066",3,3,2026-08-24,720,9856.0,9856.0,0.0,0.0,0,0,0.0,0.0,0.0,0.0,B급,0,45,,,0.0,0.0,17956.8,Y,신제품
P1099A-08.00ABN3,-08.00,Clalen D_Ash brown_55%(중국_축고정),R1099-08.00ABN3,Q1099-08.00ABN3,"CHINA/IRIS, HEARTS/TopTrend","INTEROJO CHINA CO., LTD, Beautyicon International co., Ltd.","DD1523, DD1787, JJ0066",3,3,2026-08-24,720,9856.0,9856.0,0.0,0.0,0,0,0.0,0.0,0.0,0.0,B급,0,45,,,0.0,0.0,17956.8,Y,신제품
P1096A-01.50GEN3,-01.50,Clalen D_Green_55%(중국_축고정),R1096-01.50GEN3,Q1096-01.50GEN3,"CHINA/IRIS, HEARTS/TopTrend","INTEROJO CHINA CO., LTD, Beautyicon International co., Ltd.","DD1523, DD1787, JJ0066",3,3,2026-08-24,700,9583.0,9583.0,0.0,0.0,0,0,0.0,0.0,0.0,0.0,B급,0,45,,,0.0,0.0,17459.4,Y,신제품
P1096A-02.00GEN3,-02.00,Clalen D_Green_55%(중국_축고정),R1096-02.00GEN3,Q1096-02.00GEN3,"CHINA/IRIS, HEARTS/TopTrend","INTEROJO CHINA CO., LTD, Beautyicon International co., Ltd.","DD1523, DD1787, JJ0066",3,3,2026-08-24,700,9583.0,9583.0,0.0,0.0,0,0,0.0,0.0,0.0,0.0,B급,0,45,,,0.0,0.0,17459.4,Y,신제품
P1096A-07.00GEN3,-07.00,Clalen D_Green_55%(중국_축고정),R1096-07.00GEN3,Q1096-07.00GEN3,"CHINA/IRIS, HEARTS/TopTrend","INTEROJO CHINA CO., LTD, Beautyicon International co., Ltd.","DD1523, DD1787, JJ0066",3,3,2026-08-24,700,9583.0,9583.0,0.0,0.0,0,0,0.0,0.0,0.0,0.0,B급,0,45,,,0.0,0.0,17459.4,Y,신제품
P1061A-01.50CRW3,-01.50,PIA D_Cherish Brown_55% UV 14.2,R1061-01.50CRW3,Q1061-01.50CRW3,PIA,"PIA Co.,Ltd.",AA1447,1,1,2026-08-20,2100,9792.0,9792.0,0.0,3305.0,0,0,3305.0,24550.0,54200.0,81.98431734317343,A급,30,60,생산조정,"현재 DOI가 기준 상한 초과, 부족이 크지 않음",0.33752042483660133,2.5071486928104574,17028.1,,계산됨
P1147A-06.50BMG3,-06.50,PIA D_BAGUMORE GRAY_55% UV 15.0,R1147-06.50BMG3,Q1147-06.50BMG3,PIA,"PIA Co.,Ltd.","AA1344, AA1403",2,2,2026-08-23,1600,9616.0,8551.0,0.0,0.0,0,1660,1660.0,0.0,0.0,0.0,A급,30,60,,,0.1726289517470882,0.0,16936.8,Y,신제품
P1147A-01.25BMG3,-01.25,PIA D_BAGUMORE GRAY_55% UV 15.0,R1147-01.25BMG3,Q1147-01.25BMG3,PIA,"PIA Co.,Ltd.","AA1344, AA1403",2,2,2026-08-23,2000,10040.0,7859.0,8178.0,0.0,0,0,8178.0,0.0,0.0,0.0,A급,30,60,,,0.8145418326693227,0.0,16927.2,Y,신제품
P1149A-05.50BMC3,-05.50,PIA D_BAGUMORE ICHIGO LATTE _55% UV 15.0,R1149-05.50BMC3,Q1149-05.50BMC3,PIA,"PIA Co.,Ltd.",AA1403,1,1,2026-08-31,1200,8763.0,8763.0,0.0,0.0,3755,0,3755.0,0.0,0.0,0.0,B급,20,60,,,0.42850621933127925,0.0,16133.400000000001,Y,신제품
P1144A-02.00BMP3,-02.00,PIA D_BAGUMORE PINK_55% UV 15.0,R1144-02.00BMP3,Q1144-02.00BMP3,PIA,"PIA Co.,Ltd.",AA1403,1,1,2026-08-31,1500,8630.0,8630.0,0.0,0.0,1955,0,1955.0,0.0,0.0,0.0,A급,30,60,,,0.22653534183082272,0.0,15984.0,Y,신제품
P1147A-03.75BMG3,-03.75,PIA D_BAGUMORE GRAY_55% UV 15.0,R1147-03.75BMG3,Q1147-03.75BMG3,PIA,"PIA Co.,Ltd.",AA1403,1,1,2026-08-31,1200,8644.0,8644.0,0.0,0.0,0,0,0.0,0.0,0.0,0.0,B급,20,60,,,0.0,0.0,15919.2,Y,신제품
P1146A-02.25BMB3,-02.25,PIA D_BAGUMORE BROWN_55% UV 15.0,R1146-02.25BMB3,Q1146-02.25BMB3,PIA,"PIA Co.,Ltd.",AA1403,1,1,2026-08-31,1000,8484.0,8484.0,0.0,0.0,0,0,0.0,0.0,0.0,0.0,B급,20,60,,,0.0,0.0,15571.2,Y,신제품
P1096A-01.00GEN3,-01.00,Clalen D_Green_55%(중국_축고정),R1096-01.00GEN3,Q1096-01.00GEN3,"CHINA/IRIS, HEARTS/TopTrend","INTEROJO CHINA CO., LTD, Beautyicon International co., Ltd.","DD1523, DD1787, JJ0066",3,3,2026-08-24,620,8488.0,8488.0,0.0,0.0,0,0,0.0,0.0,0.0,0.0,B급,0,45,,,0.0,0.0,15464.400000000001,Y,신제품
P1096A-07.50GEN3,-07.50,Clalen D_Green_55%(중국_축고정),R1096-07.50GEN3,Q1096-07.50GEN3,"CHINA/IRIS, HEARTS/TopTrend","INTEROJO CHINA CO., LTD, Beautyicon International co., Ltd.","DD1523, DD1787, JJ0066",3,3,2026-08-24,620,8488.0,8488.0,0.0,0.0,0,0,0.0,0.0,0.0,0.0,B급,0,45,,,0.0,0.0,15464.400000000001,Y,신제품
P1096A-08.00GEN3,-08.00,Clalen D_Green_55%(중국_축고정),R1096-08.00GEN3,Q1096-08.00GEN3,"CHINA/IRIS, HEARTS/TopTrend","INTEROJO CHINA CO., LTD, Beautyicon International co., Ltd.","DD1523, DD1787, JJ0066",3,3,2026-08-24,620,8488.0,8488.0,0.0,0.0,0,0,0.0,0.0,0.0,0.0,B급,0,45,,,0.0,0.0,15464.400000000001,Y,신제품
P1148A-03.75BMH3,-03.75,PIA D_BAGUMORE HONEY LATTE_55% UV 15.0,R1148-03.75BMH3,Q1148-03.75BMH3,PIA,"PIA Co.,Ltd.",AA1403,1,1,2026-08-31,1200,8298.0,8298.0,2819.0,0.0,0,0,2819.0,0.0,0.0,0.0,B급,20,60,,,0.3397204145577247,0.0,15296.400000000001,Y,신제품
P1144A-03.00BMP3,-03.00,PIA D_BAGUMORE PINK_55% UV 15.0,R1144-03.00BMP3,Q1144-03.00BMP3,PIA,"PIA Co.,Ltd.",AA1403,1,1,2026-08-31,1700,8205.0,8205.0,0.0,0.0,0,0,0.0,0.0,0.0,0.0,A급,30,60,,,0.0,0.0,15279.0,Y,신제품
P7008A-02.00DAT,-02.00,PIA D_Date Topaz_38% UV,R7008-02.00DAT,Q7008-02.00DAT,PIA,"PIA Co.,Ltd.",AA1449,1,1,2026-08-20,1100,8392.0,8392.0,0.0,0.0,0,0,0.0,3880.0,53600.0,13.10223880597015,B급,20,60,생산우선,부족이 있으나 완제품 DOI가 기준 미달,0.0,0.46234509056244044,15241.6,,계산됨
P1144A-04.75BMP3,-04.75,PIA D_BAGUMORE PINK_55% UV 15.0,R1144-04.75BMP3,Q1144-04.75BMP3,PIA,"PIA Co.,Ltd.",AA1403,1,1,2026-08-31,1000,8285.0,8285.0,0.0,0.0,0,0,0.0,0.0,0.0,0.0,B급,20,60,,,0.0,0.0,15213.0,Y,신제품
P1170A-06.00NWK3,-06.00,PIA D_NUDE WINK_55% UV 14.5,R1170-06.00NWK3,Q1170-06.00NWK3,PIA,"PIA Co.,Ltd.","AA1405, AA1406",2,2,2026-08-20,700,8239.0,8239.0,0.0,0.0,0,0,0.0,0.0,0.0,0.0,B급,20,60,생산우선,부족이 있으나 완제품 DOI가 기준 미달,0.0,0.0,15040.2,,재고없음
P1171A-06.00GTP3,-06.00,PIA D_GRAY TRAP_55% UV 14.5,R1171-06.00GTP3,Q1171-06.00GTP3,PIA,"PIA Co.,Ltd.","AA1405, AA1406",2,2,2026-08-20,700,8239.0,8239.0,0.0,0.0,0,0,0.0,0.0,0.0,0.0,B급,20,60,생산우선,부족이 있으나 완제품 DOI가 기준 미달,0.0,0.0,15040.2,,재고없음
P1095A-01.25PBN3,-01.25,Clalen D_Pink brown_55%(중국_축고정),R1095-01.25PBN3,Q1095-01.25PBN3,CHINA/IRIS,"INTEROJO CHINA CO., LTD","DD1523, DD1787",2,2,2026-08-24,600,8214.0,8214.0,0.0,0.0,0,0,0.0,0.0,0.0,0.0,B급,0,45,,,0.0,0.0,14965.2,Y,신제품
P1095A-01.75PBN3,-01.75,Clalen D_Pink brown_55%(중국_축고정),R1095-01.75PBN3,Q1095-01.75PBN3,CHINA/IRIS,"INTEROJO CHINA CO., LTD","DD1523, DD1787",2,2,2026-08-24,600,8214.0,8214.0,0.0,0.0,0,0,0.0,0.0,0.0,0.0,B급,0,45,,,0.0,0.0,14965.2,Y,신제품
P1095A-02.25PBN3,-02.25,Clalen D_Pink brown_55%(중국_축고정),R1095-02.25PBN3,Q1095-02.25PBN3,CHINA/IRIS,"INTEROJO CHINA CO., LTD","DD1523, DD1787",2,2,2026-08-24,600,8214.0,8214.0,0.0,0.0,0,0,0.0,0.0,0.0,0.0,B급,0,45,,,0.0,0.0,14965.2,Y,신제품
P1095A-05.25PBN3,-05.25,Clalen D_Pink brown_55%(중국_축고정),R1095-05.25PBN3,Q1095-05.25PBN3,CHINA/IRIS,"INTEROJO CHINA CO., LTD","DD1523, DD1787",2,2,2026-08-24,600,8214.0,8214.0,0.0,0.0,0,0,0.0,0.0,0.0,0.0,B급,0,45,,,0.0,0.0,14965.2,Y,신제품
P1095A-05.75PBN3,-05.75,Clalen D_Pink brown_55%(중국_축고정),R1095-05.75PBN3,Q1095-05.75PBN3,CHINA/IRIS,"INTEROJO CHINA CO., LTD","DD1523, DD1787",2,2,2026-08-24,600,8214.0,8214.0,0.0,0.0,0,0,0.0,0.0,0.0,0.0,B급,0,45,,,0.0,0.0,14965.2,Y,신제품
P1097A-01.00BRN3,-01.00,Clalen D_Beige brown_55%(중국_축고정),R1097-01.00BRN3,Q1097-01.00BRN3,CHINA/IRIS,"INTEROJO CHINA CO., LTD","DD1523, DD1787",2,2,2026-08-24,600,8214.0,8214.0,0.0,0.0,0,0,0.0,0.0,0.0,0.0,B급,0,45,,,0.0,0.0,14965.2,Y,신제품
P1097A-01.25BRN3,-01.25,Clalen D_Beige brown_55%(중국_축고정),R1097-01.25BRN3,Q1097-01.25BRN3,CHINA/IRIS,"INTEROJO CHINA CO., LTD","DD1523, DD1787",2,2,2026-08-24,600,8214.0,8214.0,0.0,0.0,0,0,0.0,0.0,0.0,0.0,B급,0,45,,,0.0,0.0,14965.2,Y,신제품
P1097A-01.50BRN3,-01.50,Clalen D_Beige brown_55%(중국_축고정),R1097-01.50BRN3,Q1097-01.50BRN3,CHINA/IRIS,"INTEROJO CHINA CO., LTD","DD1523, DD1787",2,2,2026-08-24,600,8214.0,8214.0,0.0,0.0,0,0,0.0,0.0,0.0,0.0,B급,0,45,,,0.0,0.0,14965.2,Y,신제품
P1097A-01.75BRN3,-01.75,Clalen D_Beige brown_55%(중국_축고정),R1097-01.75BRN3,Q1097-01.75BRN3,CHINA/IRIS,"INTEROJO CHINA CO., LTD","DD1523, DD1787",2,2,2026-08-24,600,8214.0,8214.0,0.0,0.0,0,0,0.0,0.0,0.0,0.0,B급,0,45,,,0.0,0.0,14965.2,Y,신제품
P1097A-02.00BRN3,-02.00,Clalen D_Beige brown_55%(중국_축고정),R1097-02.00BRN3,Q1097-02.00BRN3,CHINA/IRIS,"INTEROJO CHINA CO., LTD","DD1523, DD1787",2,2,2026-08-24,600,8214.0,8214.0,0.0,0.0,0,0,0.0,0.0,0.0,0.0,B급,0,45,,,0.0,0.0,14965.2,Y,신제품
P1097A-02.25BRN3,-02.25,Clalen D_Beige brown_55%(중국_축고정),R1097-02.25BRN3,Q1097-02.25BRN3,CHINA/IRIS,"INTEROJO CHINA CO., LTD","DD1523, DD1787",2,2,2026-08-24,600,8214.0,8214.0,0.0,0.0,0,0,0.0,0.0,0.0,0.0,B급,0,45,,,0.0,0.0,14965.2,Y,신제품
P1097A-05.25BRN3,-05.25,Clalen D_Beige brown_55%(중국_축고정),R1097-05.25BRN3,Q1097-05.25BRN3,CHINA/IRIS,"INTEROJO CHINA CO., LTD","DD1523, DD1787",2,2,2026-08-24,600,8214.0,8214.0,0.0,0.0,0,0,0.0,0.0,0.0,0.0,B급,0,45,,,0.0,0.0,14965.2,Y,신제품
P1097A-05.75BRN3,-05.75,Clalen D_Beige brown_55%(중국_축고정),R1097-05.75BRN3,Q1097-05.75BRN3,CHINA/IRIS,"INTEROJO CHINA CO., LTD","DD1523, DD1787",2,2,2026-08-24,600,8214.0,8214.0,0.0,0.0,0,0,0.0,0.0,0.0,0.0,B급,0,45,,,0.0,0.0,14965.2,Y,신제품
P1097A-07.00BRN3,-07.00,Clalen D_Beige brown_55%(중국_축고정),R1097-07.00BRN3,Q1097-07.00BRN3,CHINA/IRIS,"INTEROJO CHINA CO., LTD","DD1523, DD1787",2,2,2026-08-24,600,8214.0,8214.0,0.0,0.0,0,0,0.0,0.0,0.0,0.0,B급,0,45,,,0.0,0.0,14965.2,Y,신제품
P1097A-07.50BRN3,-07.50,Clalen D_Beige brown_55%(중국_축고정),R1097-07.50BRN3,Q1097-07.50BRN3,CHINA/IRIS,"INTEROJO CHINA CO., LTD","DD1523, DD1787",2,2,2026-08-24,600,8214.0,8214.0,0.0,0.0,0,0,0.0,0.0,0.0,0.0,B급,0,45,,,0.0,0.0,14965.2,Y,신제품
P1097A-08.00BRN3,-08.00,Clalen D_Beige brown_55%(중국_축고정),R1097-08.00BRN3,Q1097-08.00BRN3,CHINA/IRIS,"INTEROJO CHINA CO., LTD","DD1523, DD1787",2,2,2026-08-24,600,8214.0,8214.0,0.0,0.0,0,0,0.0,0.0,0.0,0.0,B급,0,45,,,0.0,0.0,14965.2,Y,신제품
P1098A-01.25PPE3,-01.25,Clalen D_Purple_55%(중국_축고정),R1098-01.25PPE3,Q1098-01.25PPE3,CHINA/IRIS,"INTEROJO CHINA CO., LTD","DD1523, DD1787",2,2,2026-08-24,600,8214.0,8214.0,0.0,0.0,0,0,0.0,0.0,0.0,0.0,B급,0,45,,,0.0,0.0,14965.2,Y,신제품
P1098A-01.75PPE3,-01.75,Clalen D_Purple_55%(중국_축고정),R1098-01.75PPE3,Q1098-01.75PPE3,CHINA/IRIS,"INTEROJO CHINA CO., LTD","DD1523, DD1787",2,2,2026-08-24,600,8214.0,8214.0,0.0,0.0,0,0,0.0,0.0,0.0,0.0,B급,0,45,,,0.0,0.0,14965.2,Y,신제품
P1098A-02.25PPE3,-02.25,Clalen D_Purple_55%(중국_축고정),R1098-02.25PPE3,Q1098-02.25PPE3,CHINA/IRIS,"INTEROJO CHINA CO., LTD","DD1523, DD1787",2,2,2026-08-24,600,8214.0,8214.0,0.0,0.0,0,0,0.0,0.0,0.0,0.0,B급,0,45,,,0.0,0.0,14965.2,Y,신제품
P1098A-05.25PPE3,-05.25,Clalen D_Purple_55%(중국_축고정),R1098-05.25PPE3,Q1098-05.25PPE3,CHINA/IRIS,"INTEROJO CHINA CO., LTD","DD1523, DD1787",2,2,2026-08-24,600,8214.0,8214.0,0.0,0.0,0,0,0.0,0.0,0.0,0.0,B급,0,45,,,0.0,0.0,14965.2,Y,신제품
P1098A-05.75PPE3,-05.75,Clalen D_Purple_55%(중국_축고정),R1098-05.75PPE3,Q1098-05.75PPE3,CHINA/IRIS,"INTEROJO CHINA CO., LTD","DD1523, DD1787",2,2,2026-08-24,600,8214.0,8214.0,0.0,0.0,0,0,0.0,0.0,0.0,0.0,B급,0,45,,,0.0,0.0,14965.2,Y,신제품
P1099A-01.25ABN3,-01.25,Clalen D_Ash brown_55%(중국_축고정),R1099-01.25ABN3,Q1099-01.25ABN3,CHINA/IRIS,"INTEROJO CHINA CO., LTD","DD1523, DD1787",2,2,2026-08-24,600,8214.0,8214.0,0.0,0.0,0,0,0.0,0.0,0.0,0.0,B급,0,45,,,0.0,0.0,14965.2,Y,신제품
P1099A-01.75ABN3,-01.75,Clalen D_Ash brown_55%(중국_축고정),R1099-01.75ABN3,Q1099-01.75ABN3,CHINA/IRIS,"INTEROJO CHINA CO., LTD","DD1523, DD1787",2,2,2026-08-24,600,8214.0,8214.0,0.0,0.0,0,0,0.0,0.0,0.0,0.0,B급,0,45,,,0.0,0.0,14965.2,Y,신제품
P1099A-02.25ABN3,-02.25,Clalen D_Ash brown_55%(중국_축고정),R1099-02.25ABN3,Q1099-02.25ABN3,CHINA/IRIS,"INTEROJO CHINA CO., LTD","DD1523, DD1787",2,2,2026-08-24,600,8214.0,8214.0,0.0,0.0,0,0,0.0,0.0,0.0,0.0,B급,0,45,,,0.0,0.0,14965.2,Y,신제품
P1099A-05.25ABN3,-05.25,Clalen D_Ash brown_55%(중국_축고정),R1099-05.25ABN3,Q1099-05.25ABN3,CHINA/IRIS,"INTEROJO CHINA CO., LTD","DD1523, DD1787",2,2,2026-08-24,600,8214.0,8214.0,0.0,0.0,0,0,0.0,0.0,0.0,0.0,B급,0,45,,,0.0,0.0,14965.2,Y,신제품
P1099A-05.75ABN3,-05.75,Clalen D_Ash brown_55%(중국_축고정),R1099-05.75ABN3,Q1099-05.75ABN3,CHINA/IRIS,"INTEROJO CHINA CO., LTD","DD1523, DD1787",2,2,2026-08-24,600,8214.0,8214.0,0.0,0.0,0,0,0.0,0.0,0.0,0.0,B급,0,45,,,0.0,0.0,14965.2,Y,신제품
P1146A-00.75BMB3,-00.75,PIA D_BAGUMORE BROWN_55% UV 15.0,R1146-00.75BMB3,Q1146-00.75BMB3,PIA,"PIA Co.,Ltd.",AA1403,1,1,2026-08-31,900,8138.0,8138.0,0.0,0.0,0,0,0.0,0.0,0.0,0.0,B급,20,60,,,0.0,0.0,14918.400000000001,Y,신제품
P7008A-01.25DAT,-01.25,PIA D_Date Topaz_38% UV,R7008-01.25DAT,Q7008-01.25DAT,PIA,"PIA Co.,Ltd.",AA1449,1,1,2026-08-20,700,8133.0,8133.0,0.0,0.0,0,0,0.0,780.0,33600.0,4.201785714285714,B급,20,60,생산우선,부족이 있으나 완제품 DOI가 기준 미달,0.0,0.09590556990040576,14810.400000000001,,계산됨
P1146A-04.25BMB3,-04.25,PIA D_BAGUMORE BROWN_55% UV 15.0,R1146-04.25BMB3,Q1146-04.25BMB3,PIA,"PIA Co.,Ltd.",AA1403,1,1,2026-08-31,800,7766.0,7766.0,0.0,0.0,0,0,0.0,0.0,0.0,0.0,B급,20,60,,,0.0,0.0,14218.8,Y,신제품
P1061A-06.50CRW3,-06.50,PIA D_Cherish Brown_55% UV 14.2,R1061-06.50CRW3,Q1061-06.50CRW3,PIA,"PIA Co.,Ltd.",AA1447,1,1,2026-08-20,700,7556.0,7556.0,0.0,0.0,0,0,0.0,5585.0,30200.0,33.473013245033115,B급,20,60,생산유지,부족은 있으나 DOI가 기준 범위 또는 상한 내,0.0,0.7391476971942826,13531.55,,계산됨
P1148A-05.00BMH3,-05.00,PIA D_BAGUMORE HONEY LATTE_55% UV 15.0,R1148-05.00BMH3,Q1148-05.00BMH3,PIA,"PIA Co.,Ltd.",AA1403,1,1,2026-08-31,1500,7154.0,7154.0,0.0,0.0,0,0,0.0,0.0,0.0,0.0,A급,30,60,,,0.0,0.0,13327.2,Y,신제품
P1170A-01.00NWK3,-01.00,PIA D_NUDE WINK_55% UV 14.5,R1170-01.00NWK3,Q1170-01.00NWK3,PIA,"PIA Co.,Ltd.","AA1405, AA1406",2,2,2026-08-20,600,7062.0,7062.0,0.0,0.0,0,0,0.0,0.0,0.0,0.0,B급,20,60,생산우선,부족이 있으나 완제품 DOI가 기준 미달,0.0,0.0,12891.6,,재고없음
P1170A-01.25NWK3,-01.25,PIA D_NUDE WINK_55% UV 14.5,R1170-01.25NWK3,Q1170-01.25NWK3,PIA,"PIA Co.,Ltd.","AA1405, AA1406",2,2,2026-08-20,600,7062.0,7062.0,0.0,0.0,0,0,0.0,0.0,0.0,0.0,B급,20,60,생산우선,부족이 있으나 완제품 DOI가 기준 미달,0.0,0.0,12891.6,,재고없음
P1170A-01.50NWK3,-01.50,PIA D_NUDE WINK_55% UV 14.5,R1170-01.50NWK3,Q1170-01.50NWK3,PIA,"PIA Co.,Ltd.","AA1405, AA1406",2,2,2026-08-20,600,7062.0,7062.0,0.0,0.0,0,0,0.0,0.0,0.0,0.0,B급,20,60,생산우선,부족이 있으나 완제품 DOI가 기준 미달,0.0,0.0,12891.6,,재고없음
P1170A-01.75NWK3,-01.75,PIA D_NUDE WINK_55% UV 14.5,R1170-01.75NWK3,Q1170-01.75NWK3,PIA,"PIA Co.,Ltd.","AA1405, AA1406",2,2,2026-08-20,600,7062.0,7062.0,0.0,0.0,0,0,0.0,0.0,0.0,0.0,B급,20,60,생산우선,부족이 있으나 완제품 DOI가 기준 미달,0.0,0.0,12891.6,,재고없음
P1170A-02.00NWK3,-02.00,PIA D_NUDE WINK_55% UV 14.5,R1170-02.00NWK3,Q1170-02.00NWK3,PIA,"PIA Co.,Ltd.","AA1405, AA1406",2,2,2026-08-20,600,7062.0,7062.0,0.0,0.0,0,0,0.0,0.0,0.0,0.0,B급,20,60,생산우선,부족이 있으나 완제품 DOI가 기준 미달,0.0,0.0,12891.6,,재고없음
P1170A-02.25NWK3,-02.25,PIA D_NUDE WINK_55% UV 14.5,R1170-02.25NWK3,Q1170-02.25NWK3,PIA,"PIA Co.,Ltd.","AA1405, AA1406",2,2,2026-08-20,600,7062.0,7062.0,0.0,0.0,0,0,0.0,0.0,0.0,0.0,B급,20,60,생산우선,부족이 있으나 완제품 DOI가 기준 미달,0.0,0.0,12891.6,,재고없음
P1170A-02.50NWK3,-02.50,PIA D_NUDE WINK_55% UV 14.5,R1170-02.50NWK3,Q1170-02.50NWK3,PIA,"PIA Co.,Ltd.","AA1405, AA1406",2,2,2026-08-20,600,7062.0,7062.0,0.0,0.0,0,0,0.0,0.0,0.0,0.0,B급,20,60,생산우선,부족이 있으나 완제품 DOI가 기준 미달,0.0,0.0,12891.6,,재고없음
P1170A-02.75NWK3,-02.75,PIA D_NUDE WINK_55% UV 14.5,R1170-02.75NWK3,Q1170-02.75NWK3,PIA,"PIA Co.,Ltd.","AA1405, AA1406",2,2,2026-08-20,600,7062.0,7062.0,0.0,0.0,0,0,0.0,0.0,0.0,0.0,B급,20,60,생산우선,부족이 있으나 완제품 DOI가 기준 미달,0.0,0.0,12891.6,,재고없음
P1170A-03.00NWK3,-03.00,PIA D_NUDE WINK_55% UV 14.5,R1170-03.00NWK3,Q1170-03.00NWK3,PIA,"PIA Co.,Ltd.","AA1405, AA1406",2,2,2026-08-20,600,7062.0,7062.0,0.0,0.0,0,0,0.0,0.0,0.0,0.0,B급,20,60,생산우선,부족이 있으나 완제품 DOI가 기준 미달,0.0,0.0,12891.6,,재고없음
P1170A-03.25NWK3,-03.25,PIA D_NUDE WINK_55% UV 14.5,R1170-03.25NWK3,Q1170-03.25NWK3,PIA,"PIA Co.,Ltd.","AA1405, AA1406",2,2,2026-08-20,600,7062.0,7062.0,0.0,0.0,0,0,0.0,0.0,0.0,0.0,B급,20,60,생산우선,부족이 있으나 완제품 DOI가 기준 미달,0.0,0.0,12891.6,,재고없음
P1170A-03.50NWK3,-03.50,PIA D_NUDE WINK_55% UV 14.5,R1170-03.50NWK3,Q1170-03.50NWK3,PIA,"PIA Co.,Ltd.","AA1405, AA1406",2,2,2026-08-20,600,7062.0,7062.0,0.0,0.0,0,0,0.0,0.0,0.0,0.0,B급,20,60,생산우선,부족이 있으나 완제품 DOI가 기준 미달,0.0,0.0,12891.6,,재고없음
P1170A-03.75NWK3,-03.75,PIA D_NUDE WINK_55% UV 14.5,R1170-03.75NWK3,Q1170-03.75NWK3,PIA,"PIA Co.,Ltd.","AA1405, AA1406",2,2,2026-08-20,600,7062.0,7062.0,0.0,0.0,0,0,0.0,0.0,0.0,0.0,B급,20,60,생산우선,부족이 있으나 완제품 DOI가 기준 미달,0.0,0.0,12891.6,,재고없음
P1170A-04.00NWK3,-04.00,PIA D_NUDE WINK_55% UV 14.5,R1170-04.00NWK3,Q1170-04.00NWK3,PIA,"PIA Co.,Ltd.","AA1405, AA1406",2,2,2026-08-20,600,7062.0,7062.0,0.0,0.0,0,0,0.0,0.0,0.0,0.0,B급,20,60,생산우선,부족이 있으나 완제품 DOI가 기준 미달,0.0,0.0,12891.6,,재고없음
P1170A-04.50NWK3,-04.50,PIA D_NUDE WINK_55% UV 14.5,R1170-04.50NWK3,Q1170-04.50NWK3,PIA,"PIA Co.,Ltd.","AA1405, AA1406",2,2,2026-08-20,600,7062.0,7062.0,0.0,0.0,0,0,0.0,0.0,0.0,0.0,B급,20,60,생산우선,부족이 있으나 완제품 DOI가 기준 미달,0.0,0.0,12891.6,,재고없음
P1170A-04.75NWK3,-04.75,PIA D_NUDE WINK_55% UV 14.5,R1170-04.75NWK3,Q1170-04.75NWK3,PIA,"PIA Co.,Ltd.","AA1405, AA1406",2,2,2026-08-20,600,7062.0,7062.0,0.0,0.0,0,0,0.0,0.0,0.0,0.0,B급,20,60,생산우선,부족이 있으나 완제품 DOI가 기준 미달,0.0,0.0,12891.6,,재고없음
P1170A-05.00NWK3,-05.00,PIA D_NUDE WINK_55% UV 14.5,R1170-05.00NWK3,Q1170-05.00NWK3,PIA,"PIA Co.,Ltd.","AA1405, AA1406",2,2,2026-08-20,600,7062.0,7062.0,0.0,0.0,0,0,0.0,0.0,0.0,0.0,B급,20,60,생산우선,부족이 있으나 완제품 DOI가 기준 미달,0.0,0.0,12891.6,,재고없음
P1170A-05.50NWK3,-05.50,PIA D_NUDE WINK_55% UV 14.5,R1170-05.50NWK3,Q1170-05.50NWK3,PIA,"PIA Co.,Ltd.","AA1405, AA1406",2,2,2026-08-20,600,7062.0,7062.0,0.0,0.0,0,0,0.0,0.0,0.0,0.0,B급,20,60,생산우선,부족이 있으나 완제품 DOI가 기준 미달,0.0,0.0,12891.6,,재고없음
P1171A-01.00GTP3,-01.00,PIA D_GRAY TRAP_55% UV 14.5,R1171-01.00GTP3,Q1171-01.00GTP3,PIA,"PIA Co.,Ltd.","AA1405, AA1406",2,2,2026-08-20,600,7062.0,7062.0,0.0,0.0,0,0,0.0,0.0,0.0,0.0,B급,20,60,생산우선,부족이 있으나 완제품 DOI가 기준 미달,0.0,0.0,12891.6,,재고없음
P1171A-01.25GTP3,-01.25,PIA D_GRAY TRAP_55% UV 14.5,R1171-01.25GTP3,Q1171-01.25GTP3,PIA,"PIA Co.,Ltd.","AA1405, AA1406",2,2,2026-08-20,600,7062.0,7062.0,0.0,0.0,0,0,0.0,0.0,0.0,0.0,B급,20,60,생산우선,부족이 있으나 완제품 DOI가 기준 미달,0.0,0.0,12891.6,,재고없음
P1171A-01.50GTP3,-01.50,PIA D_GRAY TRAP_55% UV 14.5,R1171-01.50GTP3,Q1171-01.50GTP3,PIA,"PIA Co.,Ltd.","AA1405, AA1406",2,2,2026-08-20,600,7062.0,7062.0,0.0,0.0,0,0,0.0,0.0,0.0,0.0,B급,20,60,생산우선,부족이 있으나 완제품 DOI가 기준 미달,0.0,0.0,12891.6,,재고없음
P1171A-01.75GTP3,-01.75,PIA D_GRAY TRAP_55% UV 14.5,R1171-01.75GTP3,Q1171-01.75GTP3,PIA,"PIA Co.,Ltd.","AA1405, AA1406",2,2,2026-08-20,600,7062.0,7062.0,0.0,0.0,0,0,0.0,0.0,0.0,0.0,B급,20,60,생산우선,부족이 있으나 완제품 DOI가 기준 미달,0.0,0.0,12891.6,,재고없음
P1171A-02.00GTP3,-02.00,PIA D_GRAY TRAP_55% UV 14.5,R1171-02.00GTP3,Q1171-02.00GTP3,PIA,"PIA Co.,Ltd.","AA1405, AA1406",2,2,2026-08-20,600,7062.0,7062.0,0.0,0.0,0,0,0.0,0.0,0.0,0.0,B급,20,60,생산우선,부족이 있으나 완제품 DOI가 기준 미달,0.0,0.0,12891.6,,재고없음
P1171A-02.25GTP3,-02.25,PIA D_GRAY TRAP_55% UV 14.5,R1171-02.25GTP3,Q1171-02.25GTP3,PIA,"PIA Co.,Ltd.","AA1405, AA1406",2,2,2026-08-20,600,7062.0,7062.0,0.0,0.0,0,0,0.0,0.0,0.0,0.0,B급,20,60,생산우선,부족이 있으나 완제품 DOI가 기준 미달,0.0,0.0,12891.6,,재고없음
P1171A-02.50GTP3,-02.50,PIA D_GRAY TRAP_55% UV 14.5,R1171-02.50GTP3,Q1171-02.50GTP3,PIA,"PIA Co.,Ltd.","AA1405, AA1406",2,2,2026-08-20,600,7062.0,7062.0,0.0,0.0,0,0,0.0,0.0,0.0,0.0,B급,20,60,생산우선,부족이 있으나 완제품 DOI가 기준 미달,0.0,0.0,12891.6,,재고없음
P1171A-02.75GTP3,-02.75,PIA D_GRAY TRAP_55% UV 14.5,R1171-02.75GTP3,Q1171-02.75GTP3,PIA,"PIA Co.,Ltd.","AA1405, AA1406",2,2,2026-08-20,600,7062.0,7062.0,0.0,0.0,0,0,0.0,0.0,0.0,0.0,B급,20,60,생산우선,부족이 있으나 완제품 DOI가 기준 미달,0.0,0.0,12891.6,,재고없음
P1171A-03.00GTP3,-03.00,PIA D_GRAY TRAP_55% UV 14.5,R1171-03.00GTP3,Q1171-03.00GTP3,PIA,"PIA Co.,Ltd.","AA1405, AA1406",2,2,2026-08-20,600,7062.0,7062.0,0.0,0.0,0,0,0.0,0.0,0.0,0.0,B급,20,60,생산우선,부족이 있으나 완제품 DOI가 기준 미달,0.0,0.0,12891.6,,재고없음
P1171A-03.25GTP3,-03.25,PIA D_GRAY TRAP_55% UV 14.5,R1171-03.25GTP3,Q1171-03.25GTP3,PIA,"PIA Co.,Ltd.","AA1405, AA1406",2,2,2026-08-20,600,7062.0,7062.0,0.0,0.0,0,0,0.0,0.0,0.0,0.0,B급,20,60,생산우선,부족이 있으나 완제품 DOI가 기준 미달,0.0,0.0,12891.6,,재고없음
P1171A-03.50GTP3,-03.50,PIA D_GRAY TRAP_55% UV 14.5,R1171-03.50GTP3,Q1171-03.50GTP3,PIA,"PIA Co.,Ltd.","AA1405, AA1406",2,2,2026-08-20,600,7062.0,7062.0,0.0,0.0,0,0,0.0,0.0,0.0,0.0,B급,20,60,생산우선,부족이 있으나 완제품 DOI가 기준 미달,0.0,0.0,12891.6,,재고없음
P1171A-03.75GTP3,-03.75,PIA D_GRAY TRAP_55% UV 14.5,R1171-03.75GTP3,Q1171-03.75GTP3,PIA,"PIA Co.,Ltd.","AA1405, AA1406",2,2,2026-08-20,600,7062.0,7062.0,0.0,0.0,0,0,0.0,0.0,0.0,0.0,B급,20,60,생산우선,부족이 있으나 완제품 DOI가 기준 미달,0.0,0.0,12891.6,,재고없음
P1171A-04.00GTP3,-04.00,PIA D_GRAY TRAP_55% UV 14.5,R1171-04.00GTP3,Q1171-04.00GTP3,PIA,"PIA Co.,Ltd.","AA1405, AA1406",2,2,2026-08-20,600,7062.0,7062.0,0.0,0.0,0,0,0.0,0.0,0.0,0.0,B급,20,60,생산우선,부족이 있으나 완제품 DOI가 기준 미달,0.0,0.0,12891.6,,재고없음
P1171A-04.50GTP3,-04.50,PIA D_GRAY TRAP_55% UV 14.5,R1171-04.50GTP3,Q1171-04.50GTP3,PIA,"PIA Co.,Ltd.","AA1405, AA1406",2,2,2026-08-20,600,7062.0,7062.0,0.0,0.0,0,0,0.0,0.0,0.0,0.0,B급,20,60,생산우선,부족이 있으나 완제품 DOI가 기준 미달,0.0,0.0,12891.6,,재고없음
P1171A-04.75GTP3,-04.75,PIA D_GRAY TRAP_55% UV 14.5,R1171-04.75GTP3,Q1171-04.75GTP3,PIA,"PIA Co.,Ltd.","AA1405, AA1406",2,2,2026-08-20,600,7062.0,7062.0,0.0,0.0,0,0,0.0,0.0,0.0,0.0,B급,20,60,생산우선,부족이 있으나 완제품 DOI가 기준 미달,0.0,0.0,12891.6,,재고없음
P1171A-05.00GTP3,-05.00,PIA D_GRAY TRAP_55% UV 14.5,R1171-05.00GTP3,Q1171-05.00GTP3,PIA,"PIA Co.,Ltd.","AA1405, AA1406",2,2,2026-08-20,600,7062.0,7062.0,0.0,0.0,0,0,0.0,0.0,0.0,0.0,B급,20,60,생산우선,부족이 있으나 완제품 DOI가 기준 미달,0.0,0.0,12891.6,,재고없음
P1171A-05.50GTP3,-05.50,PIA D_GRAY TRAP_55% UV 14.5,R1171-05.50GTP3,Q1171-05.50GTP3,PIA,"PIA Co.,Ltd.","AA1405, AA1406",2,2,2026-08-20,600,7062.0,7062.0,0.0,0.0,0,0,0.0,0.0,0.0,0.0,B급,20,60,생산우선,부족이 있으나 완제품 DOI가 기준 미달,0.0,0.0,12891.6,,재고없음
P1146A-03.25BMB3,-03.25,PIA D_BAGUMORE BROWN_55% UV 15.0,R1146-03.25BMB3,Q1146-03.25BMB3,PIA,"PIA Co.,Ltd.",AA1403,1,1,2026-08-31,1100,6915.0,6915.0,0.0,0.0,0,0,0.0,0.0,0.0,0.0,B급,20,60,,,0.0,0.0,12777.0,Y,신제품
P1149A-04.50BMC3,-04.50,PIA D_BAGUMORE ICHIGO LATTE _55% UV 15.0,R1149-04.50BMC3,Q1149-04.50BMC3,PIA,"PIA Co.,Ltd.",AA1403,1,1,2026-08-31,1100,6795.0,6795.0,0.0,0.0,0,0,0.0,0.0,0.0,0.0,B급,20,60,,,0.0,0.0,12561.0,Y,신제품
P1096A-01.25GEN3,-01.25,Clalen D_Green_55%(중국_축고정),R1096-01.25GEN3,Q1096-01.25GEN3,CHINA/IRIS,"INTEROJO CHINA CO., LTD","DD1523, DD1787",2,2,2026-08-24,500,6845.0,6845.0,0.0,0.0,0,0,0.0,0.0,0.0,0.0,B급,0,45,,,0.0,0.0,12471.0,Y,신제품
P1096A-01.75GEN3,-01.75,Clalen D_Green_55%(중국_축고정),R1096-01.75GEN3,Q1096-01.75GEN3,CHINA/IRIS,"INTEROJO CHINA CO., LTD","DD1523, DD1787",2,2,2026-08-24,500,6845.0,6845.0,0.0,0.0,0,0,0.0,0.0,0.0,0.0,B급,0,45,,,0.0,0.0,12471.0,Y,신제품
P1096A-02.25GEN3,-02.25,Clalen D_Green_55%(중국_축고정),R1096-02.25GEN3,Q1096-02.25GEN3,CHINA/IRIS,"INTEROJO CHINA CO., LTD","DD1523, DD1787",2,2,2026-08-24,500,6845.0,6845.0,0.0,0.0,0,0,0.0,0.0,0.0,0.0,B급,0,45,,,0.0,0.0,12471.0,Y,신제품
P1096A-05.25GEN3,-05.25,Clalen D_Green_55%(중국_축고정),R1096-05.25GEN3,Q1096-05.25GEN3,CHINA/IRIS,"INTEROJO CHINA CO., LTD","DD1523, DD1787",2,2,2026-08-24,500,6845.0,6845.0,0.0,0.0,0,0,0.0,0.0,0.0,0.0,B급,0,45,,,0.0,0.0,12471.0,Y,신제품
P1096A-05.75GEN3,-05.75,Clalen D_Green_55%(중국_축고정),R1096-05.75GEN3,Q1096-05.75GEN3,CHINA/IRIS,"INTEROJO CHINA CO., LTD","DD1523, DD1787",2,2,2026-08-24,500,6845.0,6845.0,0.0,0.0,0,0,0.0,0.0,0.0,0.0,B급,0,45,,,0.0,0.0,12471.0,Y,신제품
P1146A-01.50BMB3,-01.50,PIA D_BAGUMORE BROWN_55% UV 15.0,R1146-01.50BMB3,Q1146-01.50BMB3,PIA,"PIA Co.,Ltd.","AA1344, AA1403",2,2,2026-08-23,2500,7026.0,5692.0,1547.0,3026.0,5440,0,10013.0,0.0,0.0,0.0,A급,30,60,,,1.4251352120694563,0.0,12329.6,Y,신제품
P1149A-06.50BMC3,-06.50,PIA D_BAGUMORE ICHIGO LATTE _55% UV 15.0,R1149-06.50BMC3,Q1149-06.50BMC3,PIA,"PIA Co.,Ltd.",AA1403,1,1,2026-08-31,700,6729.0,6729.0,0.0,0.0,0,0,0.0,0.0,0.0,0.0,B급,20,60,,,0.0,0.0,12322.2,Y,신제품
P1061A-01.00CRW3,-01.00,PIA D_Cherish Brown_55% UV 14.2,R1061-01.00CRW3,Q1061-01.00CRW3,PIA,"PIA Co.,Ltd.",AA1447,1,1,2026-08-20,1600,7121.0,7121.0,0.0,0.0,0,0,0.0,22025.0,44200.0,90.19287330316742,A급,30,60,생산조정,"현재 DOI가 기준 상한 초과, 부족이 크지 않음",0.0,3.0929644712821234,12196.55,,계산됨
P1149A-03.50BMC3,-03.50,PIA D_BAGUMORE ICHIGO LATTE _55% UV 15.0,R1149-03.50BMC3,Q1149-03.50BMC3,PIA,"PIA Co.,Ltd.",AA1403,1,1,2026-08-31,1400,6396.0,6396.0,0.0,0.0,2610,0,2610.0,0.0,0.0,0.0,B급,20,60,,,0.4080675422138837,0.0,11932.8,Y,신제품
P7017A-00.00CRR,-00.00,PIA D_Cream Rose_38% UV,R7017-00.00CRR,Q7017-00.00CRR,PIA,"PIA Co.,Ltd.",AA1449,1,1,2026-08-20,4600,6097.0,6097.0,3138.0,2005.0,0,0,5143.0,10200.0,178500.0,10.342857142857143,A급,30,60,생산우선,부족이 있으나 완제품 DOI가 기준 미달,0.8435296047236346,1.672953911759882,11844.6,,계산됨
P1147A-03.50BMG3,-03.50,PIA D_BAGUMORE GRAY_55% UV 15.0,R1147-03.50BMG3,Q1147-03.50BMG3,PIA,"PIA Co.,Ltd.",AA1403,1,1,2026-08-31,1400,6197.0,6197.0,0.0,0.0,1890,0,1890.0,0.0,0.0,0.0,B급,20,60,,,0.30498628368565434,0.0,11574.6,Y,신제품
P1061A-05.25CRW3,-05.25,PIA D_Cherish Brown_55% UV 14.2,R1061-05.25CRW3,Q1061-05.25CRW3,PIA,"PIA Co.,Ltd.",AA1447,1,1,2026-08-20,1000,6214.0,6214.0,0.0,0.0,0,0,0.0,5430.0,24200.0,40.61280991735537,B급,20,60,생산유지,부족은 있으나 DOI가 기준 범위 또는 상한 내,0.0,0.8738332796910203,11213.7,,계산됨
P1149A-07.50BMC3,-07.50,PIA D_BAGUMORE ICHIGO LATTE _55% UV 15.0,R1149-07.50BMC3,Q1149-07.50BMC3,PIA,"PIA Co.,Ltd.","AA1344, AA1403",2,2,2026-08-23,1000,5931.0,5931.0,0.0,0.0,0,0,0.0,0.0,0.0,0.0,B급,20,60,,,0.0,0.0,10975.8,Y,신제품
P1148A-08.00BMH3,-08.00,PIA D_BAGUMORE HONEY LATTE_55% UV 15.0,R1148-08.00BMH3,Q1148-08.00BMH3,PIA,"PIA Co.,Ltd.","AA1344, AA1403",2,2,2026-08-23,1200,5853.0,5811.0,3711.0,0.0,0,0,3711.0,0.0,0.0,0.0,B급,20,60,,,0.6340338288057407,0.0,10861.8,Y,신제품
P1170A-00.75NWK3,-00.75,PIA D_NUDE WINK_55% UV 14.5,R1170-00.75NWK3,Q1170-00.75NWK3,PIA,"PIA Co.,Ltd.","AA1405, AA1406",2,2,2026-08-20,500,5885.0,5885.0,0.0,0.0,0,0,0.0,0.0,0.0,0.0,B급,20,60,생산우선,부족이 있으나 완제품 DOI가 기준 미달,0.0,0.0,10743.0,,재고없음
P1170A-04.25NWK3,-04.25,PIA D_NUDE WINK_55% UV 14.5,R1170-04.25NWK3,Q1170-04.25NWK3,PIA,"PIA Co.,Ltd.","AA1405, AA1406",2,2,2026-08-20,500,5885.0,5885.0,0.0,0.0,0,0,0.0,0.0,0.0,0.0,B급,20,60,생산우선,부족이 있으나 완제품 DOI가 기준 미달,0.0,0.0,10743.0,,재고없음
P1171A-00.75GTP3,-00.75,PIA D_GRAY TRAP_55% UV 14.5,R1171-00.75GTP3,Q1171-00.75GTP3,PIA,"PIA Co.,Ltd.","AA1405, AA1406",2,2,2026-08-20,500,5885.0,5885.0,0.0,0.0,0,0,0.0,0.0,0.0,0.0,B급,20,60,생산우선,부족이 있으나 완제품 DOI가 기준 미달,0.0,0.0,10743.0,,재고없음
P1171A-04.25GTP3,-04.25,PIA D_GRAY TRAP_55% UV 14.5,R1171-04.25GTP3,Q1171-04.25GTP3,PIA,"PIA Co.,Ltd.","AA1405, AA1406",2,2,2026-08-20,500,5885.0,5885.0,0.0,0.0,0,0,0.0,0.0,0.0,0.0,B급,20,60,생산우선,부족이 있으나 완제품 DOI가 기준 미달,0.0,0.0,10743.0,,재고없음
P1024A-00.00HKR3,-00.00,HAPA(PIA) D_First Love Kristin Brown 14.2_38% UV,R1024-00.00HKR3,Q1024-00.00HKR3,PIA,"PIA Co.,Ltd.",GG0243,1,1,2026-08-20,1200,5944.0,5944.0,3823.0,0.0,0,0,3823.0,6655.0,41000.0,29.37939024390244,B급,20,60,생산유지,부족은 있으나 DOI가 기준 범위 또는 상한 내,0.6431695827725438,1.1196164199192462,10726.45,,계산됨
P1146A-01.75BMB3,-01.75,PIA D_BAGUMORE BROWN_55% UV 15.0,R1146-01.75BMB3,Q1146-01.75BMB3,PIA,"PIA Co.,Ltd.",AA1403,1,1,2026-08-31,1200,5412.0,5412.0,1146.0,0.0,0,0,1146.0,0.0,0.0,0.0,B급,20,60,,,0.21175166297117518,0.0,10101.6,Y,신제품
P0548A-04.50UNB,-04.50,PIA D_Uniform Black_55% UV,R0548-04.50UNB,Q0548-04.50UNB,PIA,"PIA Co.,Ltd.",AA1447,1,1,2026-08-20,500,5544.0,5544.0,0.0,0.0,0,0,0.0,1295.0,11200.0,20.928125,B급,20,60,생산유지,부족은 있으나 DOI가 기준 범위 또는 상한 내,0.0,0.2335858585858586,10064.45,,계산됨
P1148A-07.00BMH3,-07.00,PIA D_BAGUMORE HONEY LATTE_55% UV 15.0,R1148-07.00BMH3,Q1148-07.00BMH3,PIA,"PIA Co.,Ltd.",AA1403,1,1,2026-08-31,500,5412.0,5412.0,0.0,0.0,0,0,0.0,0.0,0.0,0.0,B급,20,60,,,0.0,0.0,9891.6,Y,신제품
P1149A-03.25BMC3,-03.25,PIA D_BAGUMORE ICHIGO LATTE _55% UV 15.0,R1149-03.25BMC3,Q1149-03.25BMC3,PIA,"PIA Co.,Ltd.",AA1403,1,1,2026-08-31,1100,5266.0,5266.0,0.0,0.0,0,0,0.0,0.0,0.0,0.0,B급,20,60,,,0.0,0.0,9808.8,Y,신제품
P1149A-05.00BMC3,-05.00,PIA D_BAGUMORE ICHIGO LATTE _55% UV 15.0,R1149-05.00BMC3,Q1149-05.00BMC3,PIA,"PIA Co.,Ltd.",AA1403,1,1,2026-08-31,1500,5027.0,5027.0,0.0,0.0,0,0,0.0,0.0,0.0,0.0,A급,30,60,,,0.0,0.0,9498.6,Y,신제품
P1144A-04.50BMP3,-04.50,PIA D_BAGUMORE PINK_55% UV 15.0,R1144-04.50BMP3,Q1144-04.50BMP3,PIA,"PIA Co.,Ltd.",AA1403,1,1,2026-08-31,1100,4827.0,4827.0,0.0,0.0,0,0,0.0,0.0,0.0,0.0,B급,20,60,,,0.0,0.0,9018.6,Y,신제품
P1144A-01.00BMP3,-01.00,PIA D_BAGUMORE PINK_55% UV 15.0,R1144-01.00BMP3,Q1144-01.00BMP3,PIA,"PIA Co.,Ltd.",AA1403,1,1,2026-08-31,900,4801.0,4801.0,2166.0,1891.0,0,0,4057.0,0.0,0.0,0.0,B급,20,60,,,0.8450322849406373,0.0,8911.8,Y,신제품
P7006A-05.00BEO,-05.00,PIA D_Baby Espresso_38% UV,R7006-05.00BEO,Q7006-05.00BEO,PIA,"PIA Co.,Ltd.",AA1449,1,1,2026-08-20,700,4708.0,4708.0,0.0,0.0,0,0,0.0,3005.0,27200.0,19.996507352941176,B급,20,60,유지/관찰,,0.0,0.6382752761257434,8534.15,,계산됨
P0548A-06.00UNB,-06.00,PIA D_Uniform Black_55% UV,R0548-06.00UNB,Q0548-06.00UNB,PIA,"PIA Co.,Ltd.",AA1447,1,1,2026-08-20,400,4673.0,4673.0,0.0,0.0,0,0,0.0,0.0,9200.0,0.0,C급,0,30,유지/관찰,,0.0,0.0,8531.4,,재고없음
P7012A-00.00JGR,-00.00,PIA D_Jelly Gray_38% UV,R7012-00.00JGR,Q7012-00.00JGR,PIA,"PIA Co.,Ltd.",AA1450,1,1,2026-08-20,400,4614.0,4614.0,0.0,0.0,0,0,0.0,2080.0,16200.0,23.23950617283951,C급,0,30,유지/관찰,,0.0,0.45080190723883834,8321.2,,계산됨
P0548A-03.50UNB,-03.50,PIA D_Uniform Black_55% UV,R0548-03.50UNB,Q0548-03.50UNB,PIA,"PIA Co.,Ltd.",AA1447,1,1,2026-08-20,500,4567.0,4567.0,0.0,0.0,0,0,0.0,1125.0,6200.0,32.84274193548387,B급,20,60,유지/관찰,,0.0,0.24633238449748193,8314.35,,계산됨
P1144A-08.00BMP3,-08.00,PIA D_BAGUMORE PINK_55% UV 15.0,R1144-08.00BMP3,Q1144-08.00BMP3,PIA,"PIA Co.,Ltd.",AA1403,1,1,2026-08-31,500,4522.0,4522.0,0.0,0.0,0,1455,1455.0,0.0,0.0,0.0,B급,20,60,,,0.3217602830605927,0.0,8289.6,Y,신제품
P1144A-04.25BMP3,-04.25,PIA D_BAGUMORE PINK_55% UV 15.0,R1144-04.25BMP3,Q1144-04.25BMP3,PIA,"PIA Co.,Ltd.",AA1403,1,1,2026-08-31,800,4349.0,4349.0,0.0,0.0,0,0,0.0,0.0,0.0,0.0,B급,20,60,,,0.0,0.0,8068.200000000001,Y,신제품
P1147A-02.00BMG3,-02.00,PIA D_BAGUMORE GRAY_55% UV 15.0,R1147-02.00BMG3,Q1147-02.00BMG3,PIA,"PIA Co.,Ltd.",AA1403,1,1,2026-08-31,1500,4176.0,4176.0,0.0,0.0,1545,0,1545.0,0.0,0.0,0.0,A급,30,60,,,0.3699712643678161,0.0,7966.8,Y,신제품
P7000A-00.00LCV,-00.00,PIA D_Love Cacao_55%_14.2 UV,R7000-00.00LCV,Q7000-00.00LCV,PIA,"PIA Co.,Ltd.",AA1456,1,1,2026-08-20,400,4355.0,4355.0,0.0,0.0,0,0,0.0,300.0,23200.0,2.3405172413793105,C급,0,30,유지/관찰,,0.0,0.06888633754305395,7944.0,,계산됨
P1144A-07.50BMP3,-07.50,PIA D_BAGUMORE PINK_55% UV 15.0,R1144-07.50BMP3,Q1144-07.50BMP3,PIA,"PIA Co.,Ltd.","AA1344, AA1403",2,2,2026-08-23,1000,4599.0,3617.0,5001.0,0.0,1020,0,6021.0,0.0,0.0,0.0,B급,20,60,,,1.3091976516634052,0.0,7792.6,Y,신제품
P1148A-04.50BMH3,-04.50,PIA D_BAGUMORE HONEY LATTE_55% UV 15.0,R1148-04.50BMH3,Q1148-04.50BMH3,PIA,"PIA Co.,Ltd.",AA1403,1,1,2026-08-31,1100,4096.0,4096.0,0.0,0.0,0,0,0.0,0.0,0.0,0.0,B급,20,60,,,0.0,0.0,7702.8,Y,신제품
P1147A-02.25BMG3,-02.25,PIA D_BAGUMORE GRAY_55% UV 15.0,R1147-02.25BMG3,Q1147-02.25BMG3,PIA,"PIA Co.,Ltd.","AA1344, AA1403",2,2,2026-08-23,2200,4021.0,3245.0,5515.0,0.0,4480,0,9995.0,0.0,0.0,0.0,A급,30,60,,,2.485700074608306,0.0,7277.0,Y,신제품
P7533M-00.00DAP3,-00.00,Dark Peony_PIA_M_(중)(Y),R7533-00.00DAP3,Q7533-00.00DAP3,PIA,"PIA Co.,Ltd.","AA1464, AA1475",2,2,2026-08-20,1350,3632.0,3632.0,0.0,0.0,0,0,0.0,74.0,2500.0,5.357600000000001,B급,20,60,유지/관찰,,0.0,0.020374449339207047,6938.900000000001,,계산됨
P5058A-00.00DBO,-00.00,(영문)PIA D_Dollish Brown_55% UV,R5058-00.00DBO,Q5058-00.00DBO,PIA,"PIA Co.,Ltd.",AA1469,1,1,2026-08-20,400,3637.0,3637.0,0.0,0.0,0,0,0.0,910.0,0.0,0.0,C급,0,30,유지/관찰,,0.0,0.2502062139125653,6621.1,,확인필요
P0519A-02.75OLT,-02.75,PIA D_Oolong Tea_55% UV,R0519-02.75OLT,Q0519-02.75OLT,PIA,"PIA Co.,Ltd.",AA1443,1,1,2026-08-20,600,3437.0,3437.0,0.0,0.0,0,0,0.0,1605.0,51200.0,5.67392578125,B급,20,60,유지/관찰,,0.0,0.46697701483852194,6286.35,,계산됨
P1147A-04.25BMG3,-04.25,PIA D_BAGUMORE GRAY_55% UV 15.0,R1147-04.25BMG3,Q1147-04.25BMG3,PIA,"PIA Co.,Ltd.","AA1344, AA1403",2,2,2026-08-23,1900,3658.0,2221.0,2817.0,1639.0,2625,1725,8806.0,0.0,0.0,0.0,A급,30,60,,,2.4073264078731547,0.0,6004.8,Y,신제품
P1021A-06.00HKA3,-06.00,HAPA(PIA) D_Sugar High Kristin Ash Choco 14.2_55%,R1021-06.00HKA3,Q1021-06.00HKA3,PIA,"PIA Co.,Ltd.",GG0243,1,1,2026-08-20,400,3378.0,3378.0,0.0,0.0,0,0,0.0,4135.0,11000.0,68.03954545454546,C급,0,30,생산조정,"현재 DOI가 기준 상한 초과, 부족이 크지 않음",0.0,1.2240970988750741,5993.65,,계산됨
P4811A-08.00BUL,-08.00,Freedom380_무지리드지,R4811-08.00BUL,Q4811-08.00BUL,MAXVUE/OPTIMAX,Maxvue Vision,D1921,1,1,2026-08-17,3000,2790.0,2790.0,0.0,0.0,0,0,0.0,125.0,0.0,0.0,A급,30,60,유지/관찰,,0.0,0.044802867383512544,5915.75,,확인필요
P1146A-02.00BMB3,-02.00,PIA D_BAGUMORE BROWN_55% UV 15.0,R1146-02.00BMB3,Q1146-02.00BMB3,PIA,"PIA Co.,Ltd.",AA1403,1,1,2026-08-31,1500,2979.0,2979.0,0.0,1323.0,4020,0,5343.0,0.0,0.0,0.0,A급,30,60,,,1.7935548841893252,0.0,5812.200000000001,Y,신제품
P1045M-00.00JQZ2,-00.00,Jelly Quartz_PIA_M_(중),R1045-00.00JQZ2,Q1045-00.00JQZ2,PIA,"PIA Co.,Ltd.",AA1466,1,1,2026-08-20,2100,2819.0,2819.0,1685.0,0.0,0,0,1685.0,953.0,16600.0,10.391144578313252,A급,30,60,유지/관찰,,0.5977296913799219,0.33806314295849593,5656.550000000001,,계산됨
P7538M-00.00DAT2,-00.00,Date Topaz_PIA_M_(중)(Y),R7538-00.00DAT2,Q7538-00.00DAT2,PIA,"PIA Co.,Ltd.",AA1466,1,1,2026-08-20,1500,2880.0,2880.0,0.0,0.0,0,0,0.0,923.0,11800.0,14.157881355932204,A급,30,60,유지/관찰,,0.0,0.32048611111111114,5587.85,,계산됨
P3113R-00.00MLT,-00.00,(영문)PIA_1D 55% Matcha Latte,R3113-00.00MLT,Q3113-00.00MLT,PIA,"PIA Co.,Ltd.",AA1468,1,1,2026-08-20,300,3025.0,3025.0,0.0,0.0,0,0,0.0,435.0,2000.0,39.3675,C급,0,30,생산조정,"현재 DOI가 기준 상한 초과, 부족이 크지 않음",0.0,0.14380165289256197,5513.25,,계산됨
P1146A-04.50BMB3,-04.50,PIA D_BAGUMORE BROWN_55% UV 15.0,R1146-04.50BMB3,Q1146-04.50BMB3,PIA,"PIA Co.,Ltd.",AA1403,1,1,2026-08-31,1100,2859.0,2859.0,0.0,4311.0,0,1705,6016.0,0.0,0.0,0.0,B급,20,60,,,2.1042322490381253,0.0,5476.200000000001,Y,신제품
P3220A-00.00ALH,-00.00,Alcon D_Allure Hazel_W3C(APAC),R3220-00.00ALH,Q3220-00.00ALH,Alcon,ALCON India,D1926,1,1,2026-08-17,4553,3625.0,3625.0,0.0,0.0,0,0,0.0,48615.0,112300.0,78.35543187889581,A급,30,60,생산조정,"현재 DOI가 기준 상한 초과, 부족이 크지 않음",0.0,13.411034482758621,5460.15,,계산됨
P7008A-03.75DAT,-03.75,PIA D_Date Topaz_38% UV,R7008-03.75DAT,Q7008-03.75DAT,PIA,"PIA Co.,Ltd.",AA1449,1,1,2026-08-20,1100,2978.0,2978.0,0.0,0.0,0,0,0.0,5585.0,53800.0,18.78968401486989,B급,20,60,유지/관찰,,0.0,1.8754197447951646,5411.15,,계산됨
P1146A-06.00BMB3,-06.00,PIA D_BAGUMORE BROWN_55% UV 15.0,R1146-06.00BMB3,Q1146-06.00BMB3,PIA,"PIA Co.,Ltd.",AA1403,1,1,2026-08-31,1500,2687.0,2687.0,1536.0,2236.0,2660,1435,7867.0,0.0,0.0,0.0,A급,30,60,,,2.927800521027168,0.0,5286.6,Y,신제품
P1144A-01.50BMP3,-01.50,PIA D_BAGUMORE PINK_55% UV 15.0,R1144-01.50BMP3,Q1144-01.50BMP3,PIA,"PIA Co.,Ltd.",AA1403,1,1,2026-08-31,1200,2673.0,2673.0,0.0,0.0,0,0,0.0,0.0,0.0,0.0,B급,20,60,,,0.0,0.0,5171.4,Y,신제품
P7007A-04.50SBQ,-04.50,PIA D_Strawberry Quartz_38% UV,R7007-04.50SBQ,Q7007-04.50SBQ,PIA,"PIA Co.,Ltd.",AA1449,1,1,2026-08-20,300,2754.0,2754.0,0.0,0.0,0,0,0.0,645.0,11200.0,10.423660714285711,C급,0,30,유지/관찰,,0.0,0.23420479302832245,5014.950000000001,,계산됨
P7008A-01.75DAT,-01.75,PIA D_Date Topaz_38% UV,R7008-01.75DAT,Q7008-01.75DAT,PIA,"PIA Co.,Ltd.",AA1449,1,1,2026-08-20,800,2719.0,2719.0,0.0,0.0,0,0,0.0,3035.0,40600.0,13.530418719211822,B급,20,60,유지/관찰,,0.0,1.116219198234645,4982.450000000001,,계산됨
P7013A-03.50GAN,-03.50,PIA D_Garnet_38% UV,R7013-03.50GAN,Q7013-03.50GAN,PIA,"PIA Co.,Ltd.",AA1449,1,1,2026-08-20,300,2778.0,2778.0,0.0,0.0,0,0,0.0,2650.0,17200.0,27.886627906976745,C급,0,30,유지/관찰,,0.0,0.9539236861051116,4957.9,,계산됨
P1149A-01.75BMC3,-01.75,PIA D_BAGUMORE ICHIGO LATTE _55% UV 15.0,R1149-01.75BMC3,Q1149-01.75BMC3,PIA,"PIA Co.,Ltd.",AA1403,1,1,2026-08-31,1200,2540.0,2540.0,6860.0,0.0,1420,1310,9590.0,0.0,0.0,0.0,B급,20,60,,,3.7755905511811023,0.0,4932.0,Y,신제품
P2010A-00.00OCE,-00.00,BELLA_Ocean Blue(8년),R2010-00.00OCE,Q2010-00.00OCE,OPTICAL SUPPLIES,OPTICAL SUPPLIES Co.,"YH0214, YH0221",2,2,2026-08-27,570,2613.0,2613.0,0.0,0.0,0,0,0.0,2975.0,88260.0,6.101008384319058,B급,20,60,유지/관찰,,0.0,1.1385380788365862,4725.65,,계산됨
P1147A-07.50BMG3,-07.50,PIA D_BAGUMORE GRAY_55% UV 15.0,R1147-07.50BMG3,Q1147-07.50BMG3,PIA,"PIA Co.,Ltd.","AA1344, AA1403",2,2,2026-08-23,1000,2626.0,2181.0,0.0,0.0,1920,0,1920.0,0.0,0.0,0.0,B급,20,60,,,0.7311500380807312,0.0,4670.8,Y,신제품
P5280A-03.50COJ,-03.50,PIA D_Coffee Jelly_55% UV,R5280-03.50COJ,Q5280-03.50COJ,PIA,"PIA Co.,Ltd.",AA1443,1,1,2026-08-20,800,2519.0,2519.0,0.0,0.0,0,0,0.0,5860.0,68200.0,15.552199413489737,B급,20,60,유지/관찰,,0.0,2.3263199682413656,4481.2,,계산됨
P7008A-03.25DAT,-03.25,PIA D_Date Topaz_38% UV,R7008-03.25DAT,Q7008-03.25DAT,PIA,"PIA Co.,Ltd.",AA1449,1,1,2026-08-20,1100,2495.0,2495.0,1604.0,0.0,0,0,1604.0,7530.0,39000.0,34.94692307692308,B급,20,60,유지/관찰,,0.6428857715430861,3.0180360721442887,4444.5,,계산됨
P4811A-06.00BUL,-06.00,Freedom380_무지리드지,R4811-06.00BUL,Q4811-06.00BUL,MAXVUE/OPTIMAX,Maxvue Vision,D1921,1,1,2026-08-17,6000,2737.0,0.0,0.0,0.0,0,0,0.0,2180.0,0.0,0.0,A급,30,60,유지/관찰,,0.0,0.7964925100474972,4428.0,,확인필요
P7039A-00.00UNB,-00.00,(CA)PIA D_Uniform Black_55%_14.5 UV,R7039-00.00UNB,Q7039-00.00UNB,PIA,"PIA Co.,Ltd.",AA1469,1,1,2026-08-20,250,2424.0,2424.0,0.0,0.0,0,0,0.0,440.0,2000.0,39.82,C급,0,30,생산조정,"현재 DOI가 기준 상한 초과, 부족이 크지 않음",0.0,0.18151815181518152,4416.2,,계산됨
P1149A-04.75BMC3,-04.75,PIA D_BAGUMORE ICHIGO LATTE _55% UV 15.0,R1149-04.75BMC3,Q1149-04.75BMC3,PIA,"PIA Co.,Ltd.",AA1403,1,1,2026-08-31,1000,2274.0,2274.0,0.0,0.0,0,0,0.0,0.0,0.0,0.0,B급,20,60,,,0.0,0.0,4393.2,Y,신제품
P1423A-02.25THB,-02.25,ANW D_Through Beige_Dopewink 38%,R1423-02.25THB,Q1423-02.25THB,Sincere,"SINCERE Co.,Ltd",GG0240,1,1,2026-09-01,210,2401.0,2401.0,0.0,0.0,0,0,0.0,65.0,700.0,16.807142857142857,C급,0,30,유지/관찰,,0.0,0.027072053311120368,4381.55,,계산됨
P1149A-04.25BMC3,-04.25,PIA D_BAGUMORE ICHIGO LATTE _55% UV 15.0,R1149-04.25BMC3,Q1149-04.25BMC3,PIA,"PIA Co.,Ltd.",AA1403,1,1,2026-08-31,800,2288.0,2288.0,0.0,0.0,2405,0,2405.0,0.0,0.0,0.0,B급,20,60,,,1.0511363636363635,0.0,4358.4,Y,신제품
P7555A-00.00WTW3,-00.00,PIA D_(영문)water water,R7555-00.00WTW3,Q7555-00.00WTW3,PIA,"PIA Co.,Ltd.",AA1471,1,1,2026-08-20,250,2307.0,2307.0,0.0,0.0,0,0,0.0,540.0,3000.0,32.58,C급,0,30,생산조정,"현재 DOI가 기준 상한 초과, 부족이 크지 않음",0.0,0.2340702210663199,4200.6,,계산됨
P4834A-03.25CBM,-03.25,ClearBeige Mini UV 14.2,R4834-03.25CBM,Q4834-03.25CBM,from-eyes,"from-eyes Co.,ltd.","GG0229, GG0246",2,2,2026-09-01,200,2284.0,2284.0,0.0,0.0,0,0,0.0,65.0,3000.0,3.921666666666667,C급,0,30,유지/관찰,,0.0,0.028458844133099823,4167.95,,계산됨
P1148A-04.25BMH3,-04.25,PIA D_BAGUMORE HONEY LATTE_55% UV 15.0,R1148-04.25BMH3,Q1148-04.25BMH3,PIA,"PIA Co.,Ltd.",AA1403,1,1,2026-08-31,800,2181.0,2181.0,0.0,0.0,0,0,0.0,0.0,0.0,0.0,B급,20,60,,,0.0,0.0,4165.8,Y,신제품
P7040A-00.00PBO,-00.00,(CA)PIA D_Pink Bomb_55%_14.5 UV,R7040-00.00PBO,Q7040-00.00PBO,PIA,"PIA Co.,Ltd.",AA1469,1,1,2026-08-20,250,2260.0,2260.0,0.0,0.0,0,0,0.0,580.0,2000.0,52.49,C급,0,30,생산조정,"현재 DOI가 기준 상한 초과, 부족이 크지 않음",0.0,0.25663716814159293,4114.0,,계산됨
P1061A-00.75CRW3,-00.75,PIA D_Cherish Brown_55% UV 14.2,R1061-00.75CRW3,Q1061-00.75CRW3,PIA,"PIA Co.,Ltd.",AA1447,1,1,2026-08-20,1200,2566.0,2566.0,0.0,0.0,0,0,0.0,17865.0,27200.0,118.8810661764706,B급,20,60,생산조정,"현재 DOI가 기준 상한 초과, 부족이 크지 않음",0.0,6.9621979734996104,4085.55,,계산됨
P5227A-00.00DAP,-00.00,(CA)PIA D_Dark Peony_55% UV,R5227-00.00DAP,Q5227-00.00DAP,PIA,"PIA Co.,Ltd.",AA1469,1,1,2026-08-20,250,2213.0,2213.0,0.0,0.0,0,0,0.0,620.0,2000.0,56.11,C급,0,30,생산조정,"현재 DOI가 기준 상한 초과, 부족이 크지 않음",0.0,0.2801626751016719,4027.4,,계산됨
P7016A-02.00GBR,-02.00,PIA D_Glow Brown_38% UV,R7016-02.00GBR,Q7016-02.00GBR,PIA,"PIA Co.,Ltd.",AA1449,1,1,2026-08-20,400,2225.0,2225.0,0.0,0.0,0,0,0.0,2115.0,14600.0,26.22020547945205,C급,0,30,유지/관찰,,0.0,0.950561797752809,4019.25,,계산됨
P7013A-03.75GAN,-03.75,PIA D_Garnet_38% UV,R7013-03.75GAN,Q7013-03.75GAN,PIA,"PIA Co.,Ltd.",AA1449,1,1,2026-08-20,300,2201.0,2201.0,0.0,0.0,0,0,0.0,2135.0,10200.0,37.885784313725495,C급,0,30,생산조정,"현재 DOI가 기준 상한 초과, 부족이 크지 않음",0.0,0.9700136301681054,3945.05,,계산됨
P0594A-00.00MOM,-00.00,PIA D_Moon Melt Brown_55%_14.5 UV,R0594-00.00MOM,Q0594-00.00MOM,PIA,"PIA Co.,Ltd.",AA1449,1,1,2026-08-20,3600,3251.0,0.0,45872.0,0.0,0,0,45872.0,8290.0,139200.0,10.779382183908046,A급,30,60,유지/관찰,,14.11011996308828,2.549984620116887,3916.5,,계산됨
P7007A-03.25SBQ,-03.25,PIA D_Strawberry Quartz_38% UV,R7007-03.25SBQ,Q7007-03.25SBQ,PIA,"PIA Co.,Ltd.",AA1449,1,1,2026-08-20,200,2154.0,2154.0,0.0,0.0,0,0,0.0,910.0,8200.0,20.08658536585365,C급,0,30,유지/관찰,,0.0,0.42246982358402974,3891.7,,계산됨
P4877A-00.00DZG,-00.00,(영문)PIA_Dazzle Gray,R4877-00.00DZG,Q4877-00.00DZG,PIA,"PIA Co.,Ltd.",AA1469,1,1,2026-08-20,250,2084.0,2084.0,0.0,0.0,0,0,0.0,730.0,1500.0,88.08666666666667,C급,0,30,생산조정,"현재 DOI가 기준 상한 초과, 부족이 크지 않음",0.0,0.3502879078694818,3789.7,,계산됨
P0547A-06.50DRG,-06.50,PIA D_Dream Gray_55% UV,R0547-06.50DRG,Q0547-06.50DRG,PIA,"PIA Co.,Ltd.",AA1447,1,1,2026-08-20,200,2037.0,2037.0,0.0,0.0,0,0,0.0,275.0,2200.0,22.625,C급,0,30,유지/관찰,,0.0,0.13500245459008345,3712.8500000000004,,계산됨
P1256K8.70-01.75,-01.75,Sincere_2week UV_Clear,R12568.70-01.75,Q12568.70-01.75,거래처 미지정,,안전(해외),1,1,2026-08-30,3000,2849.0,0.0,0.0,0.0,0,0,0.0,1404.0,8436.0,30.12375533428165,A급,30,60,유지/관찰,,0.0,0.4928044928044928,3678.8,,계산됨
P1256K8.70-04.75,-04.75,Sincere_2week UV_Clear,R12568.70-04.75,Q12568.70-04.75,거래처 미지정,,안전(해외),1,1,2026-08-30,3000,2880.0,0.0,0.0,0.0,0,0,0.0,2310.0,9084.0,46.02708058124175,A급,30,60,유지/관찰,,0.0,0.8020833333333334,3664.5,,계산됨
P4876A-00.00DZB,-00.00,(영문)PIA_Dazzle Beige,R4876-00.00DZB,Q4876-00.00DZB,PIA,"PIA Co.,Ltd.",AA1469,1,1,2026-08-20,250,1966.0,1966.0,0.0,0.0,0,0,0.0,830.0,2000.0,75.115,C급,0,30,생산조정,"현재 DOI가 기준 상한 초과, 부족이 크지 않음",0.0,0.422177009155646,3572.3,,계산됨
P0573A-00.00ZUN,-00.00,(영문)PIA D_ZUNDA MOCHI_55% UV,R0573-00.00ZUN,Q0573-00.00ZUN,PIA,"PIA Co.,Ltd.",AA1468,1,1,2026-08-20,200,1954.0,1954.0,0.0,0.0,0,0,0.0,340.0,2000.0,30.770000000000003,C급,0,30,생산조정,"현재 DOI가 기준 상한 초과, 부족이 크지 않음",0.0,0.17400204708290687,3560.2,,계산됨
P3114R-00.00LMD,-00.00,(영문)PIA_1D 55% Lemonade,R3114-00.00LMD,Q3114-00.00LMD,PIA,"PIA Co.,Ltd.",AA1468,1,1,2026-08-20,200,1942.0,1942.0,0.0,0.0,0,0,0.0,350.0,2000.0,31.675,C급,0,30,생산조정,"현재 DOI가 기준 상한 초과, 부족이 크지 않음",0.0,0.18022657054582905,3538.1000000000004,,계산됨
P1256K8.70-06.50,-06.50,Sincere_2week UV_Clear,R12568.70-06.50,Q12568.70-06.50,거래처 미지정,,안전(해외),1,1,2026-08-30,3000,2679.0,0.0,0.0,0.0,0,0,0.0,960.0,10380.0,16.739884393063583,A급,30,60,유지/관찰,,0.0,0.3583426651735722,3531.0,,계산됨
P0548A-01.00UNB,-01.00,PIA D_Uniform Black_55% UV,R0548-01.00UNB,Q0548-01.00UNB,PIA,"PIA Co.,Ltd.",AA1447,1,1,2026-08-20,200,1931.0,1931.0,0.0,0.0,0,0,0.0,360.0,6200.0,10.50967741935484,C급,0,30,유지/관찰,,0.0,0.18643190056965303,3517.8,,계산됨
P1021A-02.00HKA3,-02.00,HAPA(PIA) D_Sugar High Kristin Ash Choco 14.2_55%,R1021-02.00HKA3,Q1021-02.00HKA3,PIA,"PIA Co.,Ltd.",GG0243,1,1,2026-08-20,400,2001.0,2001.0,0.0,0.0,0,0,0.0,5310.0,12000.0,80.0925,C급,0,30,생산조정,"현재 DOI가 기준 상한 초과, 부족이 크지 않음",0.0,2.653673163418291,3456.3,,계산됨
P1022A-04.50HKB3,-04.50,HAPA(PIA) D_Sugar High Kristin Beige 14.2_55% UV,R1022-04.50HKB3,Q1022-04.50HKB3,PIA,"PIA Co.,Ltd.",GG0243,1,1,2026-08-20,200,1942.0,1942.0,0.0,0.0,0,0,0.0,2415.0,6000.0,72.8525,C급,0,30,생산조정,"현재 DOI가 기준 상한 초과, 부족이 크지 않음",0.0,1.2435633367662204,3434.8500000000004,,계산됨
P1061A-05.75CRW3,-05.75,PIA D_Cherish Brown_55% UV 14.2,R1061-05.75CRW3,Q1061-05.75CRW3,PIA,"PIA Co.,Ltd.",AA1447,1,1,2026-08-20,1000,2084.0,2084.0,0.0,0.0,0,0,0.0,12755.0,25200.0,91.61329365079364,B급,20,60,생산조정,"현재 DOI가 기준 상한 초과, 부족이 크지 않음",0.0,6.120441458733206,3413.45,,계산됨
P1061A-07.50CRW3,-07.50,PIA D_Cherish Brown_55% UV 14.2,R1061-07.50CRW3,Q1061-07.50CRW3,PIA,"PIA Co.,Ltd.",AA1447,1,1,2026-08-20,700,2025.0,2025.0,0.0,0.0,0,0,0.0,9290.0,19200.0,87.57760416666666,B급,20,60,생산조정,"현재 DOI가 기준 상한 초과, 부족이 크지 않음",0.0,4.587654320987654,3390.5,,계산됨
P7001A-00.00MCP,-00.00,PIA D_Mocha Powder_55%_14.2 UV,R7001-00.00MCP,Q7001-00.00MCP,PIA,"PIA Co.,Ltd.",AA1456,1,1,2026-08-20,300,1872.0,1872.0,0.0,0.0,0,0,0.0,1410.0,17200.0,14.83779069767442,C급,0,30,유지/관찰,,0.0,0.7532051282051282,3389.1000000000004,,계산됨
P7553A-00.00CRG3,-00.00,PIA D_(영문)Cream Grege,R7553-00.00CRG3,Q7553-00.00CRG3,PIA,"PIA Co.,Ltd.",AA1471,1,1,2026-08-20,200,1860.0,1860.0,0.0,0.0,0,0,0.0,420.0,3000.0,25.340000000000003,C급,0,30,유지/관찰,,0.0,0.22580645161290322,3387.0,,계산됨
P0586A-00.00BRP,-00.00,PIA D_Brulee Pearl_55%_14.2 UV,R0586-00.00BRP,Q0586-00.00BRP,PIA,"PIA Co.,Ltd.",AA1443,1,1,2026-08-20,2100,3372.0,0.0,0.0,3408.0,15520,0,18928.0,13675.0,180200.0,13.735710321864596,A급,30,60,유지/관찰,,5.613285883748517,4.0554567022538555,3318.25,,계산됨
P4811A-01.25BUL,-01.25,Freedom380_무지리드지,R4811-01.25BUL,Q4811-01.25BUL,MAXVUE/OPTIMAX,Maxvue Vision,D1921,1,1,2026-08-17,3000,2444.0,0.0,0.0,0.0,0,0,0.0,580.0,0.0,0.0,A급,30,60,유지/관찰,,0.0,0.23731587561374795,3315.0,,확인필요
P3127A-03.00YSP1,-03.00,PIA_1D 55% YakisobaPan_1T,R3127-03.00YSP1,Q3127-03.00YSP1,PIA,"PIA Co.,Ltd.",AA1448,1,1,2026-08-20,300,1813.0,1813.0,0.0,0.0,0,0,0.0,1465.0,8200.0,32.33719512195122,C급,0,30,생산조정,"현재 DOI가 기준 상한 초과, 부족이 크지 않음",0.0,0.8080529509100938,3280.15,,계산됨
P0582A-00.00EAR,-00.00,BELLA D_EARTH 55%,R0582-00.00EAR,Q0582-00.00EAR,OPTICAL SUPPLIES,OPTICAL SUPPLIES Co.,YH0214,1,1,2026-08-27,350,1813.0,1813.0,0.0,0.0,0,0,0.0,2365.0,18120.0,23.62389624724062,C급,0,30,유지/관찰,,0.0,1.3044677330391616,3250.15,,계산됨
P1149A-03.75BMC3,-03.75,PIA D_BAGUMORE ICHIGO LATTE _55% UV 15.0,R1149-03.75BMC3,Q1149-03.75BMC3,PIA,"PIA Co.,Ltd.",AA1403,1,1,2026-08-31,1200,1570.0,1570.0,0.0,0.0,2390,0,2390.0,0.0,0.0,0.0,B급,20,60,,,1.5222929936305734,0.0,3186.0,Y,신제품
P7502A-00.00CRG,-00.00,PIA D_Cream Grege_14.4,R7502-00.00CRG,Q7502-00.00CRG,PIA,"PIA Co.,Ltd.",AA1445,1,1,2026-08-20,500,1754.0,1754.0,0.0,0.0,0,0,0.0,3510.0,32200.0,19.730124223602484,B급,20,60,유지/관찰,,0.0,2.001140250855188,3131.7,,계산됨
P3160A-00.00SMB,-00.00,(영문)PIA D_SMOKEY BEIGE_55%,R3160-00.00SMB,Q3160-00.00SMB,PIA,"PIA Co.,Ltd.",AA1472,1,1,2026-08-20,200,1719.0,1719.0,0.0,0.0,0,0,0.0,540.0,2000.0,48.870000000000005,C급,0,30,생산조정,"현재 DOI가 기준 상한 초과, 부족이 크지 않음",0.0,0.31413612565445026,3127.2,,계산됨
P7052A-02.00SUD,-02.00,PIA D_Sugar Donut_38% UV,R7052-02.00SUD,Q7052-02.00SUD,PIA,"PIA Co.,Ltd.",AA1450,1,1,2026-08-20,200,1707.0,1707.0,0.0,0.0,0,0,0.0,555.0,1200.0,83.7125,C급,0,30,생산조정,"현재 DOI가 기준 상한 초과, 부족이 크지 않음",0.0,0.3251318101933216,3104.8500000000004,,계산됨
P1144A-06.50BMP3,-06.50,PIA D_BAGUMORE PINK_55% UV 15.0,R1144-06.50BMP3,Q1144-06.50BMP3,PIA,"PIA Co.,Ltd.","AA1344, AA1403",2,2,2026-08-23,1600,2584.0,0.0,0.0,4623.0,8455,0,13078.0,0.0,0.0,0.0,A급,30,60,,,5.061145510835913,0.0,3064.0,Y,신제품
P4811A-07.50BUL,-07.50,Freedom380_무지리드지,R4811-07.50BUL,Q4811-07.50BUL,MAXVUE/OPTIMAX,Maxvue Vision,D1921,1,1,2026-08-17,3000,2196.0,0.0,0.0,0.0,2665,0,2665.0,825.0,0.0,0.0,A급,30,60,유지/관찰,,1.2135701275045538,0.3756830601092896,3054.75,,확인필요
P7003A-05.50MCR,-05.50,PIA D_Mocha Ring_38% UV,R7003-05.50MCR,Q7003-05.50MCR,PIA,"PIA Co.,Ltd.",AA1449,1,1,2026-08-20,400,1695.0,1695.0,0.0,0.0,0,0,0.0,2565.0,14200.0,32.694718309859155,C급,0,30,생산조정,"현재 DOI가 기준 상한 초과, 부족이 크지 않음",0.0,1.5132743362831858,3042.75,,계산됨
P2121A-05.50CLB,-05.50,From D_(UV)Clear Beige Coral_38%,R2121-05.50CLB,Q2121-05.50CLB,from-eyes,"from-eyes Co.,ltd.",GG0245,1,1,2026-10-01,200,1660.0,1660.0,0.0,0.0,0,0,0.0,590.0,2500.0,42.716,C급,0,30,생산조정,"현재 DOI가 기준 상한 초과, 부족이 크지 않음",0.0,0.35542168674698793,3018.5,,계산됨
P0548A-03.00UNB,-03.00,PIA D_Uniform Black_55% UV,R0548-03.00UNB,Q0548-03.00UNB,PIA,"PIA Co.,Ltd.",AA1447,1,1,2026-08-20,300,1660.0,1660.0,0.0,0.0,0,0,0.0,1590.0,13200.0,21.80227272727273,C급,0,30,유지/관찰,,0.0,0.9578313253012049,2998.5,,계산됨
P1021A-01.00HKA3,-01.00,HAPA(PIA) D_Sugar High Kristin Ash Choco 14.2_55%,R1021-01.00HKA3,Q1021-01.00HKA3,PIA,"PIA Co.,Ltd.",GG0243,1,1,2026-08-20,400,1625.0,1625.0,0.0,0.0,0,0,0.0,2070.0,13000.0,28.82076923076923,C급,0,30,유지/관찰,,0.0,1.2738461538461539,2941.5,,계산됨
P0519A-04.00OLT,-04.00,PIA D_Oolong Tea_55% UV,R0519-04.00OLT,Q0519-04.00OLT,PIA,"PIA Co.,Ltd.",AA1443,1,1,2026-08-20,500,1648.0,1648.0,0.0,0.0,0,0,0.0,3600.0,46200.0,14.103896103896105,B급,20,60,유지/관찰,,0.0,2.1844660194174756,2936.4,,계산됨
P0548A-02.75UNB,-02.75,PIA D_Uniform Black_55% UV,R0548-02.75UNB,Q0548-02.75UNB,PIA,"PIA Co.,Ltd.",AA1447,1,1,2026-08-20,500,1648.0,1648.0,0.0,0.0,0,0,0.0,3610.0,9200.0,71.02282608695653,B급,20,60,생산조정,"현재 DOI가 기준 상한 초과, 부족이 크지 않음",0.0,2.1905339805825244,2935.9,,계산됨
P4878A-00.00CBW,-00.00,(영문)PIA_Coral Brown,R4878-00.00CBW,Q4878-00.00CBW,PIA,"PIA Co.,Ltd.",AA1469,1,1,2026-08-20,200,1613.0,1613.0,0.0,0.0,0,0,0.0,630.0,0.0,0.0,C급,0,30,유지/관찰,,0.0,0.39057656540607566,2931.9,,확인필요
P7008A-02.50DAT,-02.50,PIA D_Date Topaz_38% UV,R7008-02.50DAT,Q7008-02.50DAT,PIA,"PIA Co.,Ltd.",AA1449,1,1,2026-08-20,1200,2959.0,0.0,5058.0,0.0,0,0,5058.0,7940.0,51700.0,27.79767891682785,B급,20,60,유지/관찰,,1.7093612706995607,2.683338965866847,2922.0,,계산됨
P4834A-01.75CBM,-01.75,ClearBeige Mini UV 14.2,R4834-01.75CBM,Q4834-01.75CBM,from-eyes,"from-eyes Co.,ltd.","GG0229, GG0246",2,2,2026-09-01,200,1589.0,1589.0,0.0,0.0,0,0,0.0,655.0,3000.0,39.51833333333333,C급,0,30,생산조정,"현재 DOI가 기준 상한 초과, 부족이 크지 않음",0.0,0.4122089364380113,2887.45,,계산됨
P7003A-01.25MCR,-01.25,PIA D_Mocha Ring_38% UV,R7003-01.25MCR,Q7003-01.25MCR,PIA,"PIA Co.,Ltd.",AA1449,1,1,2026-08-20,300,1578.0,1578.0,0.0,0.0,0,0,0.0,1660.0,9200.0,32.65869565217392,C급,0,30,생산조정,"현재 DOI가 기준 상한 초과, 부족이 크지 않음",0.0,1.0519645120405576,2847.4,,계산됨
P1146A-04.00BMB3,-04.00,PIA D_BAGUMORE BROWN_55% UV 15.0,R1146-04.00BMB3,Q1146-04.00BMB3,PIA,"PIA Co.,Ltd.",AA1403,1,1,2026-08-31,1400,2409.0,0.0,1536.0,2539.0,3935,0,8010.0,0.0,0.0,0.0,B급,20,60,,,3.3250311332503113,0.0,2829.0,Y,신제품
P1146A-01.25BMB3,-01.25,PIA D_BAGUMORE BROWN_55% UV 15.0,R1146-01.25BMB3,Q1146-01.25BMB3,PIA,"PIA Co.,Ltd.",AA1403,1,1,2026-08-31,900,2460.0,0.0,745.0,2591.0,6140,0,9476.0,0.0,0.0,0.0,B급,20,60,,,3.8520325203252033,0.0,2730.0,Y,신제품
P7531M-00.00DZB2,-00.00,Dazzle Beige_2T_(PBT)PIA_M(Y),R7531-00.00DZB2,Q7531-00.00DZB2,PIA,"PIA Co.,Ltd.","AA1464, AA1475",2,2,2026-08-20,650,1399.0,1399.0,0.0,0.0,0,0,0.0,298.0,6100.0,8.842295081967213,B급,20,60,유지/관찰,,0.0,0.21300929235167976,2698.2999999999997,,계산됨
P1146A-06.50BMB3,-06.50,PIA D_BAGUMORE BROWN_55% UV 15.0,R1146-06.50BMB3,Q1146-06.50BMB3,PIA,"PIA Co.,Ltd.","AA1344, AA1403",2,2,2026-08-23,1600,2202.0,0.0,2273.0,2634.0,7335,0,12242.0,0.0,0.0,0.0,A급,30,60,,,5.559491371480473,0.0,2682.0,Y,신제품
P3108R-00.00CPN,-00.00,(영문)PIA_1D 55% Cappuccino 14.2,R3108-00.00CPN,Q3108-00.00CPN,PIA,"PIA Co.,Ltd.",AA1470,1,1,2026-08-20,200,1472.0,1472.0,0.0,0.0,0,0,0.0,750.0,2000.0,67.875,C급,0,30,생산조정,"현재 DOI가 기준 상한 초과, 부족이 크지 않음",0.0,0.5095108695652174,2672.1000000000004,,계산됨
P1023A-02.75HKP3,-02.75,HAPA(PIA) D_Sugar High Kristin Plus Gray 14.2_55%,R1023-02.75HKP3,Q1023-02.75HKP3,PIA,"PIA Co.,Ltd.",GG0243,1,1,2026-08-20,300,1507.0,1507.0,0.0,0.0,0,0,0.0,2725.0,3000.0,164.40833333333333,C급,0,30,생산조정,"현재 DOI가 기준 상한 초과, 부족이 크지 않음",0.0,1.8082282680822828,2666.3500000000004,,계산됨
P3132A-00.00STS,-00.00,(영문)PIA_1D_55% SabaTeishoku_2T,R3132-00.00STS,Q3132-00.00STS,PIA,"PIA Co.,Ltd.",AA1468,1,1,2026-08-20,150,1448.0,1448.0,0.0,0.0,0,0,0.0,270.0,2000.0,24.435,C급,0,30,유지/관찰,,0.0,0.18646408839779005,2637.9,,계산됨
P1022A-04.25HKB3,-04.25,HAPA(PIA) D_Sugar High Kristin Beige 14.2_55% UV,R1022-04.25HKB3,Q1022-04.25HKB3,PIA,"PIA Co.,Ltd.",GG0243,1,1,2026-08-20,200,1483.0,1483.0,0.0,0.0,0,0,0.0,1890.0,3000.0,114.03,C급,0,30,생산조정,"현재 DOI가 기준 상한 초과, 부족이 크지 않음",0.0,1.2744436952124072,2634.9,,계산됨
P1146A-05.50BMB3,-05.50,PIA D_BAGUMORE BROWN_55% UV 15.0,R1146-05.50BMB3,Q1146-05.50BMB3,PIA,"PIA Co.,Ltd.",AA1403,1,1,2026-08-31,1200,1237.0,1237.0,3962.0,3022.0,2130,0,9114.0,0.0,0.0,0.0,B급,20,60,,,7.367825383993533,0.0,2586.6,Y,신제품
P1311A-04.50,-04.50,Bi-focal D_8.40_55%,R1311-04.50,Q1311-04.50,OKVISION,OKVISION,HW0417,1,1,2026-08-31,6420,929.0,0.0,0.0,0.0,0,0,0.0,5495.0,4560.0,218.11293859649123,A급,30,60,생산조정,"현재 DOI가 기준 상한 초과, 부족이 크지 않음",0.0,5.914962325080732,2580.25,,계산됨
P7540M-03.25DBO3,-03.25,Dollish Brown_PIA_M_(중)(Y),R7540-03.25DBO3,Q7540-03.25DBO3,PIA,"PIA Co.,Ltd.",AA1464,1,1,2026-08-20,500,1349.0,1349.0,0.0,0.0,0,0,0.0,27.0,2800.0,1.7453571428571428,B급,20,60,유지/관찰,,0.0,0.02001482579688658,2576.85,,계산됨
P7540M-03.75DBO3,-03.75,Dollish Brown_PIA_M_(중)(Y),R7540-03.75DBO3,Q7540-03.75DBO3,PIA,"PIA Co.,Ltd.","AA1464, AA1475",2,2,2026-08-20,550,1341.0,1341.0,0.0,0.0,0,0,0.0,132.0,4200.0,5.688571428571429,B급,20,60,유지/관찰,,0.0,0.09843400447427293,2572.2000000000003,,계산됨
P5280A-06.50COJ,-06.50,PIA D_Coffee Jelly_55% UV,R5280-06.50COJ,Q5280-06.50COJ,PIA,"PIA Co.,Ltd.",AA1443,1,1,2026-08-20,500,1425.0,1425.0,0.0,0.0,0,0,0.0,3800.0,37200.0,18.48924731182796,B급,20,60,유지/관찰,,0.0,2.6666666666666665,2525.0,,계산됨
P1021A-01.50HKA3,-01.50,HAPA(PIA) D_Sugar High Kristin Ash Choco 14.2_55%,R1021-01.50HKA3,Q1021-01.50HKA3,PIA,"PIA Co.,Ltd.",GG0243,1,1,2026-08-20,300,1472.0,1472.0,0.0,0.0,0,0,0.0,4760.0,15000.0,57.437333333333335,C급,0,30,생산조정,"현재 DOI가 기준 상한 초과, 부족이 크지 않음",0.0,3.233695652173913,2501.6000000000004,,계산됨
P7024A-05.00IDR,-05.00,PIA D_Idol Ring_38% UV,R7024-05.00IDR,Q7024-05.00IDR,PIA,"PIA Co.,Ltd.",AA1454,1,1,2026-08-20,200,1460.0,1460.0,0.0,0.0,0,0,0.0,3795.0,9200.0,74.6625,C급,0,30,생산조정,"현재 DOI가 기준 상한 초과, 부족이 크지 않음",0.0,2.5993150684931505,2498.25,,계산됨
P7003A-03.75MCR,-03.75,PIA D_Mocha Ring_38% UV,R7003-03.75MCR,Q7003-03.75MCR,PIA,"PIA Co.,Ltd.",AA1449,1,1,2026-08-20,400,1413.0,1413.0,0.0,0.0,0,0,0.0,3480.0,15200.0,41.439473684210526,C급,0,30,생산조정,"현재 DOI가 기준 상한 초과, 부족이 크지 않음",0.0,2.462845010615711,2489.4,,계산됨
P2014A-00.00SMG,-00.00,BELLA_Bluish Gray(8년),R2014-00.00SMG,Q2014-00.00SMG,OPTICAL SUPPLIES,OPTICAL SUPPLIES Co.,YH0214,1,1,2026-08-27,400,1483.0,1483.0,0.0,0.0,0,0,0.0,6040.0,161940.0,6.750895393355564,C급,0,30,유지/관찰,,0.0,4.072825354012138,2487.4,,계산됨
P4879A-00.00MRG,-00.00,(영문)PIA_Mirror Gray,R4879-00.00MRG,Q4879-00.00MRG,PIA,"PIA Co.,Ltd.",AA1469,1,1,2026-08-20,200,1366.0,1366.0,0.0,0.0,0,0,0.0,840.0,500.0,304.08,C급,0,30,생산조정,"현재 DOI가 기준 상한 초과, 부족이 크지 않음",0.0,0.6149341142020498,2476.8,,계산됨
P3117R-00.00CDR,-00.00,(영문)PIA_1D 55% Cider,R3117-00.00CDR,Q3117-00.00CDR,PIA,"PIA Co.,Ltd.",AA1468,1,1,2026-08-20,150,1354.0,1354.0,0.0,0.0,0,0,0.0,350.0,1500.0,42.23333333333333,C급,0,30,생산조정,"현재 DOI가 기준 상한 초과, 부족이 크지 않음",0.0,0.258493353028065,2464.7,,계산됨
P7008A-04.25DAT,-04.25,PIA D_Date Topaz_38% UV,R7008-04.25DAT,Q7008-04.25DAT,PIA,"PIA Co.,Ltd.",AA1449,1,1,2026-08-20,900,1366.0,1366.0,0.0,0.0,0,0,0.0,5420.0,41000.0,23.92731707317073,B급,20,60,유지/관찰,,0.0,3.9677891654465594,2457.8,,계산됨
P7017A-01.50CRR,-01.50,PIA D_Cream Rose_38% UV,R7017-01.50CRR,Q7017-01.50CRR,PIA,"PIA Co.,Ltd.",AA1449,1,1,2026-08-20,500,2504.0,0.0,5555.0,0.0,0,0,5555.0,4160.0,19600.0,38.416326530612245,B급,20,60,유지/관찰,,2.2184504792332267,1.6613418530351438,2446.0,,계산됨
P7006A-05.50BEO,-05.50,PIA D_Baby Espresso_38% UV,R7006-05.50BEO,Q7006-05.50BEO,PIA,"PIA Co.,Ltd.",AA1449,1,1,2026-08-20,700,1389.0,1389.0,0.0,0.0,0,0,0.0,5825.0,24200.0,43.56714876033058,B급,20,60,유지/관찰,,0.0,4.193664506839453,2418.95,,계산됨
P7041A-00.00MLB,-00.00,PIA D_Melady Brown_38% UV,R7041-00.00MLB,Q7041-00.00MLB,PIA,"PIA Co.,Ltd.",AA1454,1,1,2026-08-20,500,1307.0,1307.0,0.0,0.0,0,0,0.0,1880.0,22200.0,15.327927927927927,B급,20,60,유지/관찰,,0.0,1.4384085692425401,2408.6000000000004,,계산됨
P2123A-04.75CLB,-04.75,From D_(UV)Clear Beige_38%,R2123-04.75CLB,Q2123-04.75CLB,from-eyes,"from-eyes Co.,ltd.",GG0245,1,1,2026-10-01,200,1307.0,1307.0,0.0,0.0,0,0,0.0,895.0,4500.0,35.99888888888889,C급,0,30,생산조정,"현재 DOI가 기준 상한 초과, 부족이 크지 않음",0.0,0.6847742922723795,2367.8500000000004,,계산됨
P7540M-01.50DBO3,-01.50,Dollish Brown_PIA_M_(중)(Y),R7540-01.50DBO3,Q7540-01.50DBO3,PIA,"PIA Co.,Ltd.","AA1464, AA1475",2,2,2026-08-20,550,1219.0,1219.0,0.0,0.0,0,0,0.0,219.0,2800.0,14.156785714285713,B급,20,60,유지/관찰,,0.0,0.17965545529122232,2348.25,,계산됨
P1062M-00.00GRY2,-00.00,Gray Bunny_PIA_M_(중)_14.2,R1062-00.00GRY2,Q1062-00.00GRY2,PIA,"PIA Co.,Ltd.",AA1464,1,1,2026-08-20,1900,1070.0,1070.0,0.0,0.0,0,0,0.0,3030.0,5000.0,109.686,A급,30,60,생산조정,"현재 DOI가 기준 상한 초과, 부족이 크지 않음",0.0,2.8317757009345796,2344.5,,계산됨
P1423A-04.75THB,-04.75,ANW D_Through Beige_Dopewink 38%,R1423-04.75THB,Q1423-04.75THB,Sincere,"SINCERE Co.,Ltd",GG0240,1,1,2026-09-01,140,1283.0,1283.0,0.0,0.0,0,0,0.0,310.0,700.0,80.15714285714286,C급,0,30,생산조정,"현재 DOI가 기준 상한 초과, 부족이 크지 않음",0.0,0.24162120031176929,2335.9,,계산됨
P0595A-04.25PRC,-04.25,PIA D_Princess Chocolat_55%_14.5 UV,R0595-04.25PRC,Q0595-04.25PRC,PIA,"PIA Co.,Ltd.",AA1454,1,1,2026-08-20,200,1330.0,1330.0,0.0,0.0,0,0,0.0,2875.0,9200.0,56.5625,C급,0,30,생산조정,"현재 DOI가 기준 상한 초과, 부족이 크지 않음",0.0,2.161654135338346,2310.25,,계산됨
P1146A-01.00BMB3,-01.00,PIA D_BAGUMORE BROWN_55% UV 15.0,R1146-01.00BMB3,Q1146-01.00BMB3,PIA,"PIA Co.,Ltd.",AA1403,1,1,2026-08-31,900,2037.0,0.0,3007.0,4285.0,1665,0,8957.0,0.0,0.0,0.0,B급,20,60,,,4.397152675503191,0.0,2307.0,Y,신제품
P4842A+03.50BUL,3.50,ALENSA_1-DAY BL Metha,R4842+03.50BUL,Q4842+03.50BUL,ALENSA,Alensa s.r.o,X2575,1,1,2026-08-21,87,1307.0,1307.0,0.0,0.0,0,0,0.0,1520.0,2130.0,129.16431924882627,C급,0,30,생산조정,"현재 DOI가 기준 상한 초과, 부족이 크지 않음",0.0,1.1629686304514155,2302.7000000000003,,계산됨
P3106A-00.00SBR,-00.00,(영문)PIA_1D 55% Sheer Brown 14.2,R3106-00.00SBR,Q3106-00.00SBR,PIA,"PIA Co.,Ltd.",AA1470,1,1,2026-08-20,150,1260.0,1260.0,0.0,0.0,0,0,0.0,435.0,2500.0,31.494,C급,0,30,생산조정,"현재 DOI가 기준 상한 초과, 부족이 크지 않음",0.0,0.34523809523809523,2291.25,,계산됨
P3105A-00.00SBK,-00.00,(영문)PIA_1D 55% Sheer Black 14.2,R3105-00.00SBK,Q3105-00.00SBK,PIA,"PIA Co.,Ltd.",AA1470,1,1,2026-08-20,150,1248.0,1248.0,0.0,0.0,0,0,0.0,445.0,2500.0,32.218,C급,0,30,생산조정,"현재 DOI가 기준 상한 초과, 부족이 크지 않음",0.0,0.35657051282051283,2269.15,,계산됨
P1022A-02.75HKB3,-02.75,HAPA(PIA) D_Sugar High Kristin Beige 14.2_55% UV,R1022-02.75HKB3,Q1022-02.75HKB3,PIA,"PIA Co.,Ltd.",GG0243,1,1,2026-08-20,200,1248.0,1248.0,0.0,0.0,0,0,0.0,835.0,7000.0,21.590714285714284,C급,0,30,유지/관찰,,0.0,0.6690705128205128,2264.65,,계산됨
P1149A-01.50BMC3,-01.50,PIA D_BAGUMORE ICHIGO LATTE _55% UV 15.0,R1149-01.50BMC3,Q1149-01.50BMC3,PIA,"PIA Co.,Ltd.",AA1403,1,1,2026-08-31,1200,1051.0,1051.0,7112.0,3128.0,1450,0,11690.0,0.0,0.0,0.0,B급,20,60,,,11.122740247383444,0.0,2251.8,Y,신제품
P3131A-00.00YSP,-00.00,(영문)PIA_1D 55% YakisobaPan_1T,R3131-00.00YSP,Q3131-00.00YSP,PIA,"PIA Co.,Ltd.",AA1468,1,1,2026-08-20,150,1236.0,1236.0,0.0,0.0,0,0,0.0,455.0,1500.0,54.903333333333336,C급,0,30,생산조정,"현재 DOI가 기준 상한 초과, 부족이 크지 않음",0.0,0.3681229773462783,2247.05,,계산됨
P5059A-00.00DGR,-00.00,(영문)PIA D_Dollish Gray_55% UV,R5059-00.00DGR,Q5059-00.00DGR,PIA,"PIA Co.,Ltd.",AA1469,1,1,2026-08-20,200,1224.0,1224.0,0.0,0.0,0,0,0.0,960.0,2000.0,86.88,C급,0,30,생산조정,"현재 DOI가 기준 상한 초과, 부족이 크지 않음",0.0,0.7843137254901961,2215.2,,계산됨
P1065A-05.50-1.25180DLG3,-05.50,PIA D Toric_Dollish Gray_55% UV,R1065-05.50-1.25180DLG3,Q1065-05.50-1.25180DLG3,PIA,"PIA Co.,Ltd.",AA1459,1,1,2026-08-20,200,1223.0,1223.0,0.0,0.0,0,0,0.0,1045.0,6200.0,30.50725806451613,C급,0,30,생산조정,"현재 DOI가 기준 상한 초과, 부족이 크지 않음",0.0,0.8544562551103843,2209.15,,계산됨
P2121A-03.75CLB,-03.75,From D_(UV)Clear Beige Coral_38%,R2121-03.75CLB,Q2121-03.75CLB,from-eyes,"from-eyes Co.,ltd.",GG0245,1,1,2026-10-01,150,1213.0,1213.0,0.0,0.0,0,0,0.0,475.0,1000.0,85.975,C급,0,30,생산조정,"현재 DOI가 기준 상한 초과, 부족이 크지 않음",0.0,0.39159109645507006,2204.65,,계산됨
P7003A-06.50MCR,-06.50,PIA D_Mocha Ring_38% UV,R7003-06.50MCR,Q7003-06.50MCR,PIA,"PIA Co.,Ltd.",AA1449,1,1,2026-08-20,300,1213.0,1213.0,0.0,0.0,0,0,0.0,1970.0,5200.0,68.57115384615385,C급,0,30,생산조정,"현재 DOI가 기준 상한 초과, 부족이 크지 않음",0.0,1.6240725474031328,2174.9,,계산됨
P0548A-05.75UNB,-05.75,PIA D_Uniform Black_55% UV,R0548-05.75UNB,Q0548-05.75UNB,PIA,"PIA Co.,Ltd.",AA1447,1,1,2026-08-20,300,1201.0,1201.0,0.0,0.0,0,0,0.0,1985.0,2200.0,163.31136363636364,C급,0,30,생산조정,"현재 DOI가 기준 상한 초과, 부족이 크지 않음",0.0,1.652789342214821,2152.55,,계산됨
P1170A-06.50NWK3,-06.50,PIA D_NUDE WINK_55% UV 14.5,R1170-06.50NWK3,Q1170-06.50NWK3,PIA,"PIA Co.,Ltd.",AA1406,1,1,2026-08-20,100,1177.0,1177.0,0.0,0.0,0,0,0.0,0.0,0.0,0.0,C급,0,30,유지/관찰,,0.0,0.0,2148.6,,재고없음
P1170A-07.00NWK3,-07.00,PIA D_NUDE WINK_55% UV 14.5,R1170-07.00NWK3,Q1170-07.00NWK3,PIA,"PIA Co.,Ltd.",AA1406,1,1,2026-08-20,100,1177.0,1177.0,0.0,0.0,0,0,0.0,0.0,0.0,0.0,C급,0,30,유지/관찰,,0.0,0.0,2148.6,,재고없음
P1170A-07.50NWK3,-07.50,PIA D_NUDE WINK_55% UV 14.5,R1170-07.50NWK3,Q1170-07.50NWK3,PIA,"PIA Co.,Ltd.",AA1406,1,1,2026-08-20,100,1177.0,1177.0,0.0,0.0,0,0,0.0,0.0,0.0,0.0,C급,0,30,유지/관찰,,0.0,0.0,2148.6,,재고없음
P1170A-08.00NWK3,-08.00,PIA D_NUDE WINK_55% UV 14.5,R1170-08.00NWK3,Q1170-08.00NWK3,PIA,"PIA Co.,Ltd.",AA1406,1,1,2026-08-20,100,1177.0,1177.0,0.0,0.0,0,0,0.0,0.0,0.0,0.0,C급,0,30,유지/관찰,,0.0,0.0,2148.6,,재고없음
P1171A-06.50GTP3,-06.50,PIA D_GRAY TRAP_55% UV 14.5,R1171-06.50GTP3,Q1171-06.50GTP3,PIA,"PIA Co.,Ltd.",AA1406,1,1,2026-08-20,100,1177.0,1177.0,0.0,0.0,0,0,0.0,0.0,0.0,0.0,C급,0,30,유지/관찰,,0.0,0.0,2148.6,,재고없음
P1171A-07.00GTP3,-07.00,PIA D_GRAY TRAP_55% UV 14.5,R1171-07.00GTP3,Q1171-07.00GTP3,PIA,"PIA Co.,Ltd.",AA1406,1,1,2026-08-20,100,1177.0,1177.0,0.0,0.0,0,0,0.0,0.0,0.0,0.0,C급,0,30,유지/관찰,,0.0,0.0,2148.6,,재고없음
P1171A-07.50GTP3,-07.50,PIA D_GRAY TRAP_55% UV 14.5,R1171-07.50GTP3,Q1171-07.50GTP3,PIA,"PIA Co.,Ltd.",AA1406,1,1,2026-08-20,100,1177.0,1177.0,0.0,0.0,0,0,0.0,0.0,0.0,0.0,C급,0,30,유지/관찰,,0.0,0.0,2148.6,,재고없음
P1171A-08.00GTP3,-08.00,PIA D_GRAY TRAP_55% UV 14.5,R1171-08.00GTP3,Q1171-08.00GTP3,PIA,"PIA Co.,Ltd.",AA1406,1,1,2026-08-20,100,1177.0,1177.0,0.0,0.0,0,0,0.0,0.0,0.0,0.0,C급,0,30,유지/관찰,,0.0,0.0,2148.6,,재고없음
P7008A-04.00DAT,-04.00,PIA D_Date Topaz_38% UV,R7008-04.00DAT,Q7008-04.00DAT,PIA,"PIA Co.,Ltd.",AA1449,1,1,2026-08-20,1200,1224.0,1224.0,0.0,0.0,0,0,0.0,8475.0,50200.0,30.55727091633466,B급,20,60,유지/관찰,,0.0,6.924019607843137,2139.45,,계산됨
P7015A-01.50GQZ,-01.50,PIA D_Grege Quartz 38% UV,R7015-01.50GQZ,Q7015-01.50GQZ,PIA,"PIA Co.,Ltd.",AA1449,1,1,2026-08-20,300,1189.0,1189.0,0.0,0.0,0,0,0.0,2000.0,10200.0,35.490196078431374,C급,0,30,생산조정,"현재 DOI가 기준 상한 초과, 부족이 크지 않음",0.0,1.682085786375105,2130.2,,계산됨
P1021A-01.75HKA3,-01.75,HAPA(PIA) D_Sugar High Kristin Ash Choco 14.2_55%,R1021-01.75HKA3,Q1021-01.75HKA3,PIA,"PIA Co.,Ltd.",GG0243,1,1,2026-08-20,300,1260.0,1260.0,0.0,0.0,0,0,0.0,4935.0,15000.0,59.549,C급,0,30,생산조정,"현재 DOI가 기준 상한 초과, 부족이 크지 않음",0.0,3.9166666666666665,2111.25,,계산됨
P7017A-02.00CRR,-02.00,PIA D_Cream Rose_38% UV,R7017-02.00CRR,Q7017-02.00CRR,PIA,"PIA Co.,Ltd.",AA1449,1,1,2026-08-20,600,1189.0,1189.0,790.0,0.0,0,0,790.0,4325.0,21600.0,36.24189814814815,B급,20,60,유지/관찰,,0.6644238856181666,3.637510513036165,2103.95,,계산됨
P1163A-00.00BRW3,-00.00,KBS-C_1Day_Brown,R1163-00.00BRW3,Q1163-00.00BRW3,ALENSA,Alensa s.r.o,X2489,1,1,2026-08-25,624,1909.0,0.0,0.0,0.0,0,0,0.0,0.0,0.0,0.0,B급,20,60,유지/관찰,,0.0,0.0,2096.2,,재고없음
P5323A-00.00CMC,-00.00,(영문)PIA D_Cafe Mocha_55% UV,R5323-00.00CMC,Q5323-00.00CMC,PIA,"PIA Co.,Ltd.",AA1470,1,1,2026-08-20,150,1154.0,1154.0,0.0,0.0,0,0,0.0,520.0,2500.0,37.648,C급,0,30,생산조정,"현재 DOI가 기준 상한 초과, 부족이 크지 않음",0.0,0.4506065857885615,2096.2,,계산됨
P3115R-00.00LAD,-00.00,(영문)PIA_1D 55% Lassie,R3115-00.00LAD,Q3115-00.00LAD,PIA,"PIA Co.,Ltd.",AA1468,1,1,2026-08-20,100,1142.0,1142.0,0.0,0.0,0,0,0.0,30.0,1000.0,5.43,C급,0,30,유지/관찰,,0.0,0.02626970227670753,2084.1,,계산됨
P7017A-03.00CRR,-03.00,PIA D_Cream Rose_38% UV,R7017-03.00CRR,Q7017-03.00CRR,PIA,"PIA Co.,Ltd.",AA1449,1,1,2026-08-20,500,2070.0,0.0,1850.0,2604.0,2315,0,6769.0,2950.0,22600.0,23.626106194690266,B급,20,60,유지/관찰,,3.270048309178744,1.4251207729468598,2072.5,,계산됨
P1065A-04.75-0.75180DLG3,-04.75,PIA D Toric_Dollish Gray_55% UV,R1065-04.75-0.75180DLG3,Q1065-04.75-0.75180DLG3,PIA,"PIA Co.,Ltd.",AA1459,1,1,2026-08-20,100,1134.0,1134.0,0.0,0.0,0,0,0.0,110.0,5200.0,3.828846153846154,C급,0,30,유지/관찰,,0.0,0.09700176366843033,2065.7,,계산됨
P4842A+02.50BUL,2.50,ALENSA_1-DAY BL Metha,R4842+02.50BUL,Q4842+02.50BUL,ALENSA,Alensa s.r.o,X2575,1,1,2026-08-21,60,1130.0,1130.0,0.0,0.0,0,0,0.0,845.0,4020.0,38.04601990049751,C급,0,30,생산조정,"현재 DOI가 기준 상한 초과, 부족이 크지 않음",0.0,0.7477876106194691,2009.75,,계산됨
P3161A-00.00SMG,-00.00,(영문)PIA D_SMOKEY GRAY_55%,R3161-00.00SMG,Q3161-00.00SMG,PIA,"PIA Co.,Ltd.",AA1472,1,1,2026-08-20,150,1107.0,1107.0,0.0,0.0,0,0,0.0,560.0,2000.0,50.68000000000001,C급,0,30,생산조정,"현재 DOI가 기준 상한 초과, 부족이 크지 않음",0.0,0.5058717253839206,2009.6,,계산됨
P3056A-01.25HCL,-01.25,PIA_Hot Chocolate_55%_1-DAY,R3056-01.25HCL,Q3056-01.25HCL,PIA,"PIA Co.,Ltd.",AA1448,1,1,2026-08-20,100,1095.0,1095.0,0.0,0.0,0,0,0.0,75.0,1200.0,11.3125,C급,0,30,유지/관찰,,0.0,0.0684931506849315,1997.25,,계산됨
P7535M-00.00COJ3,-00.00,Coffee Jelly_PIA_M_(중)(Y),R7535-00.00COJ3,Q7535-00.00COJ3,PIA,"PIA Co.,Ltd.",AA1465,1,1,2026-08-20,2400,1337.0,0.0,0.0,2404.0,0,0,2404.0,1229.0,42000.0,5.296404761904762,A급,30,60,유지/관찰,,1.7980553477935677,0.9192221391174271,1995.55,,계산됨
P7008A-07.00DAT,-07.00,PIA D_Date Topaz_38% UV,R7008-07.00DAT,Q7008-07.00DAT,PIA,"PIA Co.,Ltd.",AA1449,1,1,2026-08-20,600,1036.0,1036.0,0.0,0.0,0,0,0.0,1120.0,28600.0,7.0881118881118885,B급,20,60,유지/관찰,,0.0,1.0810810810810811,1988.8000000000002,,계산됨
P7017A-03.50CRR,-03.50,PIA D_Cream Rose_38% UV,R7017-03.50CRR,Q7017-03.50CRR,PIA,"PIA Co.,Ltd.",AA1449,1,1,2026-08-20,500,1989.0,0.0,0.0,2338.0,0,0,2338.0,3035.0,21600.0,25.432175925925925,B급,20,60,유지/관찰,,1.175465057817999,1.5258924082453493,1987.25,,계산됨
P1146A-03.75BMB3,-03.75,PIA D_BAGUMORE BROWN_55% UV 15.0,R1146-03.75BMB3,Q1146-03.75BMB3,PIA,"PIA Co.,Ltd.",AA1403,1,1,2026-08-31,1200,1613.0,0.0,1554.0,2532.0,5895,0,9981.0,0.0,0.0,0.0,B급,20,60,,,6.187848729076255,0.0,1973.0,Y,신제품
P1256K8.70-04.00,-04.00,Sincere_2week UV_Clear,R12568.70-04.00,Q12568.70-04.00,거래처 미지정,,안전(해외),1,1,2026-08-30,4000,869.0,0.0,0.0,0.0,0,0,0.0,2190.0,13332.0,29.73222322232224,A급,30,60,유지/관찰,,0.0,2.5201380897583427,1959.5,,계산됨
P1024A-05.00HKR3,-05.00,HAPA(PIA) D_First Love Kristin Brown 14.2_38% UV,R1024-05.00HKR3,Q1024-05.00HKR3,PIA,"PIA Co.,Ltd.",GG0243,1,1,2026-08-20,200,1095.0,1095.0,0.0,0.0,0,0,0.0,1475.0,3000.0,88.99166666666666,C급,0,30,생산조정,"현재 DOI가 기준 상한 초과, 부족이 크지 않음",0.0,1.3470319634703196,1957.25,,계산됨
P0548A-01.50UNB,-01.50,PIA D_Uniform Black_55% UV,R0548-01.50UNB,Q0548-01.50UNB,PIA,"PIA Co.,Ltd.",AA1447,1,1,2026-08-20,200,1083.0,1083.0,0.0,0.0,0,0,0.0,1080.0,6200.0,31.529032258064515,C급,0,30,생산조정,"현재 DOI가 기준 상한 초과, 부족이 크지 않음",0.0,0.997229916897507,1955.4,,계산됨
P7052A-03.50SUD,-03.50,PIA D_Sugar Donut_38% UV,R7052-03.50SUD,Q7052-03.50SUD,PIA,"PIA Co.,Ltd.",AA1450,1,1,2026-08-20,100,1048.0,1048.0,0.0,0.0,0,0,0.0,110.0,1200.0,16.591666666666665,C급,0,30,유지/관찰,,0.0,0.1049618320610687,1910.9,,계산됨
P1146A-07.00BMB3,-07.00,PIA D_BAGUMORE BROWN_55% UV 15.0,R1146-07.00BMB3,Q1146-07.00BMB3,PIA,"PIA Co.,Ltd.",AA1403,1,1,2026-08-31,500,1758.0,0.0,0.0,1327.0,2930,1760,6017.0,0.0,0.0,0.0,B급,20,60,,,3.4226393629124003,0.0,1908.0,Y,신제품
P7024A-02.00IDR,-02.00,PIA D_Idol Ring_38% UV,R7024-02.00IDR,Q7024-02.00IDR,PIA,"PIA Co.,Ltd.",AA1454,1,1,2026-08-20,200,1189.0,1189.0,0.0,0.0,0,0,0.0,6005.0,8200.0,132.54939024390242,C급,0,30,생산조정,"현재 DOI가 기준 상한 초과, 부족이 크지 않음",0.0,5.050462573591253,1899.9499999999998,,계산됨
P7015A-07.50GQZ,-07.50,PIA D_Grege Quartz 38% UV,R7015-07.50GQZ,Q7015-07.50GQZ,PIA,"PIA Co.,Ltd.",AA1449,1,1,2026-08-20,100,1036.0,1036.0,0.0,0.0,0,0,0.0,120.0,3200.0,6.7875,C급,0,30,유지/관찰,,0.0,0.11583011583011583,1888.8000000000002,,계산됨
P1146A-03.50BMB3,-03.50,PIA D_BAGUMORE BROWN_55% UV 15.0,R1146-03.50BMB3,Q1146-03.50BMB3,PIA,"PIA Co.,Ltd.",AA1403,1,1,2026-08-31,1400,1458.0,0.0,1693.0,1336.0,2330,0,5359.0,0.0,0.0,0.0,B급,20,60,,,3.675582990397805,0.0,1878.0,Y,신제품
P1149A-07.00BMC3,-07.00,PIA D_BAGUMORE ICHIGO LATTE _55% UV 15.0,R1149-07.00BMC3,Q1149-07.00BMC3,PIA,"PIA Co.,Ltd.",AA1403,1,1,2026-08-31,500,1727.0,0.0,0.0,0.0,2410,0,2410.0,0.0,0.0,0.0,B급,20,60,,,1.3954834973943253,0.0,1877.0,Y,신제품
P1256K8.70-07.00,-07.00,Sincere_2week UV_Clear,R12568.70-07.00,Q12568.70-07.00,거래처 미지정,,안전(해외),1,1,2026-08-30,2000,1354.0,0.0,0.0,0.0,0,0,0.0,1620.0,7536.0,38.90923566878981,A급,30,60,유지/관찰,,0.0,1.1964549483013294,1873.0,,계산됨
P7016A-05.00GBR,-05.00,PIA D_Glow Brown_38% UV,R7016-05.00GBR,Q7016-05.00GBR,PIA,"PIA Co.,Ltd.",AA1449,1,1,2026-08-20,300,1060.0,1060.0,0.0,0.0,0,0,0.0,2570.0,9800.0,47.46632653061224,C급,0,30,생산조정,"현재 DOI가 기준 상한 초과, 부족이 크지 않음",0.0,2.4245283018867925,1869.5,,계산됨
P1148A-06.50BMH3,-06.50,PIA D_BAGUMORE HONEY LATTE_55% UV 15.0,R1148-06.50BMH3,Q1148-06.50BMH3,PIA,"PIA Co.,Ltd.",AA1403,1,1,2026-08-31,700,918.0,918.0,2849.0,0.0,0,0,2849.0,0.0,0.0,0.0,B급,20,60,,,3.103485838779956,0.0,1862.4,Y,신제품
P7015A-01.75GQZ,-01.75,PIA D_Grege Quartz 38% UV,R7015-01.75GQZ,Q7015-01.75GQZ,PIA,"PIA Co.,Ltd.",AA1449,1,1,2026-08-20,200,1024.0,1024.0,0.0,0.0,0,0,0.0,1130.0,7200.0,28.406944444444445,C급,0,30,유지/관찰,,0.0,1.103515625,1846.7,,계산됨
P0595A-06.00PRC,-06.00,PIA D_Princess Chocolat_55%_14.5 UV,R0595-06.00PRC,Q0595-06.00PRC,PIA,"PIA Co.,Ltd.",AA1454,1,1,2026-08-20,200,1154.0,1154.0,0.0,0.0,0,0,0.0,6035.0,9200.0,118.73206521739132,C급,0,30,생산조정,"현재 DOI가 기준 상한 초과, 부족이 크지 않음",0.0,5.229636048526863,1835.4499999999998,,계산됨
P1024A-02.75HKR3,-02.75,HAPA(PIA) D_First Love Kristin Brown 14.2_38% UV,R1024-02.75HKR3,Q1024-02.75HKR3,PIA,"PIA Co.,Ltd.",GG0243,1,1,2026-08-20,100,1048.0,1048.0,0.0,0.0,0,0,0.0,1635.0,5000.0,59.187000000000005,C급,0,30,생산조정,"현재 DOI가 기준 상한 초과, 부족이 크지 않음",0.0,1.5601145038167938,1834.65,,계산됨
P4812A-01.75BUL,-01.75,Freedom380_4Care_BL Metha,R4812-01.75BUL,Q4812-01.75BUL,ESSILOR,ESSILOR GROUP THE NETHERLAND BV,V3356,1,1,2026-10-01,70,1878.0,0.0,0.0,0.0,0,0,0.0,1295.0,1050.0,223.2333333333333,C급,0,30,생산지양,저수요 P코드인데 DOI가 과도함,0.0,0.6895633652822151,1834.25,,계산됨
P7024A-05.50IDR,-05.50,PIA D_Idol Ring_38% UV,R7024-05.50IDR,Q7024-05.50IDR,PIA,"PIA Co.,Ltd.",AA1454,1,1,2026-08-20,200,1142.0,1142.0,0.0,0.0,0,0,0.0,6060.0,9200.0,119.22391304347826,C급,0,30,생산조정,"현재 DOI가 기준 상한 초과, 부족이 크지 않음",0.0,5.306479859894921,1812.6,,계산됨
P3112R-03.50HCL,-03.50,(영문)PIA_1D 55% Hot Chocolate,R3112-03.50HCL,Q3112-03.50HCL,PIA,"PIA Co.,Ltd.",AA1468,1,1,2026-08-20,100,989.0,989.0,0.0,0.0,0,0,0.0,160.0,500.0,57.92,C급,0,30,생산조정,"현재 DOI가 기준 상한 초과, 부족이 크지 않음",0.0,0.16177957532861476,1802.2,,계산됨
P1024A-04.50HKR3,-04.50,HAPA(PIA) D_First Love Kristin Brown 14.2_38% UV,R1024-04.50HKR3,Q1024-04.50HKR3,PIA,"PIA Co.,Ltd.",GG0243,1,1,2026-08-20,100,1001.0,1001.0,0.0,0.0,0,0,0.0,655.0,4000.0,29.63875,C급,0,30,유지/관찰,,0.0,0.6543456543456544,1799.0500000000002,,계산됨
P3163A-00.00BSG,-00.00,(영문)PIA D_RUSTY GRAY_55%,R3163-00.00BSG,Q3163-00.00BSG,PIA,"PIA Co.,Ltd.",AA1472,1,1,2026-08-20,150,989.0,989.0,0.0,0.0,0,0,0.0,660.0,2500.0,47.784,C급,0,30,생산조정,"현재 DOI가 기준 상한 초과, 부족이 크지 않음",0.0,0.6673407482305359,1792.2,,계산됨
P1163A-02.00BRW3,-02.00,KBS-C_1Day_Brown,R1163-02.00BRW3,Q1163-02.00BRW3,ALENSA,Alensa s.r.o,X2489,1,1,2026-08-25,168,1697.0,0.0,0.0,0.0,0,0,0.0,0.0,0.0,0.0,C급,0,30,유지/관찰,,0.0,0.0,1747.4,,재고없음
P2121A-01.75CLB,-01.75,From D_(UV)Clear Beige Coral_38%,R2121-01.75CLB,Q2121-01.75CLB,from-eyes,"from-eyes Co.,ltd.",GG0245,1,1,2026-10-01,100,954.0,954.0,0.0,0.0,0,0,0.0,195.0,3500.0,10.084285714285716,C급,0,30,유지/관찰,,0.0,0.20440251572327045,1737.45,,계산됨
P1164A-00.00GEN3,-00.00,KBS-C_1Day_Green,R1164-00.00GEN3,Q1164-00.00GEN3,ALENSA,Alensa s.r.o,X2490,1,1,2026-08-25,505,1576.0,0.0,0.0,0.0,0,0,0.0,0.0,0.0,0.0,B급,20,60,유지/관찰,,0.0,0.0,1727.5,,재고없음
P3165A-00.00HJL,-00.00,(영문)PIA D_HOJICHA LATTE_55%,R3165-00.00HJL,Q3165-00.00HJL,PIA,"PIA Co.,Ltd.",AA1468,1,1,2026-08-20,150,942.0,942.0,0.0,0.0,0,0,0.0,705.0,2000.0,63.8025,C급,0,30,생산조정,"현재 DOI가 기준 상한 초과, 부족이 크지 않음",0.0,0.7484076433121019,1705.35,,계산됨
P3080A-03.75,-03.75,1D_55 clear feliamo,R3080-03.75,Q3080-03.75,PIA,"PIA Co.,Ltd.",AA1461,1,1,2026-08-20,60,1689.0,0.0,0.0,0.0,0,0,0.0,145.0,6300.0,4.165873015873016,C급,0,30,유지/관찰,,0.0,0.08584961515689757,1699.75,,계산됨
P7010A-06.00CSF,-06.00,PIA D_Caramel Souffle_38% UV,R7010-06.00CSF,Q7010-06.00CSF,PIA,"PIA Co.,Ltd.",AA1450,1,1,2026-08-20,100,930.0,930.0,0.0,0.0,0,0,0.0,195.0,3200.0,11.0296875,C급,0,30,유지/관찰,,0.0,0.20967741935483872,1694.25,,계산됨
P1045M-03.00JQZ2,-03.00,Jelly Quartz_PIA_M_(중),R1045-03.00JQZ2,Q1045-03.00JQZ2,PIA,"PIA Co.,Ltd.",AA1466,1,1,2026-08-20,400,879.0,879.0,0.0,0.0,0,0,0.0,166.0,2400.0,12.519166666666669,C급,0,30,유지/관찰,,0.0,0.18885096700796358,1693.9,,계산됨
P1024A-02.00HKR3,-02.00,HAPA(PIA) D_First Love Kristin Brown 14.2_38% UV,R1024-02.00HKR3,Q1024-02.00HKR3,PIA,"PIA Co.,Ltd.",GG0243,1,1,2026-08-20,200,1697.0,0.0,3797.0,0.0,0,0,3797.0,1320.0,5000.0,47.784,C급,0,30,생산조정,"현재 DOI가 기준 상한 초과, 부족이 크지 않음",2.237477902180318,0.7778432527990572,1691.0,,계산됨
P1065A-06.50-1.25180DLG3,-06.50,PIA D Toric_Dollish Gray_55% UV,R1065-06.50-1.25180DLG3,Q1065-06.50-1.25180DLG3,PIA,"PIA Co.,Ltd.",AA1459,1,1,2026-08-20,200,1646.0,0.0,0.0,2157.0,2020,0,4177.0,390.0,7200.0,9.804166666666667,C급,0,30,유지/관찰,,2.5376670716889427,0.23693803159173754,1686.5,,계산됨
P5230A-09.00BRB,-09.00,PIA D_Brown Bunny_55% UV,R5230-09.00BRB,Q5230-09.00BRB,PIA,"PIA Co.,Ltd.",AA1447,1,1,2026-08-20,200,942.0,942.0,0.0,0.0,0,0,0.0,1625.0,6200.0,47.439516129032256,C급,0,30,생산조정,"현재 DOI가 기준 상한 초과, 부족이 크지 않음",0.0,1.7250530785562632,1674.35,,계산됨
P1045M-03.50JQZ2,-03.50,Jelly Quartz_PIA_M_(중),R1045-03.50JQZ2,Q1045-03.50JQZ2,PIA,"PIA Co.,Ltd.",AA1466,1,1,2026-08-20,400,857.0,857.0,0.0,0.0,0,0,0.0,182.0,2000.0,16.471,C급,0,30,유지/관찰,,0.0,0.21236872812135357,1653.5,,계산됨
P3127A-04.75YSP1,-04.75,PIA_1D 55% YakisobaPan_1T,R3127-04.75YSP1,Q3127-04.75YSP1,PIA,"PIA Co.,Ltd.",AA1448,1,1,2026-08-20,200,942.0,942.0,0.0,0.0,0,0,0.0,2205.0,6200.0,64.37177419354839,C급,0,30,생산조정,"현재 DOI가 기준 상한 초과, 부족이 크지 않음",0.0,2.340764331210191,1645.35,,계산됨
P4895A-00.50-0.75180STQ,-00.50,PIA_Strawberry Quartz CP-0.75 Toric_UV,R4895-00.50-0.75180STQ,Q4895-00.50-0.75180STQ,PIA,"PIA Co.,Ltd.",AA1452,1,1,2026-08-20,100,904.0,904.0,0.0,0.0,0,0,0.0,290.0,1200.0,43.74166666666667,C급,0,30,생산조정,"현재 DOI가 기준 상한 초과, 부족이 크지 않음",0.0,0.32079646017699115,1642.7,,계산됨
P0519A-05.00OLT,-05.00,PIA D_Oolong Tea_55% UV,R0519-05.00OLT,Q0519-05.00OLT,PIA,"PIA Co.,Ltd.",AA1443,1,1,2026-08-20,300,918.0,918.0,0.0,0.0,0,0,0.0,2220.0,44200.0,9.090950226244344,C급,0,30,유지/관찰,,0.0,2.418300653594771,1631.4,,계산됨
P1423A-05.50THB,-05.50,ANW D_Through Beige_Dopewink 38%,R1423-05.50THB,Q1423-05.50THB,Sincere,"SINCERE Co.,Ltd",GG0240,1,1,2026-09-01,140,895.0,895.0,0.0,0.0,0,0,0.0,645.0,700.0,166.7785714285714,C급,0,30,생산조정,"현재 DOI가 기준 상한 초과, 부족이 크지 않음",0.0,0.7206703910614525,1620.75,,계산됨
P4811A-09.50BUL,-09.50,Freedom380_무지리드지,R4811-09.50BUL,Q4811-09.50BUL,MAXVUE/OPTIMAX,Maxvue Vision,D1921,1,1,2026-08-17,2000,1061.0,0.0,0.0,0.0,2740,0,2740.0,950.0,0.0,0.0,A급,30,60,유지/관찰,,2.5824693685202638,0.8953817153628653,1613.5,,확인필요
P1149A-02.25BMC3,-02.25,PIA D_BAGUMORE ICHIGO LATTE _55% UV 15.0,R1149-02.25BMC3,Q1149-02.25BMC3,PIA,"PIA Co.,Ltd.",AA1403,1,1,2026-08-31,1000,1313.0,0.0,2233.0,0.0,2295,1315,5843.0,0.0,0.0,0.0,B급,20,60,,,4.45011424219345,0.0,1613.0,Y,신제품
P2123A-02.50CLB,-02.50,From D_(UV)Clear Beige_38%,R2123-02.50CLB,Q2123-02.50CLB,from-eyes,"from-eyes Co.,ltd.",GG0245,1,1,2026-10-01,200,895.0,895.0,0.0,0.0,0,0,0.0,1240.0,4500.0,49.87555555555556,C급,0,30,생산조정,"현재 DOI가 기준 상한 초과, 부족이 크지 않음",0.0,1.3854748603351956,1609.0,,계산됨
P7039A-04.50UNB,-04.50,(CA)PIA D_Uniform Black_55%_14.5 UV,R7039-04.50UNB,Q7039-04.50UNB,PIA,"PIA Co.,Ltd.",AA1469,1,1,2026-08-20,100,882.0,882.0,0.0,0.0,0,0,0.0,250.0,500.0,90.5,C급,0,30,생산조정,"현재 DOI가 기준 상한 초과, 부족이 크지 않음",0.0,0.2834467120181406,1605.1,,계산됨
P3112R-00.00HCL,-00.00,(영문)PIA_1D 55% Hot Chocolate,R3112-00.00HCL,Q3112-00.00HCL,PIA,"PIA Co.,Ltd.",AA1468,1,1,2026-08-20,200,883.0,883.0,0.0,0.0,0,0,0.0,1250.0,2500.0,90.5,C급,0,30,생산조정,"현재 DOI가 기준 상한 초과, 부족이 크지 않음",0.0,1.4156285390713477,1586.9,,계산됨
P1166A-00.00LCG3,-00.00,KBS-C_1Day_Grey,R1166-00.00LCG3,Q1166-00.00LCG3,ALENSA,Alensa s.r.o,X2491,1,1,2026-08-25,200,1515.0,0.0,0.0,0.0,0,0,0.0,0.0,0.0,0.0,C급,0,30,유지/관찰,,0.0,0.0,1575.0,,재고없음
P7041A-03.25MLB,-03.25,PIA D_Melady Brown_38% UV,R7041-03.25MLB,Q7041-03.25MLB,PIA,"PIA Co.,Ltd.",AA1454,1,1,2026-08-20,100,860.0,860.0,0.0,0.0,0,0,0.0,275.0,3200.0,15.5546875,C급,0,30,유지/관찰,,0.0,0.31976744186046513,1564.25,,계산됨
P7514M-00.00OLT2,-00.00,Oolong Tea_PIA_M_중사각(Y),R7514-00.00OLT2,Q7514-00.00OLT2,PIA,"PIA Co.,Ltd.",AA1465,1,1,2026-08-20,1300,669.0,669.0,0.0,400.0,0,0,400.0,790.0,29200.0,4.896917808219178,B급,20,60,유지/관찰,,0.5979073243647235,1.1808669656203288,1554.7,,계산됨
P5058A-01.50DBO,-01.50,(영문)PIA D_Dollish Brown_55% UV,R5058-01.50DBO,Q5058-01.50DBO,PIA,"PIA Co.,Ltd.",AA1469,1,1,2026-08-20,100,848.0,848.0,0.0,0.0,0,0,0.0,285.0,0.0,0.0,C급,0,30,유지/관찰,,0.0,0.33608490566037735,1542.15,,확인필요
P7023A-05.25CYB,-05.25,PIA D_Crystal Bloom_38% UV,R7023-05.25CYB,Q7023-05.25CYB,PIA,"PIA Co.,Ltd.",AA1449,1,1,2026-08-20,100,860.0,860.0,0.0,0.0,0,0,0.0,785.0,2200.0,64.5840909090909,C급,0,30,생산조정,"현재 DOI가 기준 상한 초과, 부족이 크지 않음",0.0,0.9127906976744186,1538.75,,계산됨
P7512M-01.25BEO1,-01.25,Baby Espresso_PIA_M_중사각(Y),R7512-01.25BEO1,Q7512-01.25BEO1,PIA,"PIA Co.,Ltd.",AA1466,1,1,2026-08-20,400,794.0,794.0,0.0,0.0,0,0,0.0,228.0,5800.0,7.115172413793103,C급,0,30,유지/관찰,,0.0,0.2871536523929471,1537.8,,계산됨
P4877A-03.50DZG,-03.50,(영문)PIA_Dazzle Gray,R4877-03.50DZG,Q4877-03.50DZG,PIA,"PIA Co.,Ltd.",AA1469,1,1,2026-08-20,100,836.0,836.0,0.0,0.0,0,0,0.0,290.0,0.0,0.0,C급,0,30,유지/관찰,,0.0,0.34688995215311,1520.3000000000002,,확인필요
P1311A-05.50,-05.50,Bi-focal D_8.40_55%,R1311-05.50,Q1311-05.50,OKVISION,OKVISION,HW0417,1,1,2026-08-31,4740,312.0,0.0,0.0,0.0,0,0,0.0,4430.0,7350.0,109.09251700680272,A급,30,60,생산조정,"현재 DOI가 기준 상한 초과, 부족이 크지 않음",0.0,14.198717948717949,1512.5,,계산됨
P3112R-04.75HCL,-04.75,(영문)PIA_1D 55% Hot Chocolate,R3112-04.75HCL,Q3112-04.75HCL,PIA,"PIA Co.,Ltd.",AA1468,1,1,2026-08-20,100,824.0,824.0,0.0,0.0,0,0,0.0,300.0,0.0,0.0,C급,0,30,유지/관찰,,0.0,0.3640776699029126,1498.2,,확인필요
P2123A-01.00CLB,-01.00,From D_(UV)Clear Beige_38%,R2123-01.00CLB,Q2123-01.00CLB,from-eyes,"from-eyes Co.,ltd.",GG0245,1,1,2026-10-01,200,824.0,824.0,0.0,0.0,0,0,0.0,1300.0,5000.0,47.06,C급,0,30,생산조정,"현재 DOI가 기준 상한 초과, 부족이 크지 않음",0.0,1.5776699029126213,1478.2,,계산됨
P7033A-03.75GEC,-03.75,PIA D_Gem Chocolat_38% UV,R7033-03.75GEC,Q7033-03.75GEC,PIA,"PIA Co.,Ltd.",AA1453,1,1,2026-08-20,100,813.0,813.0,0.0,0.0,0,0,0.0,310.0,1200.0,46.75833333333334,C급,0,30,생산조정,"현재 DOI가 기준 상한 초과, 부족이 크지 않음",0.0,0.3813038130381304,1477.9,,계산됨
P1063M-00.00CER3,-00.00,Cherish Brown_PIA_M_(중)_14.2,R1063-00.00CER3,Q1063-00.00CER3,PIA,"PIA Co.,Ltd.",AA1464,1,1,2026-08-20,1100,1198.0,0.0,6662.0,0.0,1840,0,8502.0,1045.0,25800.0,7.331201550387597,B급,20,60,유지/관찰,,7.096828046744574,0.8722871452420701,1475.75,,계산됨
P1167A-00.00TRU3,-00.00,KBS-C_1Day_True Sapphire,R1167-00.00TRU3,Q1167-00.00TRU3,ALENSA,Alensa s.r.o,X2492,1,1,2026-08-25,141,1424.0,0.0,0.0,0.0,0,0,0.0,0.0,0.0,0.0,C급,0,30,유지/관찰,,0.0,0.0,1466.3,,재고없음
P1147A-00.75BMG3,-00.75,PIA D_BAGUMORE GRAY_55% UV 15.0,R1147-00.75BMG3,Q1147-00.75BMG3,PIA,"PIA Co.,Ltd.",AA1403,1,1,2026-08-31,900,1168.0,0.0,0.0,0.0,4225,2610,6835.0,0.0,0.0,0.0,B급,20,60,,,5.851883561643835,0.0,1438.0,Y,신제품
P0106A-02.75CRG3,-02.75,PIA_BROWN MANEGE,R0106-02.75CRG3,Q0106-02.75CRG3,PIA,"PIA Co.,Ltd.",AA1460,1,1,2026-08-20,300,813.0,813.0,0.0,0.0,0,0,0.0,2315.0,5200.0,80.57980769230768,C급,0,30,생산조정,"현재 DOI가 기준 상한 초과, 부족이 크지 않음",0.0,2.8474784747847477,1437.65,,계산됨
P1022A-04.75HKB3,-04.75,HAPA(PIA) D_Sugar High Kristin Beige 14.2_55% UV,R1022-04.75HKB3,Q1022-04.75HKB3,PIA,"PIA Co.,Ltd.",GG0243,1,1,2026-08-20,200,824.0,824.0,0.0,0.0,0,0,0.0,2205.0,7000.0,57.015,C급,0,30,생산조정,"현재 DOI가 기준 상한 초과, 부족이 크지 않음",0.0,2.6759708737864076,1432.95,,계산됨
P7036M-03.75CRR,-03.75,Cream Rose_PIA_M_(중),R7036-03.75CRR,Q7036-03.75CRR,PIA,"PIA Co.,Ltd.",AA1466,1,1,2026-08-20,300,747.0,747.0,0.0,0.0,0,0,0.0,63.0,3200.0,3.5634375,C급,0,30,유지/관찰,,0.0,0.08433734939759036,1431.4499999999998,,계산됨
P1024A-01.75HKR3,-01.75,HAPA(PIA) D_First Love Kristin Brown 14.2_38% UV,R1024-01.75HKR3,Q1024-01.75HKR3,PIA,"PIA Co.,Ltd.",GG0243,1,1,2026-08-20,200,1444.0,0.0,3851.0,0.0,0,0,3851.0,1580.0,5000.0,57.196,C급,0,30,생산조정,"현재 DOI가 기준 상한 초과, 부족이 크지 않음",2.6668975069252077,1.0941828254847645,1425.0,,계산됨
P2123A-03.25CLB,-03.25,From D_(UV)Clear Beige_38%,R2123-03.25CLB,Q2123-03.25CLB,from-eyes,"from-eyes Co.,ltd.",GG0245,1,1,2026-10-01,200,789.0,789.0,0.0,0.0,0,0,0.0,1330.0,5500.0,43.76909090909091,C급,0,30,생산조정,"현재 DOI가 기준 상한 초과, 부족이 크지 않음",0.0,1.685678073510773,1413.7,,계산됨
P1023A-02.50HKP3,-02.50,HAPA(PIA) D_Sugar High Kristin Plus Gray 14.2_55%,R1023-02.50HKP3,Q1023-02.50HKP3,PIA,"PIA Co.,Ltd.",GG0243,1,1,2026-08-20,200,813.0,813.0,0.0,0.0,0,0,0.0,2310.0,4000.0,104.5275,C급,0,30,생산조정,"현재 DOI가 기준 상한 초과, 부족이 크지 않음",0.0,2.841328413284133,1407.9,,계산됨
P7538M-06.50DAT2,-06.50,Date Topaz_PIA_M_(중)(Y),R7538-06.50DAT2,Q7538-06.50DAT2,PIA,"PIA Co.,Ltd.",AA1466,1,1,2026-08-20,300,733.0,733.0,0.0,0.0,0,0,0.0,273.0,3600.0,13.725833333333334,C급,0,30,유지/관찰,,0.0,0.37244201909959074,1395.75,,계산됨
P1045M-01.25JQZ2,-01.25,Jelly Quartz_PIA_M_(중),R1045-01.25JQZ2,Q1045-01.25JQZ2,PIA,"PIA Co.,Ltd.",AA1466,1,1,2026-08-20,300,727.0,727.0,0.0,0.0,0,0,0.0,75.0,1600.0,8.484375,C급,0,30,유지/관찰,,0.0,0.1031636863823934,1394.85,,계산됨
P3116R-00.00FPC,-00.00,(영문)PIA_1D 55% Fruit Punch,R3116-00.00FPC,Q3116-00.00FPC,PIA,"PIA Co.,Ltd.",AA1468,1,1,2026-08-20,100,765.0,765.0,0.0,0.0,0,0,0.0,355.0,1000.0,64.255,C급,0,30,생산조정,"현재 DOI가 기준 상한 초과, 부족이 크지 않음",0.0,0.46405228758169936,1389.25,,계산됨
P3220A-03.00ALH,-03.00,Alcon D_Allure Hazel_W3C(APAC),R3220-03.00ALH,Q3220-03.00ALH,Alcon,ALCON India,D1926,1,1,2026-08-17,157,789.0,789.0,0.0,0.0,0,0,0.0,1750.0,8530.0,37.13364595545135,C급,0,30,생산조정,"현재 DOI가 기준 상한 초과, 부족이 크지 않음",0.0,2.217997465145754,1379.8,,계산됨
P7017A-03.25CRR,-03.25,PIA D_Cream Rose_38% UV,R7017-03.25CRR,Q7017-03.25CRR,PIA,"PIA Co.,Ltd.",AA1449,1,1,2026-08-20,300,777.0,777.0,0.0,0.0,0,0,0.0,2340.0,14600.0,29.009589041095893,C급,0,30,유지/관찰,,0.0,3.011583011583012,1371.6,,계산됨
P7519M-00.00TWB3,-00.00,Twinkle Brown_PIA_M_(중)(Y),R7519-00.00TWB3,Q7519-00.00TWB3,PIA,"PIA Co.,Ltd.",AA1464,1,1,2026-08-20,900,1127.0,0.0,4881.0,0.0,0,0,4881.0,708.0,18400.0,6.964565217391304,B급,20,60,유지/관찰,,4.330967169476486,0.6282165039929015,1361.6,,계산됨
P2121A-04.25CLB,-04.25,From D_(UV)Clear Beige Coral_38%,R2121-04.25CLB,Q2121-04.25CLB,from-eyes,"from-eyes Co.,ltd.",GG0245,1,1,2026-10-01,100,742.0,742.0,0.0,0.0,0,0,0.0,375.0,2500.0,27.15,C급,0,30,유지/관찰,,0.0,0.5053908355795148,1346.85,,계산됨
P7003A-04.75MCR,-04.75,PIA D_Mocha Ring_38% UV,R7003-04.75MCR,Q7003-04.75MCR,PIA,"PIA Co.,Ltd.",AA1449,1,1,2026-08-20,400,824.0,824.0,0.0,0.0,0,0,0.0,5300.0,12200.0,78.6311475409836,C급,0,30,생산조정,"현재 DOI가 기준 상한 초과, 부족이 크지 않음",0.0,6.432038834951456,1338.2,,계산됨
P3080A-02.25,-02.25,1D_55 clear feliamo,R3080-02.25,Q3080-02.25,PIA,"PIA Co.,Ltd.",AA1461,1,1,2026-08-20,90,1327.0,0.0,0.0,0.0,0,0,0.0,585.0,7200.0,14.70625,C급,0,30,유지/관찰,,0.0,0.440844009042954,1324.75,,계산됨
P5058A-04.00DBO,-04.00,(영문)PIA D_Dollish Brown_55% UV,R5058-04.00DBO,Q5058-04.00DBO,PIA,"PIA Co.,Ltd.",AA1469,1,1,2026-08-20,100,718.0,718.0,0.0,0.0,0,0,0.0,390.0,0.0,0.0,C급,0,30,유지/관찰,,0.0,0.5431754874651811,1302.9,,확인필요
P2121A-03.50CLB,-03.50,From D_(UV)Clear Beige Coral_38%,R2121-03.50CLB,Q2121-03.50CLB,from-eyes,"from-eyes Co.,ltd.",GG0245,1,1,2026-10-01,100,718.0,718.0,0.0,0.0,0,0,0.0,395.0,2000.0,35.7475,C급,0,30,생산조정,"현재 DOI가 기준 상한 초과, 부족이 크지 않음",0.0,0.5501392757660167,1302.65,,계산됨
P7036M-00.00CRR,-00.00,Cream Rose_PIA_M_(중),R7036-00.00CRR,Q7036-00.00CRR,PIA,"PIA Co.,Ltd.",AA1466,1,1,2026-08-20,1200,545.0,545.0,0.0,0.0,0,0,0.0,774.0,14800.0,9.465810810810812,B급,20,60,유지/관찰,,0.0,1.420183486238532,1302.3,,계산됨
P1164A-03.00GEN3,-03.00,KBS-C_1Day_Green,R1164-03.00GEN3,Q1164-03.00GEN3,ALENSA,Alensa s.r.o,X2490,1,1,2026-08-25,125,1263.0,0.0,0.0,0.0,0,0,0.0,0.0,0.0,0.0,C급,0,30,유지/관찰,,0.0,0.0,1300.5,,재고없음
P4834A-03.00CBM,-03.00,ClearBeige Mini UV 14.2,R4834-03.00CBM,Q4834-03.00CBM,from-eyes,"from-eyes Co.,ltd.",GG0246,1,1,2026-10-01,100,765.0,765.0,0.0,0.0,0,0,0.0,2350.0,4000.0,106.3375,C급,0,30,생산조정,"현재 DOI가 기준 상한 초과, 부족이 크지 않음",0.0,3.0718954248366015,1289.5,,계산됨
P0519A-03.25OLT,-03.25,PIA D_Oolong Tea_55% UV,R0519-03.25OLT,Q0519-03.25OLT,PIA,"PIA Co.,Ltd.",AA1443,1,1,2026-08-20,400,742.0,742.0,0.0,0.0,0,0,0.0,3370.0,41200.0,14.80509708737864,C급,0,30,유지/관찰,,0.0,4.54177897574124,1287.1,,계산됨
P7036M-01.75CRR,-01.75,Cream Rose_PIA_M_(중),R7036-01.75CRR,Q7036-01.75CRR,PIA,"PIA Co.,Ltd.",AA1466,1,1,2026-08-20,300,667.0,667.0,0.0,0.0,0,0,0.0,120.0,2600.0,8.353846153846154,C급,0,30,유지/관찰,,0.0,0.17991004497751126,1284.6,,계산됨
P5058A-03.50DBO,-03.50,(영문)PIA D_Dollish Brown_55% UV,R5058-03.50DBO,Q5058-03.50DBO,PIA,"PIA Co.,Ltd.",AA1469,1,1,2026-08-20,100,707.0,707.0,0.0,0.0,0,0,0.0,405.0,0.0,0.0,C급,0,30,유지/관찰,,0.0,0.5728429985855729,1282.35,,확인필요
P5227A-01.00DAP,-01.00,(CA)PIA D_Dark Peony_55% UV,R5227-01.00DAP,Q5227-01.00DAP,PIA,"PIA Co.,Ltd.",AA1469,1,1,2026-08-20,100,707.0,707.0,0.0,0.0,0,0,0.0,405.0,0.0,0.0,C급,0,30,유지/관찰,,0.0,0.5728429985855729,1282.35,,확인필요
P5227A-01.50DAP,-01.50,(CA)PIA D_Dark Peony_55% UV,R5227-01.50DAP,Q5227-01.50DAP,PIA,"PIA Co.,Ltd.",AA1469,1,1,2026-08-20,100,695.0,695.0,0.0,0.0,0,0,0.0,410.0,500.0,148.42,C급,0,30,생산조정,"현재 DOI가 기준 상한 초과, 부족이 크지 않음",0.0,0.5899280575539568,1260.5,,계산됨
P4811A-10.00BUL,-10.00,Freedom380_무지리드지,R4811-10.00BUL,Q4811-10.00BUL,MAXVUE/OPTIMAX,Maxvue Vision,D1921,1,1,2026-08-17,2000,712.0,0.0,0.0,0.0,0,2420,2420.0,1295.0,0.0,0.0,A급,30,60,유지/관찰,,3.398876404494382,1.8188202247191012,1247.25,,확인필요
P3149A-00.00BYB,-00.00,EYEQUE_BABY RING_GIRL POWER,R3149-00.00BYB,Q3149-00.00BYB,EYEQUE,EYEQUE,JJ0058,1,1,2026-08-12,200,1283.0,0.0,0.0,13082.0,0,0,13082.0,2285.0,1500.0,275.72333333333336,C급,0,30,생산조정,"현재 DOI가 기준 상한 초과, 부족이 크지 않음",10.196414653156664,1.7809820732657833,1228.75,,계산됨
P1144A-01.25BMP3,-01.25,PIA D_BAGUMORE PINK_55% UV 15.0,R1144-01.25BMP3,Q1144-01.25BMP3,PIA,"PIA Co.,Ltd.",AA1403,1,1,2026-08-31,900,532.0,532.0,0.0,0.0,0,0,0.0,0.0,0.0,0.0,B급,20,60,,,0.0,0.0,1227.6,Y,신제품
P1163A-01.50BRW3,-01.50,KBS-C_1Day_Brown,R1163-01.50BRW3,Q1163-01.50BRW3,ALENSA,Alensa s.r.o,X2489,1,1,2026-08-25,118,1192.0,0.0,0.0,0.0,0,0,0.0,0.0,0.0,0.0,C급,0,30,유지/관찰,,0.0,0.0,1227.4,,재고없음
P3080A-04.00,-04.00,1D_55 clear feliamo,R3080-04.00,Q3080-04.00,PIA,"PIA Co.,Ltd.",AA1461,1,1,2026-08-20,90,1267.0,0.0,0.0,0.0,0,0,0.0,1450.0,6300.0,41.65873015873016,C급,0,30,생산조정,"현재 DOI가 기준 상한 초과, 부족이 크지 않음",0.0,1.1444356748224151,1221.5,,계산됨
P3113R-07.00MLT,-07.00,(영문)PIA_1D 55% Matcha Latte,R3113-07.00MLT,Q3113-07.00MLT,PIA,"PIA Co.,Ltd.",AA1468,1,1,2026-08-20,100,671.0,671.0,0.0,0.0,0,0,0.0,435.0,500.0,157.47,C급,0,30,생산조정,"현재 DOI가 기준 상한 초과, 부족이 크지 않음",0.0,0.6482861400894188,1216.0500000000002,,계산됨
P1164A-02.00GEN3,-02.00,KBS-C_1Day_Green,R1164-02.00GEN3,Q1164-02.00GEN3,ALENSA,Alensa s.r.o,X2490,1,1,2026-08-25,115,1162.0,0.0,0.0,0.0,0,0,0.0,0.0,0.0,0.0,C급,0,30,유지/관찰,,0.0,0.0,1196.5,,재고없음
P5058A-02.00DBO,-02.00,(영문)PIA D_Dollish Brown_55% UV,R5058-02.00DBO,Q5058-02.00DBO,PIA,"PIA Co.,Ltd.",AA1469,1,1,2026-08-20,100,660.0,660.0,0.0,0.0,0,0,0.0,445.0,0.0,0.0,C급,0,30,유지/관찰,,0.0,0.6742424242424242,1195.75,,확인필요
P7014A-00.00PCE,-00.00,PIA D_Pearl Cats Eye_38% UV,R7014-00.00PCE,Q7014-00.00PCE,PIA,"PIA Co.,Ltd.",AA1449,1,1,2026-08-20,600,707.0,707.0,0.0,0.0,0,0,0.0,5405.0,49200.0,19.88424796747968,B급,20,60,유지/관찰,,0.0,7.644978783592645,1182.35,,계산됨
P7015A-05.00GQZ,-05.00,PIA D_Grege Quartz 38% UV,R7015-05.00GQZ,Q7015-05.00GQZ,PIA,"PIA Co.,Ltd.",AA1449,1,1,2026-08-20,300,671.0,671.0,0.0,0.0,0,0,0.0,2430.0,8200.0,53.637804878048776,C급,0,30,생산조정,"현재 DOI가 기준 상한 초과, 부족이 크지 않음",0.0,3.6214605067064083,1176.3000000000002,,계산됨
P7015A-03.50GQZ,-03.50,PIA D_Grege Quartz 38% UV,R7015-03.50GQZ,Q7015-03.50GQZ,PIA,"PIA Co.,Ltd.",AA1449,1,1,2026-08-20,200,660.0,660.0,0.0,0.0,0,0,0.0,1440.0,13200.0,19.745454545454542,C급,0,30,유지/관찰,,0.0,2.1818181818181817,1176.0,,계산됨
P1163A-02.75BRW3,-02.75,KBS-C_1Day_Brown,R1163-02.75BRW3,Q1163-02.75BRW3,ALENSA,Alensa s.r.o,X2489,1,1,2026-08-25,113,1141.0,0.0,0.0,0.0,0,0,0.0,0.0,0.0,0.0,C급,0,30,유지/관찰,,0.0,0.0,1174.9,,재고없음
P5227A-04.00DAP,-04.00,(CA)PIA D_Dark Peony_55% UV,R5227-04.00DAP,Q5227-04.00DAP,PIA,"PIA Co.,Ltd.",AA1469,1,1,2026-08-20,100,648.0,648.0,0.0,0.0,0,0,0.0,455.0,0.0,0.0,C급,0,30,유지/관찰,,0.0,0.7021604938271605,1173.65,,확인필요
P3149A-04.25BYB,-04.25,EYEQUE_BABY RING_GIRL POWER,R3149-04.25BYB,Q3149-04.25BYB,EYEQUE,EYEQUE,JJ0054,1,1,2026-08-10,150,1172.0,0.0,0.0,2290.0,0,0,2290.0,900.0,250.0,651.6,C급,0,30,생산지양,저수요 P코드인데 DOI가 과도함,1.953924914675768,0.7679180887372014,1172.0,,계산됨
P1164A-01.75GEN3,-01.75,KBS-C_1Day_Green,R1164-01.75GEN3,Q1164-01.75GEN3,ALENSA,Alensa s.r.o,X2490,1,1,2026-08-25,111,1121.0,0.0,0.0,0.0,0,0,0.0,0.0,0.0,0.0,C급,0,30,유지/관찰,,0.0,0.0,1154.3,,재고없음
P7533M-05.50DAP3,-05.50,Dark Peony_PIA_M_(중)(Y),R7533-05.50DAP3,Q7533-05.50DAP3,PIA,"PIA Co.,Ltd.","AA1464, AA1475",2,2,2026-08-20,250,595.0,595.0,0.0,0.0,0,0,0.0,72.0,1200.0,10.86,C급,0,30,유지/관찰,,0.0,0.12100840336134454,1142.4,,계산됨
P7013A-02.75GAN,-02.75,PIA D_Garnet_38% UV,R7013-02.75GAN,Q7013-02.75GAN,PIA,"PIA Co.,Ltd.",AA1449,1,1,2026-08-20,300,648.0,648.0,0.0,0.0,0,0,0.0,2450.0,10200.0,43.47549019607843,C급,0,30,생산조정,"현재 DOI가 기준 상한 초과, 부족이 크지 않음",0.0,3.7808641975308643,1133.9,,계산됨
P7512M-04.00BEO1,-04.00,Baby Espresso_PIA_M_중사각(Y),R7512-04.00BEO1,Q7512-04.00BEO1,PIA,"PIA Co.,Ltd.",AA1466,1,1,2026-08-20,400,573.0,573.0,0.0,0.0,0,0,0.0,390.0,7800.0,9.05,C급,0,30,유지/관찰,,0.0,0.680628272251309,1131.9,,계산됨
P3080A-06.00,-06.00,1D_55 clear feliamo,R3080-06.00,Q3080-06.00,PIA,"PIA Co.,Ltd.",AA1461,1,1,2026-08-20,60,1146.0,0.0,0.0,0.0,0,0,0.0,665.0,5400.0,22.28981481481481,C급,0,30,유지/관찰,,0.0,0.5802792321116929,1130.75,,계산됨
P5058A-04.25DBO,-04.25,(영문)PIA D_Dollish Brown_55% UV,R5058-04.25DBO,Q5058-04.25DBO,PIA,"PIA Co.,Ltd.",AA1469,1,1,2026-08-20,100,612.0,612.0,0.0,0.0,0,0,0.0,480.0,500.0,173.76,C급,0,30,생산조정,"현재 DOI가 기준 상한 초과, 부족이 크지 않음",0.0,0.7843137254901961,1107.6,,계산됨
P4876A-03.00DZB,-03.00,(영문)PIA_Dazzle Beige,R4876-03.00DZB,Q4876-03.00DZB,PIA,"PIA Co.,Ltd.",AA1469,1,1,2026-08-20,100,612.0,612.0,0.0,0.0,0,0,0.0,485.0,0.0,0.0,C급,0,30,유지/관찰,,0.0,0.7924836601307189,1107.35,,확인필요
P7009A-02.75OPL,-02.75,PIA D_Opal_38% UV,R7009-02.75OPL,Q7009-02.75OPL,PIA,"PIA Co.,Ltd.",AA1449,1,1,2026-08-20,300,683.0,683.0,0.0,0.0,0,0,0.0,4425.0,13700.0,58.46167883211679,C급,0,30,생산조정,"현재 DOI가 기준 상한 초과, 부족이 크지 않음",0.0,6.478770131771596,1098.15,,계산됨
P1164A-01.50GEN3,-01.50,KBS-C_1Day_Green,R1164-01.50GEN3,Q1164-01.50GEN3,ALENSA,Alensa s.r.o,X2490,1,1,2026-08-25,105,1061.0,0.0,0.0,0.0,0,0,0.0,0.0,0.0,0.0,C급,0,30,유지/관찰,,0.0,0.0,1092.5,,재고없음
P0513A-04.75SAK,-04.75,PIA D_Sakana_55% UV,R0513-04.75SAK,Q0513-04.75SAK,PIA,"PIA Co.,Ltd.",AA1448,1,1,2026-08-20,200,612.0,612.0,0.0,0.0,0,0,0.0,1485.0,2200.0,122.175,C급,0,30,생산조정,"현재 DOI가 기준 상한 초과, 부족이 크지 않음",0.0,2.426470588235294,1087.35,,계산됨
P3057A-01.75MLT,-01.75,PIA_Matcha Latte_55%_1-DAY,R3057-01.75MLT,Q3057-01.75MLT,PIA,"PIA Co.,Ltd.",AA1448,1,1,2026-08-20,100,601.0,601.0,0.0,0.0,0,0,0.0,490.0,2200.0,40.31363636363636,C급,0,30,생산조정,"현재 DOI가 기준 상한 초과, 부족이 크지 않음",0.0,0.8153078202995009,1087.3,,계산됨
P7538M-03.50DAT2,-03.50,Date Topaz_PIA_M_(중)(Y),R7538-03.50DAT2,Q7538-03.50DAT2,PIA,"PIA Co.,Ltd.",AA1466,1,1,2026-08-20,300,559.0,559.0,0.0,0.0,0,0,0.0,200.0,4800.0,7.541666666666666,C급,0,30,유지/관찰,,0.0,0.35778175313059035,1086.2,,계산됨
P1149A-08.00BMC3,-08.00,PIA D_BAGUMORE ICHIGO LATTE _55% UV 15.0,R1149-08.00BMC3,Q1149-08.00BMC3,PIA,"PIA Co.,Ltd.",AA1403,1,1,2026-08-31,500,519.0,519.0,0.0,0.0,0,0,0.0,0.0,0.0,0.0,B급,20,60,,,0.0,0.0,1084.2,Y,신제품
P7540M-06.00DBO3,-06.00,Dollish Brown_PIA_M_(중)(Y),R7540-06.00DBO3,Q7540-06.00DBO3,PIA,"PIA Co.,Ltd.",AA1464,1,1,2026-08-20,400,545.0,545.0,0.0,0.0,0,0,0.0,408.0,3000.0,24.616000000000003,C급,0,30,유지/관찰,,0.0,0.7486238532110092,1080.6,,계산됨
P3115R-02.00LAD,-02.00,(영문)PIA_1D 55% Lassie,R3115-02.00LAD,Q3115-02.00LAD,PIA,"PIA Co.,Ltd.",AA1468,1,1,2026-08-20,50,589.0,589.0,0.0,0.0,0,0,0.0,0.0,0.0,0.0,C급,0,30,유지/관찰,,0.0,0.0,1075.2,,재고없음
P3115R-04.25LAD,-04.25,(영문)PIA_1D 55% Lassie,R3115-04.25LAD,Q3115-04.25LAD,PIA,"PIA Co.,Ltd.",AA1468,1,1,2026-08-20,50,589.0,589.0,0.0,0.0,0,0,0.0,0.0,0.0,0.0,C급,0,30,유지/관찰,,0.0,0.0,1075.2,,재고없음
P3115R-06.50LAD,-06.50,(영문)PIA_1D 55% Lassie,R3115-06.50LAD,Q3115-06.50LAD,PIA,"PIA Co.,Ltd.",AA1468,1,1,2026-08-20,50,589.0,589.0,0.0,0.0,0,0,0.0,0.0,0.0,0.0,C급,0,30,유지/관찰,,0.0,0.0,1075.2,,재고없음
P3116R-02.25FPC,-02.25,(영문)PIA_1D 55% Fruit Punch,R3116-02.25FPC,Q3116-02.25FPC,PIA,"PIA Co.,Ltd.",AA1468,1,1,2026-08-20,50,589.0,589.0,0.0,0.0,0,0,0.0,0.0,0.0,0.0,C급,0,30,유지/관찰,,0.0,0.0,1075.2,,재고없음
P3116R-04.75FPC,-04.75,(영문)PIA_1D 55% Fruit Punch,R3116-04.75FPC,Q3116-04.75FPC,PIA,"PIA Co.,Ltd.",AA1468,1,1,2026-08-20,50,589.0,589.0,0.0,0.0,0,0,0.0,0.0,0.0,0.0,C급,0,30,유지/관찰,,0.0,0.0,1075.2,,재고없음
P3132A-02.25STS,-02.25,(영문)PIA_1D_55% SabaTeishoku_2T,R3132-02.25STS,Q3132-02.25STS,PIA,"PIA Co.,Ltd.",AA1468,1,1,2026-08-20,50,589.0,589.0,0.0,0.0,0,0,0.0,0.0,0.0,0.0,C급,0,30,유지/관찰,,0.0,0.0,1075.2,,재고없음
P4879A-02.25MRG,-02.25,(영문)PIA_Mirror Gray,R4879-02.25MRG,Q4879-02.25MRG,PIA,"PIA Co.,Ltd.",AA1469,1,1,2026-08-20,50,589.0,589.0,0.0,0.0,0,0,0.0,0.0,0.0,0.0,C급,0,30,유지/관찰,,0.0,0.0,1075.2,,재고없음
P4879A-03.75MRG,-03.75,(영문)PIA_Mirror Gray,R4879-03.75MRG,Q4879-03.75MRG,PIA,"PIA Co.,Ltd.",AA1469,1,1,2026-08-20,50,589.0,589.0,0.0,0.0,0,0,0.0,0.0,0.0,0.0,C급,0,30,유지/관찰,,0.0,0.0,1075.2,,재고없음
P5060A-04.50BBB,-04.50,(영문)PIA D_Bubble Blue_55% UV,R5060-04.50BBB,Q5060-04.50BBB,PIA,"PIA Co.,Ltd.",AA1469,1,1,2026-08-20,50,589.0,589.0,0.0,0.0,0,0,0.0,0.0,0.0,0.0,C급,0,30,유지/관찰,,0.0,0.0,1075.2,,재고없음
P7039A-03.00UNB,-03.00,(CA)PIA D_Uniform Black_55%_14.5 UV,R7039-03.00UNB,Q7039-03.00UNB,PIA,"PIA Co.,Ltd.",AA1469,1,1,2026-08-20,50,589.0,589.0,0.0,0.0,0,0,0.0,0.0,0.0,0.0,C급,0,30,유지/관찰,,0.0,0.0,1075.2,,재고없음
P3160A-04.50SMB,-04.50,(영문)PIA D_SMOKEY BEIGE_55%,R3160-04.50SMB,Q3160-04.50SMB,PIA,"PIA Co.,Ltd.",AA1472,1,1,2026-08-20,100,577.0,577.0,0.0,0.0,0,0,0.0,510.0,0.0,0.0,C급,0,30,유지/관찰,,0.0,0.8838821490467937,1043.1,,확인필요
P1163A-02.25BRW3,-02.25,KBS-C_1Day_Brown,R1163-02.25BRW3,Q1163-02.25BRW3,ALENSA,Alensa s.r.o,X2489,1,1,2026-08-25,100,1010.0,0.0,0.0,0.0,0,0,0.0,0.0,0.0,0.0,C급,0,30,유지/관찰,,0.0,0.0,1040.0,,재고없음
P1149A-01.00BMC3,-01.00,PIA D_BAGUMORE ICHIGO LATTE _55% UV 15.0,R1149-01.00BMC3,Q1149-01.00BMC3,PIA,"PIA Co.,Ltd.",AA1403,1,1,2026-08-31,900,426.0,426.0,7114.0,1598.0,0,0,8712.0,0.0,0.0,0.0,B급,20,60,,,20.450704225352112,0.0,1036.8,Y,신제품
P1147A-07.00BMG3,-07.00,PIA D_BAGUMORE GRAY_55% UV 15.0,R1147-07.00BMG3,Q1147-07.00BMG3,PIA,"PIA Co.,Ltd.",AA1403,1,1,2026-08-31,500,492.0,492.0,2137.0,0.0,0,0,2137.0,0.0,0.0,0.0,B급,20,60,,,4.34349593495935,0.0,1035.6,Y,신제품
P1179A-04.75MST3,-04.75,PIA D_Moon Stone_55% UV 14.5,R1179-04.75MST3,Q1179-04.75MST3,PIA,"PIA Co.,Ltd.",AA1439,1,1,2026-08-31,300,943.0,0.0,2060.0,0.0,0,0,2060.0,0.0,0.0,0.0,C급,0,30,공정대체확인,완제품은 부족하나 공정재고로 대체 가능성 확인 필요,2.1845174973488866,0.0,1033.0,,재고없음
P0595A-04.50PRC,-04.50,PIA D_Princess Chocolat_55%_14.5 UV,R0595-04.50PRC,Q0595-04.50PRC,PIA,"PIA Co.,Ltd.",AA1454,1,1,2026-08-20,200,660.0,660.0,0.0,0.0,0,0,0.0,4450.0,10200.0,78.9656862745098,C급,0,30,생산조정,"현재 DOI가 기준 상한 초과, 부족이 크지 않음",0.0,6.742424242424242,1025.5,,계산됨
P2123A-08.00CLB,-08.00,From D_(UV)Clear Beige_38%,R2123-08.00CLB,Q2123-08.00CLB,from-eyes,"from-eyes Co.,ltd.",GG0245,1,1,2026-10-01,200,577.0,577.0,0.0,0.0,0,0,0.0,1515.0,4500.0,60.93666666666667,C급,0,30,생산조정,"현재 DOI가 기준 상한 초과, 부족이 크지 않음",0.0,2.6256499133448874,1022.8499999999999,,계산됨
P7013A-01.25GAN,-01.25,PIA D_Garnet_38% UV,R7013-01.25GAN,Q7013-01.25GAN,PIA,"PIA Co.,Ltd.",AA1449,1,1,2026-08-20,200,577.0,577.0,0.0,0.0,0,0,0.0,1520.0,9200.0,29.904347826086955,C급,0,30,유지/관찰,,0.0,2.634315424610052,1022.5999999999999,,계산됨
P7014A-03.75PCE,-03.75,PIA D_Pearl Cats Eye_38% UV,R7014-03.75PCE,Q7014-03.75PCE,PIA,"PIA Co.,Ltd.",AA1449,1,1,2026-08-20,100,565.0,565.0,0.0,0.0,0,0,0.0,520.0,3500.0,26.891428571428573,C급,0,30,유지/관찰,,0.0,0.9203539823008849,1021.0,,계산됨
P1163A-02.50BRW3,-02.50,KBS-C_1Day_Brown,R1163-02.50BRW3,Q1163-02.50BRW3,ALENSA,Alensa s.r.o,X2489,1,1,2026-08-25,98,990.0,0.0,0.0,0.0,0,0,0.0,0.0,0.0,0.0,C급,0,30,유지/관찰,,0.0,0.0,1019.4,,재고없음
P1024A-03.50HKR3,-03.50,HAPA(PIA) D_First Love Kristin Brown 14.2_38% UV,R1024-03.50HKR3,Q1024-03.50HKR3,PIA,"PIA Co.,Ltd.",GG0243,1,1,2026-08-20,100,1010.0,0.0,2943.0,0.0,0,0,2943.0,455.0,6000.0,13.725833333333334,C급,0,30,유지/관찰,,2.913861386138614,0.4504950495049505,1017.25,,계산됨
P3114R-04.25LMD,-04.25,(영문)PIA_1D 55% Lemonade,R3114-04.25LMD,Q3114-04.25LMD,PIA,"PIA Co.,Ltd.",AA1468,1,1,2026-08-20,50,554.0,554.0,0.0,0.0,0,0,0.0,30.0,500.0,10.86,C급,0,30,유지/관찰,,0.0,0.05415162454873646,1010.7,,계산됨
P2123A-00.50CLB,-00.50,From D_(UV)Clear Beige_38%,R2123-00.50CLB,Q2123-00.50CLB,from-eyes,"from-eyes Co.,ltd.",GG0245,1,1,2026-10-01,100,554.0,554.0,0.0,0.0,0,0,0.0,535.0,2000.0,48.4175,C급,0,30,생산조정,"현재 DOI가 기준 상한 초과, 부족이 크지 않음",0.0,0.9657039711191335,1000.45,,계산됨
P3163A-01.50BSG,-01.50,(영문)PIA D_RUSTY GRAY_55%,R3163-01.50BSG,Q3163-01.50BSG,PIA,"PIA Co.,Ltd.",AA1472,1,1,2026-08-20,100,554.0,554.0,0.0,0.0,0,0,0.0,535.0,0.0,0.0,C급,0,30,유지/관찰,,0.0,0.9657039711191335,1000.45,,확인필요
P1061A-02.50CRW3,-02.50,PIA D_Cherish Brown_55% UV 14.2,R1061-02.50CRW3,Q1061-02.50CRW3,PIA,"PIA Co.,Ltd.",AA1447,1,1,2026-08-20,2200,565.0,565.0,0.0,6635.0,0,0,6635.0,13640.0,61200.0,40.340522875816994,A급,30,60,유지/관찰,,11.743362831858407,24.141592920353983,995.0,,계산됨
P4879A-01.50MRG,-01.50,(영문)PIA_Mirror Gray,R4879-01.50MRG,Q4879-01.50MRG,PIA,"PIA Co.,Ltd.",AA1469,1,1,2026-08-20,50,542.0,542.0,0.0,0.0,0,0,0.0,0.0,500.0,0.0,C급,0,30,유지/관찰,,0.0,0.0,990.6,,재고없음
P5323A-05.00CMC,-05.00,(영문)PIA D_Cafe Mocha_55% UV,R5323-05.00CMC,Q5323-05.00CMC,PIA,"PIA Co.,Ltd.",AA1470,1,1,2026-08-20,50,542.0,542.0,0.0,0.0,0,0,0.0,40.0,500.0,14.48,C급,0,30,유지/관찰,,0.0,0.07380073800738007,988.6,,계산됨
P1163A-03.00BRW3,-03.00,KBS-C_1Day_Brown,R1163-03.00BRW3,Q1163-03.00BRW3,ALENSA,Alensa s.r.o,X2489,1,1,2026-08-25,95,960.0,0.0,0.0,0.0,0,0,0.0,0.0,0.0,0.0,C급,0,30,유지/관찰,,0.0,0.0,988.5,,재고없음
P7040A-04.75PBO,-04.75,(CA)PIA D_Pink Bomb_55%_14.5 UV,R7040-04.75PBO,Q7040-04.75PBO,PIA,"PIA Co.,Ltd.",AA1469,1,1,2026-08-20,50,542.0,542.0,0.0,0.0,0,0,0.0,45.0,0.0,0.0,C급,0,30,유지/관찰,,0.0,0.08302583025830258,988.35,,확인필요
P1045M-05.00JQZ2,-05.00,Jelly Quartz_PIA_M_(중),R1045-05.00JQZ2,Q1045-05.00JQZ2,PIA,"PIA Co.,Ltd.",AA1466,1,1,2026-08-20,200,515.0,515.0,0.0,0.0,0,0,0.0,28.0,2200.0,2.303636363636364,C급,0,30,유지/관찰,,0.0,0.05436893203883495,985.6,,계산됨
P3058A-02.00LMD,-02.00,PIA_Lemonade_55%_1-DAY,R3058-02.00LMD,Q3058-02.00LMD,PIA,"PIA Co.,Ltd.",AA1448,1,1,2026-08-20,100,980.0,0.0,0.0,0.0,1735,0,1735.0,540.0,4200.0,23.27142857142857,C급,0,30,유지/관찰,,1.7704081632653061,0.5510204081632653,983.0,,계산됨
P7044A-05.00HOS,-05.00,PIA D_Honey Soda_38% UV,R7044-05.00HOS,Q7044-05.00HOS,PIA,"PIA Co.,Ltd.",AA1450,1,1,2026-08-20,100,542.0,542.0,0.0,0.0,0,0,0.0,550.0,2200.0,45.25,C급,0,30,생산조정,"현재 DOI가 기준 상한 초과, 부족이 크지 않음",0.0,1.014760147601476,978.1,,계산됨
P1065A-02.50-1.25180DLG3,-02.50,PIA D Toric_Dollish Gray_55% UV,R1065-02.50-1.25180DLG3,Q1065-02.50-1.25180DLG3,PIA,"PIA Co.,Ltd.",AA1459,1,1,2026-08-20,100,941.0,0.0,0.0,2560.0,0,0,2560.0,80.0,4200.0,3.447619047619048,C급,0,30,유지/관찰,,2.720510095642933,0.08501594048884166,967.0,,계산됨
P1163A-04.25BRW3,-04.25,KBS-C_1Day_Brown,R1163-04.25BRW3,Q1163-04.25BRW3,ALENSA,Alensa s.r.o,X2489,1,1,2026-08-25,93,939.0,0.0,0.0,0.0,0,0,0.0,0.0,0.0,0.0,C급,0,30,유지/관찰,,0.0,0.0,966.9,,재고없음
P4879A-02.00MRG,-02.00,(영문)PIA_Mirror Gray,R4879-02.00MRG,Q4879-02.00MRG,PIA,"PIA Co.,Ltd.",AA1469,1,1,2026-08-20,50,530.0,530.0,0.0,0.0,0,0,0.0,50.0,0.0,0.0,C급,0,30,유지/관찰,,0.0,0.09433962264150944,966.5,,확인필요
P4879A-05.50MRG,-05.50,(영문)PIA_Mirror Gray,R4879-05.50MRG,Q4879-05.50MRG,PIA,"PIA Co.,Ltd.",AA1469,1,1,2026-08-20,50,530.0,530.0,0.0,0.0,0,0,0.0,50.0,0.0,0.0,C급,0,30,유지/관찰,,0.0,0.09433962264150944,966.5,,확인필요
P7526M-00.00PCC3,-00.00,Peach Crush_3T_(PBT)PIA_M_(중)(Y),R7526-00.00PCC3,Q7526-00.00PCC3,PIA,"PIA Co.,Ltd.","AA1464, AA1475",2,2,2026-08-20,200,503.0,503.0,0.0,0.0,0,0,0.0,36.0,200.0,32.58,C급,0,30,생산조정,"현재 DOI가 기준 상한 초과, 부족이 크지 않음",0.0,0.07157057654075547,963.6000000000001,,계산됨
P1164A-02.75GEN3,-02.75,KBS-C_1Day_Green,R1164-02.75GEN3,Q1164-02.75GEN3,ALENSA,Alensa s.r.o,X2490,1,1,2026-08-25,92,929.0,0.0,0.0,0.0,0,0,0.0,0.0,0.0,0.0,C급,0,30,유지/관찰,,0.0,0.0,956.6,,재고없음
P7024A-03.50IDR,-03.50,PIA D_Idol Ring_38% UV,R7024-03.50IDR,Q7024-03.50IDR,PIA,"PIA Co.,Ltd.",AA1454,1,1,2026-08-20,200,671.0,671.0,0.0,0.0,0,0,0.0,6450.0,10200.0,114.45588235294116,C급,0,30,생산조정,"현재 DOI가 기준 상한 초과, 부족이 크지 않음",0.0,9.612518628912072,945.3000000000002,,계산됨
P3115R-03.50LAD,-03.50,(영문)PIA_1D 55% Lassie,R3115-03.50LAD,Q3115-03.50LAD,PIA,"PIA Co.,Ltd.",AA1468,1,1,2026-08-20,50,518.0,518.0,0.0,0.0,0,0,0.0,65.0,0.0,0.0,C급,0,30,유지/관찰,,0.0,0.12548262548262548,944.1500000000001,,확인필요
P3117R-02.00CDR,-02.00,(영문)PIA_1D 55% Cider,R3117-02.00CDR,Q3117-02.00CDR,PIA,"PIA Co.,Ltd.",AA1468,1,1,2026-08-20,50,518.0,518.0,0.0,0.0,0,0,0.0,65.0,500.0,23.53,C급,0,30,유지/관찰,,0.0,0.12548262548262548,944.1500000000001,,계산됨
P5058A-02.75DBO,-02.75,(영문)PIA D_Dollish Brown_55% UV,R5058-02.75DBO,Q5058-02.75DBO,PIA,"PIA Co.,Ltd.",AA1469,1,1,2026-08-20,50,518.0,518.0,0.0,0.0,0,0,0.0,65.0,500.0,23.53,C급,0,30,유지/관찰,,0.0,0.12548262548262548,944.1500000000001,,계산됨
P5059A-04.25DGR,-04.25,(영문)PIA D_Dollish Gray_55% UV,R5059-04.25DGR,Q5059-04.25DGR,PIA,"PIA Co.,Ltd.",AA1469,1,1,2026-08-20,50,518.0,518.0,0.0,0.0,0,0,0.0,65.0,0.0,0.0,C급,0,30,유지/관찰,,0.0,0.12548262548262548,944.1500000000001,,확인필요
P1163A-01.75BRW3,-01.75,KBS-C_1Day_Brown,R1163-01.75BRW3,Q1163-01.75BRW3,ALENSA,Alensa s.r.o,X2489,1,1,2026-08-25,90,909.0,0.0,0.0,0.0,0,0,0.0,0.0,0.0,0.0,C급,0,30,유지/관찰,,0.0,0.0,936.0,,재고없음
P2123A-05.50CLB,-05.50,From D_(UV)Clear Beige_38%,R2123-05.50CLB,Q2123-05.50CLB,from-eyes,"from-eyes Co.,ltd.",GG0245,1,1,2026-10-01,200,530.0,530.0,0.0,0.0,0,0,0.0,1560.0,7000.0,40.33714285714286,C급,0,30,생산조정,"현재 DOI가 기준 상한 초과, 부족이 크지 않음",0.0,2.943396226415094,936.0,,계산됨
P3106A-05.00SBR,-05.00,(영문)PIA_1D 55% Sheer Brown 14.2,R3106-05.00SBR,Q3106-05.00SBR,PIA,"PIA Co.,Ltd.",AA1470,1,1,2026-08-20,50,507.0,507.0,0.0,0.0,0,0,0.0,70.0,0.0,0.0,C급,0,30,유지/관찰,,0.0,0.13806706114398423,924.1,,확인필요
P7540M-02.50DBO3,-02.50,Dollish Brown_PIA_M_(중)(Y),R7540-02.50DBO3,Q7540-02.50DBO3,PIA,"PIA Co.,Ltd.","AA1464, AA1475",2,2,2026-08-20,550,440.0,440.0,0.0,0.0,0,0,0.0,785.0,4600.0,30.88804347826087,B급,20,60,유지/관찰,,0.0,1.7840909090909092,917.75,,계산됨
P7033A-00.00GEC,-00.00,PIA D_Gem Chocolat_38% UV,R7033-00.00GEC,Q7033-00.00GEC,PIA,"PIA Co.,Ltd.",AA1453,1,1,2026-08-20,300,530.0,530.0,0.0,0.0,0,0,0.0,2555.0,8200.0,56.3969512195122,C급,0,30,생산조정,"현재 DOI가 기준 상한 초과, 부족이 크지 않음",0.0,4.820754716981132,916.25,,계산됨
P2035A-01.50ROW,-01.50,BELLA D_Rosewood(8년),R2035-01.50ROW,Q2035-01.50ROW,OPTICAL SUPPLIES,OPTICAL SUPPLIES Co.,"YH0214, YH0218",2,2,2026-08-27,69,518.0,518.0,0.0,0.0,0,0,0.0,750.0,8410.0,16.141498216409037,C급,0,30,유지/관찰,,0.0,1.4478764478764479,915.6000000000001,,계산됨
P0587A-01.50ALP,-01.50,PIA D_Almond Poodle_55%_14.5 UV,R0587-01.50ALP,Q0587-01.50ALP,PIA,"PIA Co.,Ltd.",AA1443,1,1,2026-08-20,200,518.0,518.0,0.0,0.0,0,0,0.0,1565.0,3200.0,88.5203125,C급,0,30,생산조정,"현재 DOI가 기준 상한 초과, 부족이 크지 않음",0.0,3.0212355212355213,914.1500000000001,,계산됨
P7502A-03.75CRG,-03.75,PIA D_Cream Grege_14.4,R7502-03.75CRG,Q7502-03.75CRG,PIA,"PIA Co.,Ltd.",AA1445,1,1,2026-08-20,100,889.0,0.0,0.0,3569.0,0,0,3569.0,125.0,7800.0,2.900641025641025,C급,0,30,유지/관찰,,4.014623172103487,0.140607424071991,912.75,,계산됨
P7008A-08.00DAT,-08.00,PIA D_Date Topaz_38% UV,R7008-08.00DAT,Q7008-08.00DAT,PIA,"PIA Co.,Ltd.",AA1449,1,1,2026-08-20,500,424.0,424.0,0.0,0.0,0,0,0.0,160.0,18600.0,1.556989247311828,B급,20,60,유지/관찰,,0.0,0.37735849056603776,905.2,,계산됨
P3105A-06.50SBK,-06.50,(영문)PIA_1D 55% Sheer Black 14.2,R3105-06.50SBK,Q3105-06.50SBK,PIA,"PIA Co.,Ltd.",AA1470,1,1,2026-08-20,50,495.0,495.0,0.0,0.0,0,0,0.0,85.0,0.0,0.0,C급,0,30,유지/관찰,,0.0,0.1717171717171717,901.75,,확인필요
P7007A-02.50SBQ,-02.50,PIA D_Strawberry Quartz_38% UV,R7007-02.50SBQ,Q7007-02.50SBQ,PIA,"PIA Co.,Ltd.",AA1449,1,1,2026-08-20,300,518.0,518.0,0.0,0.0,0,0,0.0,2565.0,11200.0,41.45223214285714,C급,0,30,생산조정,"현재 DOI가 기준 상한 초과, 부족이 크지 않음",0.0,4.9517374517374515,894.1500000000001,,계산됨
P4876A-02.00DZB,-02.00,(영문)PIA_Dazzle Beige,R4876-02.00DZB,Q4876-02.00DZB,PIA,"PIA Co.,Ltd.",AA1469,1,1,2026-08-20,100,495.0,495.0,0.0,0.0,0,0,0.0,580.0,0.0,0.0,C급,0,30,유지/관찰,,0.0,1.1717171717171717,892.0,,확인필요
P3058A-03.50LMD,-03.50,PIA_Lemonade_55%_1-DAY,R3058-03.50LMD,Q3058-03.50LMD,PIA,"PIA Co.,Ltd.",AA1448,1,1,2026-08-20,100,1010.0,0.0,0.0,0.0,0,2280,2280.0,2995.0,4200.0,129.0702380952381,C급,0,30,생산조정,"현재 DOI가 기준 상한 초과, 부족이 크지 않음",2.257425742574257,2.9653465346534653,890.25,,계산됨
P4878A-01.00CBW,-01.00,(영문)PIA_Coral Brown,R4878-01.00CBW,Q4878-01.00CBW,PIA,"PIA Co.,Ltd.",AA1469,1,1,2026-08-20,50,483.0,483.0,0.0,0.0,0,0,0.0,90.0,0.0,0.0,C급,0,30,유지/관찰,,0.0,0.18633540372670807,879.9000000000001,,확인필요
P5227A-03.00DAP,-03.00,(CA)PIA D_Dark Peony_55% UV,R5227-03.00DAP,Q5227-03.00DAP,PIA,"PIA Co.,Ltd.",AA1469,1,1,2026-08-20,50,483.0,483.0,0.0,0.0,0,0,0.0,95.0,0.0,0.0,C급,0,30,유지/관찰,,0.0,0.19668737060041408,879.6500000000001,,확인필요
P5323A-05.50CMC,-05.50,(영문)PIA D_Cafe Mocha_55% UV,R5323-05.50CMC,Q5323-05.50CMC,PIA,"PIA Co.,Ltd.",AA1470,1,1,2026-08-20,50,483.0,483.0,0.0,0.0,0,0,0.0,95.0,500.0,34.39,C급,0,30,생산조정,"현재 DOI가 기준 상한 초과, 부족이 크지 않음",0.0,0.19668737060041408,879.6500000000001,,계산됨
P1163A-05.25BRW3,-05.25,KBS-C_1Day_Brown,R1163-05.25BRW3,Q1163-05.25BRW3,ALENSA,Alensa s.r.o,X2489,1,1,2026-08-25,84,849.0,0.0,0.0,0.0,0,0,0.0,0.0,0.0,0.0,C급,0,30,유지/관찰,,0.0,0.0,874.2,,재고없음
P7003A-04.25MCR,-04.25,PIA D_Mocha Ring_38% UV,R7003-04.25MCR,Q7003-04.25MCR,PIA,"PIA Co.,Ltd.",AA1449,1,1,2026-08-20,300,507.0,507.0,0.0,0.0,0,0,0.0,2570.0,12200.0,38.12868852459016,C급,0,30,생산조정,"현재 DOI가 기준 상한 초과, 부족이 크지 않음",0.0,5.069033530571992,874.1,,계산됨
P4879A-02.75MRG,-02.75,(영문)PIA_Mirror Gray,R4879-02.75MRG,Q4879-02.75MRG,PIA,"PIA Co.,Ltd.",AA1469,1,1,2026-08-20,50,471.0,471.0,0.0,0.0,0,0,0.0,100.0,500.0,36.2,C급,0,30,생산조정,"현재 DOI가 기준 상한 초과, 부족이 크지 않음",0.0,0.21231422505307856,857.8,,계산됨
P3106A-04.25SBR,-04.25,(영문)PIA_1D 55% Sheer Brown 14.2,R3106-04.25SBR,Q3106-04.25SBR,PIA,"PIA Co.,Ltd.",AA1470,1,1,2026-08-20,50,471.0,471.0,0.0,0.0,0,0,0.0,105.0,0.0,0.0,C급,0,30,유지/관찰,,0.0,0.2229299363057325,857.55,,확인필요
P1164A-01.25GEN3,-01.25,KBS-C_1Day_Green,R1164-01.25GEN3,Q1164-01.25GEN3,ALENSA,Alensa s.r.o,X2490,1,1,2026-08-25,82,828.0,0.0,0.0,0.0,0,0,0.0,0.0,0.0,0.0,C급,0,30,유지/관찰,,0.0,0.0,852.6,,재고없음
P1059A-04.25-0.75180BAE1,-04.25,PIA D Toric_TOPARDS Baby Espresso_55%_UV,R1059-04.25-0.75180BAE1,Q1059-04.25-0.75180BAE1,PIA,"PIA Co.,Ltd.",AA1452,1,1,2026-08-20,100,472.0,472.0,0.0,0.0,0,0,0.0,635.0,200.0,574.675,C급,0,30,생산지양,저수요 P코드인데 DOI가 과도함,0.0,1.3453389830508475,847.85,,계산됨
P3164A-00.00TMK,-00.00,(영문)PIA D_TAMA KONNYAKU_55%,R3164-00.00TMK,Q3164-00.00TMK,PIA,"PIA Co.,Ltd.",AA1468,1,1,2026-08-20,100,471.0,471.0,0.0,0.0,0,0,0.0,600.0,2500.0,43.44,C급,0,30,생산조정,"현재 DOI가 기준 상한 초과, 부족이 크지 않음",0.0,1.2738853503184713,847.8,,계산됨
P3113R-04.00MLT,-04.00,(영문)PIA_1D 55% Matcha Latte,R3113-04.00MLT,Q3113-04.00MLT,PIA,"PIA Co.,Ltd.",AA1468,1,1,2026-08-20,100,471.0,471.0,0.0,0.0,0,0,0.0,605.0,1000.0,109.505,C급,0,30,생산조정,"현재 DOI가 기준 상한 초과, 부족이 크지 않음",0.0,1.2845010615711252,847.55,,계산됨
P7032A-01.75CMB,-01.75,PIA D_Cinnamon Brown_38% UV,R7032-01.75CMB,Q7032-01.75CMB,PIA,"PIA Co.,Ltd.",AA1453,1,1,2026-08-20,100,471.0,471.0,0.0,0.0,0,0,0.0,610.0,1200.0,92.00833333333333,C급,0,30,생산조정,"현재 DOI가 기준 상한 초과, 부족이 크지 않음",0.0,1.2951167728237791,847.3,,계산됨
P5059A-05.00DGR,-05.00,(영문)PIA D_Dollish Gray_55% UV,R5059-05.00DGR,Q5059-05.00DGR,PIA,"PIA Co.,Ltd.",AA1469,1,1,2026-08-20,50,459.0,459.0,0.0,0.0,0,0,0.0,110.0,500.0,39.82,C급,0,30,생산조정,"현재 DOI가 기준 상한 초과, 부족이 크지 않음",0.0,0.23965141612200436,835.7,,계산됨
P5323A-03.75CMC,-03.75,(영문)PIA D_Cafe Mocha_55% UV,R5323-03.75CMC,Q5323-03.75CMC,PIA,"PIA Co.,Ltd.",AA1470,1,1,2026-08-20,50,459.0,459.0,0.0,0.0,0,0,0.0,110.0,0.0,0.0,C급,0,30,유지/관찰,,0.0,0.23965141612200436,835.7,,확인필요
P3106A-06.00SBR,-06.00,(영문)PIA_1D 55% Sheer Brown 14.2,R3106-06.00SBR,Q3106-06.00SBR,PIA,"PIA Co.,Ltd.",AA1470,1,1,2026-08-20,50,459.0,459.0,0.0,0.0,0,0,0.0,115.0,500.0,41.63,C급,0,30,생산조정,"현재 DOI가 기준 상한 초과, 부족이 크지 않음",0.0,0.25054466230936817,835.45,,계산됨
P5227A-03.25DAP,-03.25,(CA)PIA D_Dark Peony_55% UV,R5227-03.25DAP,Q5227-03.25DAP,PIA,"PIA Co.,Ltd.",AA1469,1,1,2026-08-20,50,459.0,459.0,0.0,0.0,0,0,0.0,115.0,0.0,0.0,C급,0,30,유지/관찰,,0.0,0.25054466230936817,835.45,,확인필요
P7541M-03.00DGR3,-03.00,Dollish Gray_PIA_M_(중)(Y),R7541-03.00DGR3,Q7541-03.00DGR3,PIA,"PIA Co.,Ltd.","AA1464, AA1475",2,2,2026-08-20,450,709.0,0.0,0.0,1768.0,0,0,1768.0,210.0,3100.0,12.261290322580646,C급,0,30,유지/관찰,,2.4936530324400565,0.29619181946403383,833.5,,계산됨
P1164A-01.00GEN3,-01.00,KBS-C_1Day_Green,R1164-01.00GEN3,Q1164-01.00GEN3,ALENSA,Alensa s.r.o,X2490,1,1,2026-08-25,80,808.0,0.0,0.0,0.0,0,0,0.0,0.0,0.0,0.0,C급,0,30,유지/관찰,,0.0,0.0,832.0,,재고없음
P1167A-01.50TRU3,-01.50,KBS-C_1Day_True Sapphire,R1167-01.50TRU3,Q1167-01.50TRU3,ALENSA,Alensa s.r.o,X2492,1,1,2026-08-25,80,808.0,0.0,0.0,0.0,0,0,0.0,0.0,0.0,0.0,C급,0,30,유지/관찰,,0.0,0.0,832.0,,재고없음
P1069A-02.75NER3,-02.75,BELLA D_Nerelle 55%,R1069-02.75NER3,Q1069-02.75NER3,OPTICAL SUPPLIES,OPTICAL SUPPLIES Co.,YH0214,1,1,2026-08-27,70,459.0,459.0,0.0,0.0,0,0,0.0,310.0,3000.0,18.703333333333333,C급,0,30,유지/관찰,,0.0,0.6753812636165577,831.7,,계산됨
P1167A-02.50TRU3,-02.50,KBS-C_1Day_True Sapphire,R1167-02.50TRU3,Q1167-02.50TRU3,ALENSA,Alensa s.r.o,X2492,1,1,2026-08-25,79,798.0,0.0,0.0,0.0,0,0,0.0,0.0,0.0,0.0,C급,0,30,유지/관찰,,0.0,0.0,821.7,,재고없음
P3112R-05.00HCL,-05.00,(영문)PIA_1D 55% Hot Chocolate,R3112-05.00HCL,Q3112-05.00HCL,PIA,"PIA Co.,Ltd.",AA1468,1,1,2026-08-20,50,448.0,448.0,0.0,0.0,0,0,0.0,120.0,500.0,43.44,C급,0,30,생산조정,"현재 DOI가 기준 상한 초과, 부족이 크지 않음",0.0,0.26785714285714285,815.4000000000001,,계산됨
P5227A-06.50DAP,-06.50,(CA)PIA D_Dark Peony_55% UV,R5227-06.50DAP,Q5227-06.50DAP,PIA,"PIA Co.,Ltd.",AA1469,1,1,2026-08-20,50,448.0,448.0,0.0,0.0,0,0,0.0,120.0,0.0,0.0,C급,0,30,유지/관찰,,0.0,0.26785714285714285,815.4000000000001,,확인필요
P3116R-03.00FPC,-03.00,(영문)PIA_1D 55% Fruit Punch,R3116-03.00FPC,Q3116-03.00FPC,PIA,"PIA Co.,Ltd.",AA1468,1,1,2026-08-20,50,448.0,448.0,0.0,0.0,0,0,0.0,125.0,0.0,0.0,C급,0,30,유지/관찰,,0.0,0.27901785714285715,815.1500000000001,,확인필요
P4876A-06.00DZB,-06.00,(영문)PIA_Dazzle Beige,R4876-06.00DZB,Q4876-06.00DZB,PIA,"PIA Co.,Ltd.",AA1469,1,1,2026-08-20,50,448.0,448.0,0.0,0.0,0,0,0.0,125.0,500.0,45.25,C급,0,30,생산조정,"현재 DOI가 기준 상한 초과, 부족이 크지 않음",0.0,0.27901785714285715,815.1500000000001,,계산됨
P1166A-02.50LCG3,-02.50,KBS-C_1Day_Grey,R1166-02.50LCG3,Q1166-02.50LCG3,ALENSA,Alensa s.r.o,X2491,1,1,2026-08-25,78,788.0,0.0,0.0,0.0,0,0,0.0,0.0,0.0,0.0,C급,0,30,유지/관찰,,0.0,0.0,811.4,,재고없음
P7015A-01.00GQZ,-01.00,PIA D_Grege Quartz 38% UV,R7015-01.00GQZ,Q7015-01.00GQZ,PIA,"PIA Co.,Ltd.",AA1449,1,1,2026-08-20,200,459.0,459.0,0.0,0.0,0,0,0.0,1610.0,6200.0,47.00161290322581,C급,0,30,생산조정,"현재 DOI가 기준 상한 초과, 부족이 크지 않음",0.0,3.5076252723311545,805.7,,계산됨
P7011A-10.00BFD,-10.00,PIA D_Brown Fondue_38% UV,R7011-10.00BFD,Q7011-10.00BFD,PIA,"PIA Co.,Ltd.",AA1450,1,1,2026-08-20,100,448.0,448.0,0.0,0.0,0,0,0.0,625.0,1200.0,94.27083333333334,C급,0,30,생산조정,"현재 DOI가 기준 상한 초과, 부족이 크지 않음",0.0,1.3950892857142858,805.1500000000001,,계산됨
P5059A-08.00DGR,-08.00,(영문)PIA D_Dollish Gray_55% UV,R5059-08.00DGR,Q5059-08.00DGR,PIA,"PIA Co.,Ltd.",AA1469,1,1,2026-08-20,50,436.0,436.0,0.0,0.0,0,0,0.0,130.0,0.0,0.0,C급,0,30,유지/관찰,,0.0,0.2981651376146789,793.3,,확인필요
P1061A-02.00CRW3,-02.00,PIA D_Cherish Brown_55% UV 14.2,R1061-02.00CRW3,Q1061-02.00CRW3,PIA,"PIA Co.,Ltd.",AA1447,1,1,2026-08-20,2000,648.0,648.0,0.0,3336.0,0,0,3336.0,19560.0,59200.0,59.80337837837838,A급,30,60,유지/관찰,,5.148148148148148,30.185185185185187,788.4000000000001,,계산됨
P7009A-02.00OPL,-02.00,PIA D_Opal_38% UV,R7009-02.00OPL,Q7009-02.00OPL,PIA,"PIA Co.,Ltd.",AA1449,1,1,2026-08-20,400,471.0,471.0,0.0,0.0,0,0,0.0,3595.0,14700.0,44.26496598639456,C급,0,30,생산조정,"현재 DOI가 기준 상한 초과, 부족이 크지 않음",0.0,7.632696390658174,788.05,,계산됨
P3140A-00.00TUB,-00.00,PIA_Tulle Brown_1D_55%_14.2,R3140-00.00TUB,Q3140-00.00TUB,PIA,"PIA Co.,Ltd.",AA1443,1,1,2026-08-20,200,448.0,448.0,0.0,0.0,0,0,0.0,1630.0,46200.0,6.385930735930736,C급,0,30,유지/관찰,,0.0,3.638392857142857,784.9000000000001,,계산됨
P1021A-06.50HKA3,-06.50,HAPA(PIA) D_Sugar High Kristin Ash Choco 14.2_55%,R1021-06.50HKA3,Q1021-06.50HKA3,PIA,"PIA Co.,Ltd.",GG0243,1,1,2026-08-20,100,436.0,436.0,0.0,0.0,0,0,0.0,630.0,3000.0,38.01,C급,0,30,생산조정,"현재 DOI가 기준 상한 초과, 부족이 크지 않음",0.0,1.444954128440367,783.3,,계산됨
P1024A-01.50HKR3,-01.50,HAPA(PIA) D_First Love Kristin Brown 14.2_38% UV,R1024-01.50HKR3,Q1024-01.50HKR3,PIA,"PIA Co.,Ltd.",GG0243,1,1,2026-08-20,200,828.0,0.0,3829.0,0.0,0,0,3829.0,2180.0,6000.0,65.76333333333334,C급,0,30,생산조정,"현재 DOI가 기준 상한 초과, 부족이 크지 않음",4.624396135265701,2.632850241545894,779.0,,계산됨
P4782A-01.50GRA3,-01.50,Astra Estelle Gray,R4782-01.50GRA3,Q4782-01.50GRA3,HEARTS/TopTrend,"Beautyicon International co., Ltd.",JJ0060,1,1,2026-08-24,40,424.0,424.0,0.0,0.0,0,0,0.0,40.0,753.0,9.614873837981408,C급,0,30,유지/관찰,,0.0,0.09433962264150944,773.2,,계산됨
P3220A-04.75ALH,-04.75,Alcon D_Allure Hazel_W3C(APAC),R3220-04.75ALH,Q3220-04.75ALH,Alcon,"Alcon (China) Ophthalmic Product Co., Ltd",DD1789,1,1,2026-08-24,50,495.0,495.0,0.0,0.0,0,0,0.0,2660.0,6340.0,75.94006309148266,C급,0,30,생산조정,"현재 DOI가 기준 상한 초과, 부족이 크지 않음",0.0,5.373737373737374,773.0,,계산됨
P3114R-03.00LMD,-03.00,(영문)PIA_1D 55% Lemonade,R3114-03.00LMD,Q3114-03.00LMD,PIA,"PIA Co.,Ltd.",AA1468,1,1,2026-08-20,50,424.0,424.0,0.0,0.0,0,0,0.0,145.0,500.0,52.49,C급,0,30,생산조정,"현재 DOI가 기준 상한 초과, 부족이 크지 않음",0.0,0.3419811320754717,770.95,,계산됨
P3114R-04.50LMD,-04.50,(영문)PIA_1D 55% Lemonade,R3114-04.50LMD,Q3114-04.50LMD,PIA,"PIA Co.,Ltd.",AA1468,1,1,2026-08-20,50,424.0,424.0,0.0,0.0,0,0,0.0,145.0,500.0,52.49,C급,0,30,생산조정,"현재 DOI가 기준 상한 초과, 부족이 크지 않음",0.0,0.3419811320754717,770.95,,계산됨
P3162A-02.00BSB,-02.00,(영문)PIA D_RUSTY BEIGE_55%,R3162-02.00BSB,Q3162-02.00BSB,PIA,"PIA Co.,Ltd.",AA1472,1,1,2026-08-20,50,424.0,424.0,0.0,0.0,0,0,0.0,145.0,0.0,0.0,C급,0,30,유지/관찰,,0.0,0.3419811320754717,770.95,,확인필요
P1163A-03.75BRW3,-03.75,KBS-C_1Day_Brown,R1163-03.75BRW3,Q1163-03.75BRW3,ALENSA,Alensa s.r.o,X2489,1,1,2026-08-25,74,748.0,0.0,0.0,0.0,0,0,0.0,0.0,0.0,0.0,C급,0,30,유지/관찰,,0.0,0.0,770.2,,재고없음
P7039A-03.50UNB,-03.50,(CA)PIA D_Uniform Black_55%_14.5 UV,R7039-03.50UNB,Q7039-03.50UNB,PIA,"PIA Co.,Ltd.",AA1469,1,1,2026-08-20,50,423.0,423.0,0.0,0.0,0,0,0.0,140.0,500.0,50.68000000000001,C급,0,30,생산조정,"현재 DOI가 기준 상한 초과, 부족이 크지 않음",0.0,0.3309692671394799,769.4000000000001,,계산됨
P4879A-03.00MRG,-03.00,(영문)PIA_Mirror Gray,R4879-03.00MRG,Q4879-03.00MRG,PIA,"PIA Co.,Ltd.",AA1469,1,1,2026-08-20,100,424.0,424.0,0.0,0.0,0,0,0.0,645.0,0.0,0.0,C급,0,30,유지/관찰,,0.0,1.5212264150943395,760.95,,확인필요
P0573A-03.50ZUN,-03.50,(영문)PIA D_ZUNDA MOCHI_55% UV,R0573-03.50ZUN,Q0573-03.50ZUN,PIA,"PIA Co.,Ltd.",AA1468,1,1,2026-08-20,50,412.0,412.0,0.0,0.0,0,0,0.0,150.0,0.0,0.0,C급,0,30,유지/관찰,,0.0,0.3640776699029126,749.1,,확인필요
P3112R-01.50HCL,-01.50,(영문)PIA_1D 55% Hot Chocolate,R3112-01.50HCL,Q3112-01.50HCL,PIA,"PIA Co.,Ltd.",AA1468,1,1,2026-08-20,50,412.0,412.0,0.0,0.0,0,0,0.0,155.0,500.0,56.11,C급,0,30,생산조정,"현재 DOI가 기준 상한 초과, 부족이 크지 않음",0.0,0.3762135922330097,748.85,,계산됨
P4877A-05.50DZG,-05.50,(영문)PIA_Dazzle Gray,R4877-05.50DZG,Q4877-05.50DZG,PIA,"PIA Co.,Ltd.",AA1469,1,1,2026-08-20,50,412.0,412.0,0.0,0.0,0,0,0.0,155.0,0.0,0.0,C급,0,30,유지/관찰,,0.0,0.3762135922330097,748.85,,확인필요
P1423A-02.75THB,-02.75,ANW D_Through Beige_Dopewink 38%,R1423-02.75THB,Q1423-02.75THB,Sincere,"SINCERE Co.,Ltd",GG0240,1,1,2026-09-01,70,412.0,412.0,0.0,0.0,0,0,0.0,355.0,1400.0,45.89642857142857,C급,0,30,생산조정,"현재 DOI가 기준 상한 초과, 부족이 크지 않음",0.0,0.8616504854368932,744.85,,계산됨
P4876A-04.00DZB,-04.00,(영문)PIA_Dazzle Beige,R4876-04.00DZB,Q4876-04.00DZB,PIA,"PIA Co.,Ltd.",AA1469,1,1,2026-08-20,100,412.0,412.0,0.0,0.0,0,0,0.0,655.0,0.0,0.0,C급,0,30,유지/관찰,,0.0,1.5898058252427185,738.85,,확인필요
P1064A-04.25-1.25180BBN2,-04.25,PIA D Toric_Brown Bunny_55% UV,R1064-04.25-1.25180BBN2,Q1064-04.25-1.25180BBN2,PIA,"PIA Co.,Ltd.",AA1459,1,1,2026-08-20,100,408.0,408.0,0.0,0.0,0,0,0.0,680.0,3200.0,38.4625,C급,0,30,생산조정,"현재 DOI가 기준 상한 초과, 부족이 크지 않음",0.0,1.6666666666666667,730.4000000000001,,계산됨
P3108R-01.50CPN,-01.50,(영문)PIA_1D 55% Cappuccino 14.2,R3108-01.50CPN,Q3108-01.50CPN,PIA,"PIA Co.,Ltd.",AA1470,1,1,2026-08-20,50,401.0,401.0,0.0,0.0,0,0,0.0,160.0,0.0,0.0,C급,0,30,유지/관찰,,0.0,0.39900249376558605,728.8,,확인필요
P3160A-07.00SMB,-07.00,(영문)PIA D_SMOKEY BEIGE_55%,R3160-07.00SMB,Q3160-07.00SMB,PIA,"PIA Co.,Ltd.",AA1472,1,1,2026-08-20,50,401.0,401.0,0.0,0.0,0,0,0.0,160.0,0.0,0.0,C급,0,30,유지/관찰,,0.0,0.39900249376558605,728.8,,확인필요
P3163A-05.00BSG,-05.00,(영문)PIA D_RUSTY GRAY_55%,R3163-05.00BSG,Q3163-05.00BSG,PIA,"PIA Co.,Ltd.",AA1472,1,1,2026-08-20,50,401.0,401.0,0.0,0.0,0,0,0.0,160.0,0.0,0.0,C급,0,30,유지/관찰,,0.0,0.39900249376558605,728.8,,확인필요
P5060A-06.50BBB,-06.50,(영문)PIA D_Bubble Blue_55% UV,R5060-06.50BBB,Q5060-06.50BBB,PIA,"PIA Co.,Ltd.",AA1469,1,1,2026-08-20,50,401.0,401.0,0.0,0.0,0,0,0.0,160.0,0.0,0.0,C급,0,30,유지/관찰,,0.0,0.39900249376558605,728.8,,확인필요
P5323A-03.00CMC,-03.00,(영문)PIA D_Cafe Mocha_55% UV,R5323-03.00CMC,Q5323-03.00CMC,PIA,"PIA Co.,Ltd.",AA1470,1,1,2026-08-20,50,401.0,401.0,0.0,0.0,0,0,0.0,160.0,0.0,0.0,C급,0,30,유지/관찰,,0.0,0.39900249376558605,728.8,,확인필요
P3160A-05.50SMB,-05.50,(영문)PIA D_SMOKEY BEIGE_55%,R3160-05.50SMB,Q3160-05.50SMB,PIA,"PIA Co.,Ltd.",AA1472,1,1,2026-08-20,50,401.0,401.0,0.0,0.0,0,0,0.0,165.0,0.0,0.0,C급,0,30,유지/관찰,,0.0,0.4114713216957606,728.55,,확인필요
P1163A-01.00BRW3,-01.00,KBS-C_1Day_Brown,R1163-01.00BRW3,Q1163-01.00BRW3,ALENSA,Alensa s.r.o,X2489,1,1,2026-08-25,69,697.0,0.0,0.0,0.0,0,0,0.0,0.0,0.0,0.0,C급,0,30,유지/관찰,,0.0,0.0,717.7,,재고없음
P1163A-01.25BRW3,-01.25,KBS-C_1Day_Brown,R1163-01.25BRW3,Q1163-01.25BRW3,ALENSA,Alensa s.r.o,X2489,1,1,2026-08-25,69,697.0,0.0,0.0,0.0,0,0,0.0,0.0,0.0,0.0,C급,0,30,유지/관찰,,0.0,0.0,717.7,,재고없음
P0573A-06.50ZUN,-06.50,(영문)PIA D_ZUNDA MOCHI_55% UV,R0573-06.50ZUN,Q0573-06.50ZUN,PIA,"PIA Co.,Ltd.",AA1468,1,1,2026-08-20,50,389.0,389.0,0.0,0.0,0,0,0.0,170.0,0.0,0.0,C급,0,30,유지/관찰,,0.0,0.4370179948586118,706.7,,확인필요
P4876A-04.25DZB,-04.25,(영문)PIA_Dazzle Beige,R4876-04.25DZB,Q4876-04.25DZB,PIA,"PIA Co.,Ltd.",AA1469,1,1,2026-08-20,50,389.0,389.0,0.0,0.0,0,0,0.0,170.0,500.0,61.540000000000006,C급,0,30,생산조정,"현재 DOI가 기준 상한 초과, 부족이 크지 않음",0.0,0.4370179948586118,706.7,,계산됨
P7039A-02.50UNB,-02.50,(CA)PIA D_Uniform Black_55%_14.5 UV,R7039-02.50UNB,Q7039-02.50UNB,PIA,"PIA Co.,Ltd.",AA1469,1,1,2026-08-20,50,389.0,389.0,0.0,0.0,0,0,0.0,170.0,500.0,61.540000000000006,C급,0,30,생산조정,"현재 DOI가 기준 상한 초과, 부족이 크지 않음",0.0,0.4370179948586118,706.7,,계산됨
P5060A-03.50BBB,-03.50,(영문)PIA D_Bubble Blue_55% UV,R5060-03.50BBB,Q5060-03.50BBB,PIA,"PIA Co.,Ltd.",AA1469,1,1,2026-08-20,50,389.0,389.0,0.0,0.0,0,0,0.0,175.0,0.0,0.0,C급,0,30,유지/관찰,,0.0,0.4498714652956298,706.45,,확인필요
P7535M-06.50COJ3,-06.50,Coffee Jelly_PIA_M_(중)(Y),R7535-06.50COJ3,Q7535-06.50COJ3,PIA,"PIA Co.,Ltd.",AA1465,1,1,2026-08-20,300,615.0,0.0,1190.0,2379.0,0,0,3569.0,284.0,3800.0,13.527368421052632,C급,0,30,유지/관찰,,5.803252032520326,0.46178861788617886,690.8,,계산됨
P3106A-03.75SBR,-03.75,(영문)PIA_1D 55% Sheer Brown 14.2,R3106-03.75SBR,Q3106-03.75SBR,PIA,"PIA Co.,Ltd.",AA1470,1,1,2026-08-20,50,377.0,377.0,0.0,0.0,0,0,0.0,185.0,0.0,0.0,C급,0,30,유지/관찰,,0.0,0.4907161803713528,684.35,,확인필요
P3164A-04.75TMK,-04.75,(영문)PIA D_TAMA KONNYAKU_55%,R3164-04.75TMK,Q3164-04.75TMK,PIA,"PIA Co.,Ltd.",AA1468,1,1,2026-08-20,50,377.0,377.0,0.0,0.0,0,0,0.0,185.0,0.0,0.0,C급,0,30,유지/관찰,,0.0,0.4907161803713528,684.35,,확인필요
P7039A-02.00UNB,-02.00,(CA)PIA D_Uniform Black_55%_14.5 UV,R7039-02.00UNB,Q7039-02.00UNB,PIA,"PIA Co.,Ltd.",AA1469,1,1,2026-08-20,50,377.0,377.0,0.0,0.0,0,0,0.0,185.0,500.0,66.97,C급,0,30,생산조정,"현재 DOI가 기준 상한 초과, 부족이 크지 않음",0.0,0.4907161803713528,684.35,,계산됨
P2028A-02.00PTA,-02.00,BELLA_1-Day_Platinum Grey(8년),R2028-02.00PTA,Q2028-02.00PTA,OPTICAL SUPPLIES,OPTICAL SUPPLIES Co.,"YH0199, YH0214",2,2,2026-08-07,80,667.0,0.0,0.0,0.0,0,0,0.0,145.0,5900.0,4.448305084745763,C급,0,30,유지/관찰,,0.0,0.21739130434782608,683.75,,계산됨
P5060A-00.00BBB,-00.00,(영문)PIA D_Bubble Blue_55% UV,R5060-00.00BBB,Q5060-00.00BBB,PIA,"PIA Co.,Ltd.",AA1469,1,1,2026-08-20,200,389.0,389.0,0.0,0.0,0,0,0.0,1670.0,1500.0,201.5133333333333,C급,0,30,생산조정,"현재 DOI가 기준 상한 초과, 부족이 크지 않음",0.0,4.29305912596401,676.7,,계산됨
P1163A-03.25BRW3,-03.25,KBS-C_1Day_Brown,R1163-03.25BRW3,Q1163-03.25BRW3,ALENSA,Alensa s.r.o,X2489,1,1,2026-08-25,65,657.0,0.0,0.0,0.0,0,0,0.0,0.0,0.0,0.0,C급,0,30,유지/관찰,,0.0,0.0,676.5,,재고없음
P7032A-04.75CMB,-04.75,PIA D_Cinnamon Brown_38% UV,R7032-04.75CMB,Q7032-04.75CMB,PIA,"PIA Co.,Ltd.",AA1453,1,1,2026-08-20,100,377.0,377.0,0.0,0.0,0,0,0.0,690.0,1200.0,104.075,C급,0,30,생산조정,"현재 DOI가 기준 상한 초과, 부족이 크지 않음",0.0,1.830238726790451,674.1,,계산됨
P7017A-06.00CRR,-06.00,PIA D_Cream Rose_38% UV,R7017-06.00CRR,Q7017-06.00CRR,PIA,"PIA Co.,Ltd.",AA1449,1,1,2026-08-20,400,808.0,0.0,2952.0,0.0,0,0,2952.0,5205.0,19800.0,47.5810606060606,C급,0,30,생산조정,"현재 DOI가 기준 상한 초과, 부족이 크지 않음",3.6534653465346536,6.441831683168317,667.75,,계산됨
P1163A-05.00BRW3,-05.00,KBS-C_1Day_Brown,R1163-05.00BRW3,Q1163-05.00BRW3,ALENSA,Alensa s.r.o,X2489,1,1,2026-08-25,64,647.0,0.0,0.0,0.0,0,0,0.0,0.0,0.0,0.0,C급,0,30,유지/관찰,,0.0,0.0,666.2,,재고없음
P1166A-04.50LCG3,-04.50,KBS-C_1Day_Grey,R1166-04.50LCG3,Q1166-04.50LCG3,ALENSA,Alensa s.r.o,X2491,1,1,2026-08-25,64,647.0,0.0,0.0,0.0,0,0,0.0,0.0,0.0,0.0,C급,0,30,유지/관찰,,0.0,0.0,666.2,,재고없음
P1167A-03.50TRU3,-03.50,KBS-C_1Day_True Sapphire,R1167-03.50TRU3,Q1167-03.50TRU3,ALENSA,Alensa s.r.o,X2492,1,1,2026-08-25,64,647.0,0.0,0.0,0.0,0,0,0.0,0.0,0.0,0.0,C급,0,30,유지/관찰,,0.0,0.0,666.2,,재고없음
P3106A-04.00SBR,-04.00,(영문)PIA_1D 55% Sheer Brown 14.2,R3106-04.00SBR,Q3106-04.00SBR,PIA,"PIA Co.,Ltd.",AA1470,1,1,2026-08-20,50,365.0,365.0,0.0,0.0,0,0,0.0,190.0,500.0,68.78,C급,0,30,생산조정,"현재 DOI가 기준 상한 초과, 부족이 크지 않음",0.0,0.5205479452054794,662.5,,계산됨
P3113R-08.00MLT,-08.00,(영문)PIA_1D 55% Matcha Latte,R3113-08.00MLT,Q3113-08.00MLT,PIA,"PIA Co.,Ltd.",AA1468,1,1,2026-08-20,50,365.0,365.0,0.0,0.0,0,0,0.0,195.0,0.0,0.0,C급,0,30,유지/관찰,,0.0,0.5342465753424658,662.25,,확인필요
P1163A-03.50BRW3,-03.50,KBS-C_1Day_Brown,R1163-03.50BRW3,Q1163-03.50BRW3,ALENSA,Alensa s.r.o,X2489,1,1,2026-08-25,63,637.0,0.0,0.0,0.0,0,0,0.0,0.0,0.0,0.0,C급,0,30,유지/관찰,,0.0,0.0,655.9,,재고없음
P7024A-03.25IDR,-03.25,PIA D_Idol Ring_38% UV,R7024-03.25IDR,Q7024-03.25IDR,PIA,"PIA Co.,Ltd.",AA1454,1,1,2026-08-20,200,459.0,459.0,0.0,0.0,0,0,0.0,4630.0,7200.0,116.39305555555556,C급,0,30,생산조정,"현재 DOI가 기준 상한 초과, 부족이 크지 않음",0.0,10.087145969498911,654.7,,계산됨
P2121A-06.50CLB,-06.50,From D_(UV)Clear Beige Coral_38%,R2121-06.50CLB,Q2121-06.50CLB,from-eyes,"from-eyes Co.,ltd.",GG0245,1,1,2026-10-01,200,657.0,0.0,2779.0,0.0,0,0,2779.0,1350.0,1000.0,244.35,C급,0,30,생산조정,"현재 DOI가 기준 상한 초과, 부족이 크지 않음",4.229832572298326,2.0547945205479454,649.5,,계산됨
P7552A-00.00CRB3,-00.00,PIA D_(영문)Cream Beige,R7552-00.00CRB3,Q7552-00.00CRB3,PIA,"PIA Co.,Ltd.",AA1471,1,1,2026-08-20,200,657.0,0.0,0.0,0.0,0,0,0.0,1350.0,2500.0,97.74,C급,0,30,생산조정,"현재 DOI가 기준 상한 초과, 부족이 크지 않음",0.0,2.0547945205479454,649.5,,계산됨
P3127A-02.75YSP1,-02.75,PIA_1D 55% YakisobaPan_1T,R3127-02.75YSP1,Q3127-02.75YSP1,PIA,"PIA Co.,Ltd.",AA1448,1,1,2026-08-20,200,401.0,401.0,0.0,0.0,0,0,0.0,2660.0,5200.0,92.58846153846152,C급,0,30,생산조정,"현재 DOI가 기준 상한 초과, 부족이 크지 않음",0.0,6.633416458852868,648.8,,계산됨
P5059A-02.00DGR,-02.00,(영문)PIA D_Dollish Gray_55% UV,R5059-02.00DGR,Q5059-02.00DGR,PIA,"PIA Co.,Ltd.",AA1469,1,1,2026-08-20,50,354.0,354.0,0.0,0.0,0,0,0.0,200.0,0.0,0.0,C급,0,30,유지/관찰,,0.0,0.5649717514124294,642.2,,확인필요
P5323A-02.50CMC,-02.50,(영문)PIA D_Cafe Mocha_55% UV,R5323-02.50CMC,Q5323-02.50CMC,PIA,"PIA Co.,Ltd.",AA1470,1,1,2026-08-20,50,354.0,354.0,0.0,0.0,0,0,0.0,200.0,500.0,72.4,C급,0,30,생산조정,"현재 DOI가 기준 상한 초과, 부족이 크지 않음",0.0,0.5649717514124294,642.2,,계산됨
P7039A-01.00UNB,-01.00,(CA)PIA D_Uniform Black_55%_14.5 UV,R7039-01.00UNB,Q7039-01.00UNB,PIA,"PIA Co.,Ltd.",AA1469,1,1,2026-08-20,50,354.0,354.0,0.0,0.0,0,0,0.0,200.0,0.0,0.0,C급,0,30,유지/관찰,,0.0,0.5649717514124294,642.2,,확인필요
P7040A-04.50PBO,-04.50,(CA)PIA D_Pink Bomb_55%_14.5 UV,R7040-04.50PBO,Q7040-04.50PBO,PIA,"PIA Co.,Ltd.",AA1469,1,1,2026-08-20,50,354.0,354.0,0.0,0.0,0,0,0.0,200.0,0.0,0.0,C급,0,30,유지/관찰,,0.0,0.5649717514124294,642.2,,확인필요
P3114R-06.50LMD,-06.50,(영문)PIA_1D 55% Lemonade,R3114-06.50LMD,Q3114-06.50LMD,PIA,"PIA Co.,Ltd.",AA1468,1,1,2026-08-20,50,354.0,354.0,0.0,0.0,0,0,0.0,205.0,0.0,0.0,C급,0,30,유지/관찰,,0.0,0.5790960451977402,641.95,,확인필요
P4877A-02.00DZG,-02.00,(영문)PIA_Dazzle Gray,R4877-02.00DZG,Q4877-02.00DZG,PIA,"PIA Co.,Ltd.",AA1469,1,1,2026-08-20,50,354.0,354.0,0.0,0.0,0,0,0.0,205.0,0.0,0.0,C급,0,30,유지/관찰,,0.0,0.5790960451977402,641.95,,확인필요
P5324A-02.75CHE,-02.75,(영문)PIA D_Chestnut_55% UV,R5324-02.75CHE,Q5324-02.75CHE,PIA,"PIA Co.,Ltd.",AA1470,1,1,2026-08-20,50,354.0,354.0,0.0,0.0,0,0,0.0,205.0,0.0,0.0,C급,0,30,유지/관찰,,0.0,0.5790960451977402,641.95,,확인필요
P7532M-03.50SAS3,-03.50,Sakura Smore_PIA_M_(중)(Y),R7532-03.50SAS3,Q7532-03.50SAS3,PIA,"PIA Co.,Ltd.",AA1464,1,1,2026-08-20,200,332.0,332.0,0.0,0.0,0,0,0.0,363.0,1800.0,36.501666666666665,C급,0,30,생산조정,"현재 DOI가 기준 상한 초과, 부족이 크지 않음",0.0,1.0933734939759037,639.45,,계산됨
P1059A-02.00-1.25180BAE1,-02.00,PIA D Toric_TOPARDS Baby Espresso_55%_UV,R1059-02.00-1.25180BAE1,Q1059-02.00-1.25180BAE1,PIA,"PIA Co.,Ltd.",AA1452,1,1,2026-08-20,100,357.0,357.0,0.0,0.0,0,0,0.0,720.0,200.0,651.6,C급,0,30,생산지양,저수요 P코드인데 DOI가 과도함,0.0,2.0168067226890756,636.6,,계산됨
P7013A-03.25GAN,-03.25,PIA D_Garnet_38% UV,R7013-03.25GAN,Q7013-03.25GAN,PIA,"PIA Co.,Ltd.",AA1449,1,1,2026-08-20,300,377.0,377.0,0.0,0.0,0,0,0.0,2690.0,7200.0,67.62361111111112,C급,0,30,생산조정,"현재 DOI가 기준 상한 초과, 부족이 크지 않음",0.0,7.135278514588859,634.1,,계산됨
P1166A-01.50LCG3,-01.50,KBS-C_1Day_Grey,R1166-01.50LCG3,Q1166-01.50LCG3,ALENSA,Alensa s.r.o,X2491,1,1,2026-08-25,60,606.0,0.0,0.0,0.0,0,0,0.0,0.0,0.0,0.0,C급,0,30,유지/관찰,,0.0,0.0,624.0,,재고없음
P1166A-02.00LCG3,-02.00,KBS-C_1Day_Grey,R1166-02.00LCG3,Q1166-02.00LCG3,ALENSA,Alensa s.r.o,X2491,1,1,2026-08-25,59,596.0,0.0,0.0,0.0,0,0,0.0,0.0,0.0,0.0,C급,0,30,유지/관찰,,0.0,0.0,613.7,,재고없음
P1167A-01.00TRU3,-01.00,KBS-C_1Day_True Sapphire,R1167-01.00TRU3,Q1167-01.00TRU3,ALENSA,Alensa s.r.o,X2492,1,1,2026-08-25,59,596.0,0.0,0.0,0.0,0,0,0.0,0.0,0.0,0.0,C급,0,30,유지/관찰,,0.0,0.0,613.7,,재고없음
P7007A-02.25SBQ,-02.25,PIA D_Strawberry Quartz_38% UV,R7007-02.25SBQ,Q7007-02.25SBQ,PIA,"PIA Co.,Ltd.",AA1449,1,1,2026-08-20,300,365.0,365.0,0.0,0.0,0,0,0.0,2695.0,7200.0,67.74930555555555,C급,0,30,생산조정,"현재 DOI가 기준 상한 초과, 부족이 크지 않음",0.0,7.383561643835616,612.25,,계산됨
P2123A-01.25CLB,-01.25,From D_(UV)Clear Beige_38%,R2123-01.25CLB,Q2123-01.25CLB,from-eyes,"from-eyes Co.,ltd.",GG0245,1,1,2026-10-01,100,342.0,342.0,0.0,0.0,0,0,0.0,710.0,4000.0,32.1275,C급,0,30,생산조정,"현재 DOI가 기준 상한 초과, 부족이 크지 않음",0.0,2.0760233918128654,610.1,,계산됨
P1167A-02.00TRU3,-02.00,KBS-C_1Day_True Sapphire,R1167-02.00TRU3,Q1167-02.00TRU3,ALENSA,Alensa s.r.o,X2492,1,1,2026-08-25,58,586.0,0.0,0.0,0.0,0,0,0.0,0.0,0.0,0.0,C급,0,30,유지/관찰,,0.0,0.0,603.4,,재고없음
P3111R-08.00CCN,-08.00,(영문)PIA_1D 55% Coconuts,R3111-08.00CCN,Q3111-08.00CCN,PIA,"PIA Co.,Ltd.",AA1468,1,1,2026-08-20,50,330.0,330.0,0.0,0.0,0,0,0.0,225.0,0.0,0.0,C급,0,30,유지/관찰,,0.0,0.6818181818181818,597.75,,확인필요
P1045M-01.75JQZ2,-01.75,Jelly Quartz_PIA_M_(중),R1045-01.75JQZ2,Q1045-01.75JQZ2,PIA,"PIA Co.,Ltd.",AA1466,1,1,2026-08-20,300,510.0,0.0,1690.0,0.0,0,0,1690.0,99.0,2200.0,8.145,C급,0,30,유지/관찰,,3.3137254901960786,0.19411764705882353,595.05,,계산됨
P1179A-03.75MST3,-03.75,PIA D_Moon Stone_55% UV 14.5,R1179-03.75MST3,Q1179-03.75MST3,PIA,"PIA Co.,Ltd.",AA1439,1,1,2026-08-31,300,274.0,274.0,0.0,0.0,0,0,0.0,0.0,0.0,0.0,C급,0,30,유지/관찰,,0.0,0.0,583.2,,재고없음
P1166A-03.50LCG3,-03.50,KBS-C_1Day_Grey,R1166-03.50LCG3,Q1166-03.50LCG3,ALENSA,Alensa s.r.o,X2491,1,1,2026-08-25,56,566.0,0.0,0.0,0.0,0,0,0.0,0.0,0.0,0.0,C급,0,30,유지/관찰,,0.0,0.0,582.8,,재고없음
P1167A-01.25TRU3,-01.25,KBS-C_1Day_True Sapphire,R1167-01.25TRU3,Q1167-01.25TRU3,ALENSA,Alensa s.r.o,X2492,1,1,2026-08-25,56,566.0,0.0,0.0,0.0,0,0,0.0,0.0,0.0,0.0,C급,0,30,유지/관찰,,0.0,0.0,582.8,,재고없음
P3109R-02.00EPS,-02.00,(영문)PIA_1D 55% Espresso 14.5,R3109-02.00EPS,Q3109-02.00EPS,PIA,"PIA Co.,Ltd.",AA1470,1,1,2026-08-20,50,318.0,318.0,0.0,0.0,0,0,0.0,230.0,500.0,83.26,C급,0,30,생산조정,"현재 DOI가 기준 상한 초과, 부족이 크지 않음",0.0,0.7232704402515723,575.9,,계산됨
P3111R-03.50CCN,-03.50,(영문)PIA_1D 55% Coconuts,R3111-03.50CCN,Q3111-03.50CCN,PIA,"PIA Co.,Ltd.",AA1468,1,1,2026-08-20,50,318.0,318.0,0.0,0.0,0,0,0.0,230.0,0.0,0.0,C급,0,30,유지/관찰,,0.0,0.7232704402515723,575.9,,확인필요
P4877A-04.50DZG,-04.50,(영문)PIA_Dazzle Gray,R4877-04.50DZG,Q4877-04.50DZG,PIA,"PIA Co.,Ltd.",AA1469,1,1,2026-08-20,50,318.0,318.0,0.0,0.0,0,0,0.0,230.0,0.0,0.0,C급,0,30,유지/관찰,,0.0,0.7232704402515723,575.9,,확인필요
P5059A-03.50DGR,-03.50,(영문)PIA D_Dollish Gray_55% UV,R5059-03.50DGR,Q5059-03.50DGR,PIA,"PIA Co.,Ltd.",AA1469,1,1,2026-08-20,50,318.0,318.0,0.0,0.0,0,0,0.0,230.0,500.0,83.26,C급,0,30,생산조정,"현재 DOI가 기준 상한 초과, 부족이 크지 않음",0.0,0.7232704402515723,575.9,,계산됨
P5060A-05.50BBB,-05.50,(영문)PIA D_Bubble Blue_55% UV,R5060-05.50BBB,Q5060-05.50BBB,PIA,"PIA Co.,Ltd.",AA1469,1,1,2026-08-20,50,318.0,318.0,0.0,0.0,0,0,0.0,230.0,0.0,0.0,C급,0,30,유지/관찰,,0.0,0.7232704402515723,575.9,,확인필요
P1163A-05.50BRW3,-05.50,KBS-C_1Day_Brown,R1163-05.50BRW3,Q1163-05.50BRW3,ALENSA,Alensa s.r.o,X2489,1,1,2026-08-25,55,556.0,0.0,0.0,0.0,0,0,0.0,0.0,0.0,0.0,C급,0,30,유지/관찰,,0.0,0.0,572.5,,재고없음
P1166A-01.75LCG3,-01.75,KBS-C_1Day_Grey,R1166-01.75LCG3,Q1166-01.75LCG3,ALENSA,Alensa s.r.o,X2491,1,1,2026-08-25,55,556.0,0.0,0.0,0.0,0,0,0.0,0.0,0.0,0.0,C급,0,30,유지/관찰,,0.0,0.0,572.5,,재고없음
P1166A-02.75LCG3,-02.75,KBS-C_1Day_Grey,R1166-02.75LCG3,Q1166-02.75LCG3,ALENSA,Alensa s.r.o,X2491,1,1,2026-08-25,55,556.0,0.0,0.0,0.0,0,0,0.0,0.0,0.0,0.0,C급,0,30,유지/관찰,,0.0,0.0,572.5,,재고없음
P1166A-02.25LCG3,-02.25,KBS-C_1Day_Grey,R1166-02.25LCG3,Q1166-02.25LCG3,ALENSA,Alensa s.r.o,X2491,1,1,2026-08-25,54,546.0,0.0,0.0,0.0,0,0,0.0,0.0,0.0,0.0,C급,0,30,유지/관찰,,0.0,0.0,562.2,,재고없음
P4879A-07.00MRG,-07.00,(영문)PIA_Mirror Gray,R4879-07.00MRG,Q4879-07.00MRG,PIA,"PIA Co.,Ltd.",AA1469,1,1,2026-08-20,50,306.0,306.0,0.0,0.0,0,0,0.0,245.0,0.0,0.0,C급,0,30,유지/관찰,,0.0,0.8006535947712419,553.55,,확인필요
P1147A-05.50BMG3,-05.50,PIA D_BAGUMORE GRAY_55% UV 15.0,R1147-05.50BMG3,Q1147-05.50BMG3,PIA,"PIA Co.,Ltd.",AA1403,1,1,2026-08-31,1200,186.0,0.0,4292.0,0.0,0,0,4292.0,0.0,0.0,0.0,B급,20,60,,,23.0752688172043,0.0,546.0,Y,신제품
P7011A-01.25BFD,-01.25,PIA D_Brown Fondue_38% UV,R7011-01.25BFD,Q7011-01.25BFD,PIA,"PIA Co.,Ltd.",AA1450,1,1,2026-08-20,200,318.0,318.0,0.0,0.0,0,0,0.0,1730.0,4200.0,74.5547619047619,C급,0,30,생산조정,"현재 DOI가 기준 상한 초과, 부족이 크지 않음",0.0,5.440251572327044,545.9,,계산됨
P7011A-02.00BFD,-02.00,PIA D_Brown Fondue_38% UV,R7011-02.00BFD,Q7011-02.00BFD,PIA,"PIA Co.,Ltd.",AA1450,1,1,2026-08-20,200,318.0,318.0,0.0,0.0,0,0,0.0,1735.0,5200.0,60.39134615384615,C급,0,30,생산조정,"현재 DOI가 기준 상한 초과, 부족이 크지 않음",0.0,5.455974842767295,545.65,,계산됨
P7023A-02.25CYB,-02.25,PIA D_Crystal Bloom_38% UV,R7023-02.25CYB,Q7023-02.25CYB,PIA,"PIA Co.,Ltd.",AA1449,1,1,2026-08-20,100,306.0,306.0,0.0,0.0,0,0,0.0,745.0,2200.0,61.29318181818181,C급,0,30,생산조정,"현재 DOI가 기준 상한 초과, 부족이 크지 않음",0.0,2.434640522875817,543.55,,계산됨
P3116R-01.50FPC,-01.50,(영문)PIA_1D 55% Fruit Punch,R3116-01.50FPC,Q3116-01.50FPC,PIA,"PIA Co.,Ltd.",AA1468,1,1,2026-08-20,50,295.0,295.0,0.0,0.0,0,0,0.0,250.0,0.0,0.0,C급,0,30,유지/관찰,,0.0,0.847457627118644,533.5,,확인필요
P3117R-03.00CDR,-03.00,(영문)PIA_1D 55% Cider,R3117-03.00CDR,Q3117-03.00CDR,PIA,"PIA Co.,Ltd.",AA1468,1,1,2026-08-20,50,295.0,295.0,0.0,0.0,0,0,0.0,250.0,0.0,0.0,C급,0,30,유지/관찰,,0.0,0.847457627118644,533.5,,확인필요
P4877A-04.25DZG,-04.25,(영문)PIA_Dazzle Gray,R4877-04.25DZG,Q4877-04.25DZG,PIA,"PIA Co.,Ltd.",AA1469,1,1,2026-08-20,50,295.0,295.0,0.0,0.0,0,0,0.0,250.0,0.0,0.0,C급,0,30,유지/관찰,,0.0,0.847457627118644,533.5,,확인필요
P4878A-03.00CBW,-03.00,(영문)PIA_Coral Brown,R4878-03.00CBW,Q4878-03.00CBW,PIA,"PIA Co.,Ltd.",AA1469,1,1,2026-08-20,50,295.0,295.0,0.0,0.0,0,0,0.0,250.0,0.0,0.0,C급,0,30,유지/관찰,,0.0,0.847457627118644,533.5,,확인필요
P4878A-07.00CBW,-07.00,(영문)PIA_Coral Brown,R4878-07.00CBW,Q4878-07.00CBW,PIA,"PIA Co.,Ltd.",AA1469,1,1,2026-08-20,50,295.0,295.0,0.0,0.0,0,0,0.0,250.0,0.0,0.0,C급,0,30,유지/관찰,,0.0,0.847457627118644,533.5,,확인필요
P1177A-01.25RNG3,-01.25,PIA D_Rosy Nougat_55% UV 14.5,R1177-01.25RNG3,Q1177-01.25RNG3,PIA,"PIA Co.,Ltd.",AA1438,1,1,2026-08-31,300,441.0,0.0,0.0,0.0,2310,0,2310.0,0.0,0.0,0.0,C급,0,30,공정대체확인,완제품은 부족하나 공정재고로 대체 가능성 확인 필요,5.238095238095238,0.0,531.0,,재고없음
P1166A-01.00LCG3,-01.00,KBS-C_1Day_Grey,R1166-01.00LCG3,Q1166-01.00LCG3,ALENSA,Alensa s.r.o,X2491,1,1,2026-08-25,51,515.0,0.0,0.0,0.0,0,0,0.0,0.0,0.0,0.0,C급,0,30,유지/관찰,,0.0,0.0,530.3,,재고없음
P1166A-03.25LCG3,-03.25,KBS-C_1Day_Grey,R1166-03.25LCG3,Q1166-03.25LCG3,ALENSA,Alensa s.r.o,X2491,1,1,2026-08-25,51,515.0,0.0,0.0,0.0,0,0,0.0,0.0,0.0,0.0,C급,0,30,유지/관찰,,0.0,0.0,530.3,,재고없음
P3147A-02.25GRA,-02.25,EYEQUE_ICE Gray_GIRL POWER,R3147-02.25GRA,Q3147-02.25GRA,EYEQUE,EYEQUE,"JJ0054, JJ0056",2,2,2026-08-10,100,526.0,0.0,0.0,8749.0,0,0,8749.0,640.0,250.0,463.36,C급,0,30,생산지양,저수요 P코드인데 DOI가 과도함,16.633079847908746,1.2167300380228137,524.0,,계산됨
P3178A-04.00NUB,-04.00,PIA D_Nudie Beige_55% UV,R3178-04.00NUB,Q3178-04.00NUB,PIA,"PIA Co.,Ltd.",AA1451,1,1,2026-08-20,100,295.0,295.0,0.0,0.0,0,0,0.0,755.0,2200.0,62.11590909090909,C급,0,30,생산조정,"현재 DOI가 기준 상한 초과, 부족이 크지 않음",0.0,2.559322033898305,523.25,,계산됨
P4834A-06.50CBM,-06.50,ClearBeige Mini UV 14.2,R4834-06.50CBM,Q4834-06.50CBM,from-eyes,"from-eyes Co.,ltd.",GG0246,1,1,2026-10-01,100,295.0,295.0,0.0,0.0,0,0,0.0,755.0,2500.0,54.662,C급,0,30,생산조정,"현재 DOI가 기준 상한 초과, 부족이 크지 않음",0.0,2.559322033898305,523.25,,계산됨
P1166A-03.75LCG3,-03.75,KBS-C_1Day_Grey,R1166-03.75LCG3,Q1166-03.75LCG3,ALENSA,Alensa s.r.o,X2491,1,1,2026-08-25,50,505.0,0.0,0.0,0.0,0,0,0.0,0.0,0.0,0.0,C급,0,30,유지/관찰,,0.0,0.0,520.0,,재고없음
P1167A-04.00TRU3,-04.00,KBS-C_1Day_True Sapphire,R1167-04.00TRU3,Q1167-04.00TRU3,ALENSA,Alensa s.r.o,X2492,1,1,2026-08-25,50,505.0,0.0,0.0,0.0,0,0,0.0,0.0,0.0,0.0,C급,0,30,유지/관찰,,0.0,0.0,520.0,,재고없음
P7532M-03.75SAS3,-03.75,Sakura Smore_PIA_M_(중)(Y),R7532-03.75SAS3,Q7532-03.75SAS3,PIA,"PIA Co.,Ltd.",AA1464,1,1,2026-08-20,100,269.0,269.0,0.0,0.0,0,0,0.0,7.0,1600.0,0.7918750000000001,C급,0,30,유지/관찰,,0.0,0.026022304832713755,513.85,,계산됨
P7040A-02.25PBO,-02.25,(CA)PIA D_Pink Bomb_55%_14.5 UV,R7040-02.25PBO,Q7040-02.25PBO,PIA,"PIA Co.,Ltd.",AA1469,1,1,2026-08-20,50,283.0,283.0,0.0,0.0,0,0,0.0,260.0,0.0,0.0,C급,0,30,유지/관찰,,0.0,0.9187279151943463,511.4,,확인필요
P5323A-03.50CMC,-03.50,(영문)PIA D_Cafe Mocha_55% UV,R5323-03.50CMC,Q5323-03.50CMC,PIA,"PIA Co.,Ltd.",AA1470,1,1,2026-08-20,50,283.0,283.0,0.0,0.0,0,0,0.0,265.0,0.0,0.0,C급,0,30,유지/관찰,,0.0,0.9363957597173145,511.15,,확인필요
P7024A-02.75IDR,-02.75,PIA D_Idol Ring_38% UV,R7024-02.75IDR,Q7024-02.75IDR,PIA,"PIA Co.,Ltd.",AA1454,1,1,2026-08-20,200,377.0,377.0,0.0,0.0,0,0,0.0,4690.0,9200.0,92.27065217391304,C급,0,30,생산조정,"현재 DOI가 기준 상한 초과, 부족이 크지 않음",0.0,12.440318302387269,504.1,,계산됨
P2121A-06.00CLB,-06.00,From D_(UV)Clear Beige Coral_38%,R2121-06.00CLB,Q2121-06.00CLB,from-eyes,"from-eyes Co.,ltd.",GG0245,1,1,2026-10-01,100,494.0,0.0,739.0,0.0,0,0,739.0,510.0,2500.0,36.924,C급,0,30,생산조정,"현재 DOI가 기준 상한 초과, 부족이 크지 않음",1.4959514170040487,1.0323886639676114,498.5,,계산됨
P7533M-04.75DAP3,-04.75,Dark Peony_PIA_M_(중)(Y),R7533-04.75DAP3,Q7533-04.75DAP3,PIA,"PIA Co.,Ltd.",AA1464,1,1,2026-08-20,300,418.0,0.0,3826.0,1476.0,0,0,5302.0,191.0,1400.0,24.693571428571428,C급,0,30,유지/관찰,,12.68421052631579,0.4569377990430622,498.45,,계산됨
P1149A-01.25BMC3,-01.25,PIA D_BAGUMORE ICHIGO LATTE _55% UV 15.0,R1149-01.25BMC3,Q1149-01.25BMC3,PIA,"PIA Co.,Ltd.",AA1403,1,1,2026-08-31,900,228.0,0.0,976.0,0.0,0,1350,2326.0,0.0,0.0,0.0,B급,20,60,,,10.201754385964913,0.0,498.0,Y,신제품
P1163A-10.00BRW3,-10.00,KBS-C_1Day_Brown,R1163-10.00BRW3,Q1163-10.00BRW3,ALENSA,Alensa s.r.o,X2489,1,1,2026-08-25,50,475.0,0.0,0.0,0.0,0,0,0.0,0.0,0.0,0.0,C급,0,30,유지/관찰,,0.0,0.0,490.0,,재고없음
P3150A-04.50CHC,-04.50,EYEQUE_MILK CHOC_GIRL POWER,R3150-04.50CHC,Q3150-04.50CHC,EYEQUE,EYEQUE,JJ0054,1,1,2026-08-10,50,505.0,0.0,0.0,1464.0,0,0,1464.0,605.0,0.0,0.0,C급,0,30,유지/관찰,,2.899009900990099,1.198019801980198,489.75,,확인필요
P3162A-04.75BSB,-04.75,(영문)PIA D_RUSTY BEIGE_55%,R3162-04.75BSB,Q3162-04.75BSB,PIA,"PIA Co.,Ltd.",AA1472,1,1,2026-08-20,50,271.0,271.0,0.0,0.0,0,0,0.0,270.0,0.0,0.0,C급,0,30,유지/관찰,,0.0,0.996309963099631,489.3,,확인필요
P4876A-03.50DZB,-03.50,(영문)PIA_Dazzle Beige,R4876-03.50DZB,Q4876-03.50DZB,PIA,"PIA Co.,Ltd.",AA1469,1,1,2026-08-20,50,271.0,271.0,0.0,0.0,0,0,0.0,270.0,0.0,0.0,C급,0,30,유지/관찰,,0.0,0.996309963099631,489.3,,확인필요
P5323A-04.25CMC,-04.25,(영문)PIA D_Cafe Mocha_55% UV,R5323-04.25CMC,Q5323-04.25CMC,PIA,"PIA Co.,Ltd.",AA1470,1,1,2026-08-20,50,271.0,271.0,0.0,0.0,0,0,0.0,270.0,500.0,97.74,C급,0,30,생산조정,"현재 DOI가 기준 상한 초과, 부족이 크지 않음",0.0,0.996309963099631,489.3,,계산됨
P7535M-05.00COJ3,-05.00,Coffee Jelly_PIA_M_(중)(Y),R7535-05.00COJ3,Q7535-05.00COJ3,PIA,"PIA Co.,Ltd.",AA1465,1,1,2026-08-20,400,387.0,0.0,832.0,0.0,0,0,832.0,425.0,4200.0,18.31547619047619,C급,0,30,유지/관찰,,2.149870801033592,1.0981912144702843,485.75,,계산됨
P3150A-02.75CHC,-02.75,EYEQUE_MILK CHOC_GIRL POWER,R3150-02.75CHC,Q3150-02.75CHC,EYEQUE,EYEQUE,JJ0054,1,1,2026-08-10,50,505.0,0.0,0.0,2618.0,0,0,2618.0,955.0,0.0,0.0,C급,0,30,유지/관찰,,5.184158415841584,1.891089108910891,472.25,,확인필요
P1163A-07.00BRW3,-07.00,KBS-C_1Day_Brown,R1163-07.00BRW3,Q1163-07.00BRW3,ALENSA,Alensa s.r.o,X2489,1,1,2026-08-25,45,455.0,0.0,0.0,0.0,0,0,0.0,0.0,0.0,0.0,C급,0,30,유지/관찰,,0.0,0.0,468.5,,재고없음
P1167A-02.25TRU3,-02.25,KBS-C_1Day_True Sapphire,R1167-02.25TRU3,Q1167-02.25TRU3,ALENSA,Alensa s.r.o,X2492,1,1,2026-08-25,45,455.0,0.0,0.0,0.0,0,0,0.0,0.0,0.0,0.0,C급,0,30,유지/관찰,,0.0,0.0,468.5,,재고없음
P1063M-04.00CER3,-04.00,Cherish Brown_PIA_M_(중)_14.2,R1063-04.00CER3,Q1063-04.00CER3,PIA,"PIA Co.,Ltd.",AA1464,1,1,2026-08-20,300,389.0,0.0,2244.0,0.0,0,0,2244.0,223.0,3000.0,13.454333333333334,C급,0,30,유지/관찰,,5.768637532133676,0.5732647814910026,467.85,,계산됨
P2035A-01.25ROW,-01.25,BELLA D_Rosewood(8년),R2035-01.25ROW,Q2035-01.25ROW,OPTICAL SUPPLIES,OPTICAL SUPPLIES Co.,YH0214,1,1,2026-08-27,35,271.0,271.0,0.0,0.0,0,0,0.0,620.0,5820.0,19.281786941580755,C급,0,30,유지/관찰,,0.0,2.2878228782287824,467.3,,계산됨
P3108R-03.25CPN,-03.25,(영문)PIA_1D 55% Cappuccino 14.2,R3108-03.25CPN,Q3108-03.25CPN,PIA,"PIA Co.,Ltd.",AA1470,1,1,2026-08-20,50,259.0,259.0,0.0,0.0,0,0,0.0,280.0,0.0,0.0,C급,0,30,유지/관찰,,0.0,1.0810810810810811,467.20000000000005,,확인필요
P3114R-05.00LMD,-05.00,(영문)PIA_1D 55% Lemonade,R3114-05.00LMD,Q3114-05.00LMD,PIA,"PIA Co.,Ltd.",AA1468,1,1,2026-08-20,50,259.0,259.0,0.0,0.0,0,0,0.0,280.0,0.0,0.0,C급,0,30,유지/관찰,,0.0,1.0810810810810811,467.20000000000005,,확인필요
P3116R-01.00FPC,-01.00,(영문)PIA_1D 55% Fruit Punch,R3116-01.00FPC,Q3116-01.00FPC,PIA,"PIA Co.,Ltd.",AA1468,1,1,2026-08-20,50,259.0,259.0,0.0,0.0,0,0,0.0,285.0,0.0,0.0,C급,0,30,유지/관찰,,0.0,1.1003861003861004,466.95000000000005,,확인필요
P3162A-04.00BSB,-04.00,(영문)PIA D_RUSTY BEIGE_55%,R3162-04.00BSB,Q3162-04.00BSB,PIA,"PIA Co.,Ltd.",AA1472,1,1,2026-08-20,50,259.0,259.0,0.0,0.0,0,0,0.0,285.0,0.0,0.0,C급,0,30,유지/관찰,,0.0,1.1003861003861004,466.95000000000005,,확인필요
P7540M-01.00DBO3,-01.00,Dollish Brown_PIA_M_(중)(Y),R7540-01.00DBO3,Q7540-01.00DBO3,PIA,"PIA Co.,Ltd.",AA1464,1,1,2026-08-20,400,367.0,0.0,2849.0,0.0,0,0,2849.0,443.0,2700.0,29.697407407407407,C급,0,30,유지/관찰,,7.762942779291553,1.20708446866485,464.85,,계산됨
P4842A-10.00BUL,-10.00,ALENSA_1-DAY BL Metha,R4842-10.00BUL,Q4842-10.00BUL,ALENSA,Alensa s.r.o,"X2575, X2576",2,2,2026-08-21,63,283.0,283.0,0.0,0.0,0,0,0.0,1325.0,1925.0,124.58441558441558,C급,0,30,생산조정,"현재 DOI가 기준 상한 초과, 부족이 크지 않음",0.0,4.681978798586573,462.04999999999995,,계산됨
P4842A-08.50BUL,-08.50,ALENSA_1-DAY BL Metha,R4842-08.50BUL,Q4842-08.50BUL,ALENSA,Alensa s.r.o,X2575,1,1,2026-08-21,92,546.0,0.0,0.0,0.0,0,3295,3295.0,2235.0,2215.0,182.63431151241537,C급,0,30,생산지양,저수요 P코드인데 DOI가 과도함,6.034798534798535,4.093406593406593,461.85,,계산됨
P7015A-01.25GQZ,-01.25,PIA D_Grege Quartz 38% UV,R7015-01.25GQZ,Q7015-01.25GQZ,PIA,"PIA Co.,Ltd.",AA1449,1,1,2026-08-20,200,271.0,271.0,0.0,0.0,0,0,0.0,1775.0,6200.0,51.818548387096776,C급,0,30,생산조정,"현재 DOI가 기준 상한 초과, 부족이 크지 않음",0.0,6.549815498154982,459.04999999999995,,계산됨
P1023A-03.50HKP3,-03.50,HAPA(PIA) D_Sugar High Kristin Plus Gray 14.2_55%,R1023-03.50HKP3,Q1023-03.50HKP3,PIA,"PIA Co.,Ltd.",GG0243,1,1,2026-08-20,300,306.0,306.0,0.0,0.0,0,0,0.0,3745.0,3000.0,225.94833333333327,C급,0,30,생산조정,"현재 DOI가 기준 상한 초과, 부족이 크지 않음",0.0,12.238562091503267,453.54999999999995,,계산됨
P7535M-04.75COJ3,-04.75,Coffee Jelly_PIA_M_(중)(Y),R7535-04.75COJ3,Q7535-04.75COJ3,PIA,"PIA Co.,Ltd.",AA1465,1,1,2026-08-20,400,344.0,0.0,2708.0,1613.0,0,0,4321.0,216.0,4400.0,8.885454545454545,C급,0,30,유지/관찰,,12.561046511627907,0.627906976744186,453.2,,계산됨
P7533M-04.00DAP3,-04.00,Dark Peony_PIA_M_(중)(Y),R7533-04.00DAP3,Q7533-04.00DAP3,PIA,"PIA Co.,Ltd.",AA1464,1,1,2026-08-20,300,363.0,0.0,1634.0,0.0,0,0,1634.0,51.0,2100.0,4.395714285714286,C급,0,30,유지/관찰,,4.5013774104683195,0.14049586776859505,450.45,,계산됨
P1163A-06.00BRW3,-06.00,KBS-C_1Day_Brown,R1163-06.00BRW3,Q1163-06.00BRW3,ALENSA,Alensa s.r.o,X2489,1,1,2026-08-25,45,435.0,0.0,0.0,0.0,0,0,0.0,0.0,0.0,0.0,C급,0,30,유지/관찰,,0.0,0.0,448.5,,재고없음
P1166A-04.00LCG3,-04.00,KBS-C_1Day_Grey,R1166-04.00LCG3,Q1166-04.00LCG3,ALENSA,Alensa s.r.o,X2491,1,1,2026-08-25,43,435.0,0.0,0.0,0.0,0,0,0.0,0.0,0.0,0.0,C급,0,30,유지/관찰,,0.0,0.0,447.9,,재고없음
P1166A-04.25LCG3,-04.25,KBS-C_1Day_Grey,R1166-04.25LCG3,Q1166-04.25LCG3,ALENSA,Alensa s.r.o,X2491,1,1,2026-08-25,43,435.0,0.0,0.0,0.0,0,0,0.0,0.0,0.0,0.0,C급,0,30,유지/관찰,,0.0,0.0,447.9,,재고없음
P3150A-03.25CHC,-03.25,EYEQUE_MILK CHOC_GIRL POWER,R3150-03.25CHC,Q3150-03.25CHC,EYEQUE,EYEQUE,JJ0054,1,1,2026-08-10,50,505.0,0.0,0.0,0.0,0,0,0.0,1490.0,0.0,0.0,C급,0,30,유지/관찰,,0.0,2.9504950495049505,445.5,,확인필요
P5280A-04.50COJ,-04.50,PIA D_Coffee Jelly_55% UV,R5280-04.50COJ,Q5280-04.50COJ,PIA,"PIA Co.,Ltd.",AA1443,1,1,2026-08-20,700,318.0,318.0,0.0,0.0,0,0,0.0,6740.0,53200.0,22.9312030075188,B급,20,60,유지/관찰,,0.0,21.19496855345912,445.4,,계산됨
P1166A-03.00LCG3,-03.00,KBS-C_1Day_Grey,R1166-03.00LCG3,Q1166-03.00LCG3,ALENSA,Alensa s.r.o,X2491,1,1,2026-08-25,42,425.0,0.0,0.0,0.0,0,0,0.0,0.0,0.0,0.0,C급,0,30,유지/관찰,,0.0,0.0,437.6,,재고없음
P1059A-05.00-0.75180BAE1,-05.00,PIA D Toric_TOPARDS Baby Espresso_55%_UV,R1059-05.00-0.75180BAE1,Q1059-05.00-0.75180BAE1,PIA,"PIA Co.,Ltd.",AA1452,1,1,2026-08-20,200,255.0,255.0,0.0,0.0,0,0,0.0,1800.0,1200.0,271.5,C급,0,30,생산조정,"현재 DOI가 기준 상한 초과, 부족이 크지 않음",0.0,7.0588235294117645,429.0,,계산됨
P1163A-04.75BRW3,-04.75,KBS-C_1Day_Brown,R1163-04.75BRW3,Q1163-04.75BRW3,ALENSA,Alensa s.r.o,X2489,1,1,2026-08-25,41,414.0,0.0,0.0,0.0,0,0,0.0,0.0,0.0,0.0,C급,0,30,유지/관찰,,0.0,0.0,426.3,,재고없음
P3162A-01.00BSB,-01.00,(영문)PIA D_RUSTY BEIGE_55%,R3162-01.00BSB,Q3162-01.00BSB,PIA,"PIA Co.,Ltd.",AA1472,1,1,2026-08-20,50,236.0,236.0,0.0,0.0,0,0,0.0,300.0,0.0,0.0,C급,0,30,유지/관찰,,0.0,1.271186440677966,424.8,,확인필요
P5059A-05.50DGR,-05.50,(영문)PIA D_Dollish Gray_55% UV,R5059-05.50DGR,Q5059-05.50DGR,PIA,"PIA Co.,Ltd.",AA1469,1,1,2026-08-20,50,236.0,236.0,0.0,0.0,0,0,0.0,300.0,0.0,0.0,C급,0,30,유지/관찰,,0.0,1.271186440677966,424.8,,확인필요
P7040A-02.75PBO,-02.75,(CA)PIA D_Pink Bomb_55%_14.5 UV,R7040-02.75PBO,Q7040-02.75PBO,PIA,"PIA Co.,Ltd.",AA1469,1,1,2026-08-20,50,236.0,236.0,0.0,0.0,0,0,0.0,305.0,0.0,0.0,C급,0,30,유지/관찰,,0.0,1.2923728813559323,424.55,,확인필요
P1024A-05.50HKR3,-05.50,HAPA(PIA) D_First Love Kristin Brown 14.2_38% UV,R1024-05.50HKR3,Q1024-05.50HKR3,PIA,"PIA Co.,Ltd.",GG0243,1,1,2026-08-20,200,306.0,306.0,0.0,0.0,0,0,0.0,3745.0,4000.0,169.46125,C급,0,30,생산조정,"현재 DOI가 기준 상한 초과, 부족이 크지 않음",0.0,12.238562091503267,423.54999999999995,,계산됨
P7533M-02.75DAP3,-02.75,Dark Peony_PIA_M_(중)(Y),R7533-02.75DAP3,Q7533-02.75DAP3,PIA,"PIA Co.,Ltd.",AA1464,1,1,2026-08-20,400,186.0,186.0,0.0,0.0,0,0,0.0,666.0,1600.0,75.34125,C급,0,30,생산조정,"현재 DOI가 기준 상한 초과, 부족이 크지 않음",0.0,3.5806451612903225,421.5,,계산됨
P7035M-03.25MCR,-03.25,Mocha Ring_PIA_M_(중),R7035-03.25MCR,Q7035-03.25MCR,PIA,"PIA Co.,Ltd.",AA1466,1,1,2026-08-20,300,340.0,0.0,1811.0,0.0,0,0,1811.0,270.0,2600.0,18.79615384615385,C급,0,30,유지/관찰,,5.326470588235294,0.7941176470588235,416.5,,계산됨
P1149A-00.75BMC3,-00.75,PIA D_BAGUMORE ICHIGO LATTE _55% UV 15.0,R1149-00.75BMC3,Q1149-00.75BMC3,PIA,"PIA Co.,Ltd.",AA1403,1,1,2026-08-31,900,145.0,0.0,0.0,2951.0,3110,2340,8401.0,0.0,0.0,0.0,B급,20,60,,,57.93793103448276,0.0,415.0,Y,신제품
P3057A-02.00MLT,-02.00,PIA_Matcha Latte_55%_1-DAY,R3057-02.00MLT,Q3057-02.00MLT,PIA,"PIA Co.,Ltd.",AA1448,1,1,2026-08-20,100,236.0,236.0,0.0,0.0,0,0,0.0,800.0,3800.0,38.10526315789473,C급,0,30,생산조정,"현재 DOI가 기준 상한 초과, 부족이 크지 않음",0.0,3.389830508474576,414.8,,계산됨
P7541M-01.75DGR3,-01.75,Dollish Gray_PIA_M_(중)(Y),R7541-01.75DGR3,Q7541-01.75DGR3,PIA,"PIA Co.,Ltd.",AA1464,1,1,2026-08-20,200,353.0,0.0,0.0,1845.0,0,0,1845.0,58.0,1600.0,6.561249999999999,C급,0,30,유지/관찰,,5.2266288951841355,0.1643059490084986,410.1,,계산됨
P1065A-05.75-0.75180DLG3,-05.75,PIA D Toric_Dollish Gray_55% UV,R1065-05.75-0.75180DLG3,Q1065-05.75-0.75180DLG3,PIA,"PIA Co.,Ltd.",AA1459,1,1,2026-08-20,100,230.0,230.0,0.0,0.0,0,0,0.0,825.0,3200.0,46.6640625,C급,0,30,생산조정,"현재 DOI가 기준 상한 초과, 부족이 크지 않음",0.0,3.5869565217391304,402.75,,계산됨
P3112R-02.25HCL,-02.25,(영문)PIA_1D 55% Hot Chocolate,R3112-02.25HCL,Q3112-02.25HCL,PIA,"PIA Co.,Ltd.",AA1468,1,1,2026-08-20,50,224.0,224.0,0.0,0.0,0,0,0.0,315.0,0.0,0.0,C급,0,30,유지/관찰,,0.0,1.40625,402.45000000000005,,확인필요
P3162A-03.00BSB,-03.00,(영문)PIA D_RUSTY BEIGE_55%,R3162-03.00BSB,Q3162-03.00BSB,PIA,"PIA Co.,Ltd.",AA1472,1,1,2026-08-20,50,224.0,224.0,0.0,0.0,0,0,0.0,315.0,0.0,0.0,C급,0,30,유지/관찰,,0.0,1.40625,402.45000000000005,,확인필요
P7523M-04.75TIB1,-04.75,Tint Brown_1T_(PBT)PIA_M_(중)(Y),R7523-04.75TIB1,Q7523-04.75TIB1,PIA,"PIA Co.,Ltd.",AA1464,1,1,2026-08-20,100,208.0,208.0,0.0,0.0,0,0,0.0,51.0,1200.0,7.692500000000001,C급,0,30,유지/관찰,,0.0,0.24519230769230768,401.84999999999997,,계산됨
P7009A-01.75OPL,-01.75,PIA D_Opal_38% UV,R7009-01.75OPL,Q7009-01.75OPL,PIA,"PIA Co.,Ltd.",AA1449,1,1,2026-08-20,500,271.0,271.0,0.0,0.0,0,0,0.0,4775.0,8200.0,105.39939024390245,B급,20,60,생산조정,"현재 DOI가 기준 상한 초과, 부족이 크지 않음",0.0,17.619926199261993,399.04999999999995,,계산됨
P1166A-01.25LCG3,-01.25,KBS-C_1Day_Grey,R1166-01.25LCG3,Q1166-01.25LCG3,ALENSA,Alensa s.r.o,X2491,1,1,2026-08-25,38,384.0,0.0,0.0,0.0,0,0,0.0,0.0,0.0,0.0,C급,0,30,유지/관찰,,0.0,0.0,395.4,,재고없음
P2026A-02.25HZH,-02.25,BELLA_1-Day_Hazel Honey(8년),R2026-02.25HZH,Q2026-02.25HZH,OPTICAL SUPPLIES,OPTICAL SUPPLIES Co.,YH0214,1,1,2026-08-27,30,212.0,212.0,0.0,0.0,0,0,0.0,0.0,1150.0,0.0,C급,0,30,유지/관찰,,0.0,0.0,390.6,,재고없음
P7552A-05.00CRB3,-05.00,PIA D_(영문)Cream Beige,R7552-05.00CRB3,Q7552-05.00CRB3,PIA,"PIA Co.,Ltd.",AA1471,1,1,2026-08-20,100,384.0,0.0,0.0,0.0,0,0,0.0,625.0,1000.0,113.125,C급,0,30,생산조정,"현재 DOI가 기준 상한 초과, 부족이 크지 않음",0.0,1.6276041666666667,382.75,,계산됨
P5058A-03.00DBO,-03.00,(영문)PIA D_Dollish Brown_55% UV,R5058-03.00DBO,Q5058-03.00DBO,PIA,"PIA Co.,Ltd.",AA1469,1,1,2026-08-20,50,212.0,212.0,0.0,0.0,0,0,0.0,320.0,500.0,115.84,C급,0,30,생산조정,"현재 DOI가 기준 상한 초과, 부족이 크지 않음",0.0,1.509433962264151,380.6,,계산됨
P3105A-01.00SBK,-01.00,(영문)PIA_1D 55% Sheer Black 14.2,R3105-01.00SBK,Q3105-01.00SBK,PIA,"PIA Co.,Ltd.",AA1470,1,1,2026-08-20,50,212.0,212.0,0.0,0.0,0,0,0.0,325.0,0.0,0.0,C급,0,30,유지/관찰,,0.0,1.5330188679245282,380.35,,확인필요
P4877A-04.00DZG,-04.00,(영문)PIA_Dazzle Gray,R4877-04.00DZG,Q4877-04.00DZG,PIA,"PIA Co.,Ltd.",AA1469,1,1,2026-08-20,50,212.0,212.0,0.0,0.0,0,0,0.0,325.0,500.0,117.65,C급,0,30,생산조정,"현재 DOI가 기준 상한 초과, 부족이 크지 않음",0.0,1.5330188679245282,380.35,,계산됨
P7555A-01.25WTW3,-01.25,PIA D_(영문)water water,R7555-01.25WTW3,Q7555-01.25WTW3,PIA,"PIA Co.,Ltd.",AA1471,1,1,2026-08-20,50,212.0,212.0,0.0,0.0,0,0,0.0,325.0,0.0,0.0,C급,0,30,유지/관찰,,0.0,1.5330188679245282,380.35,,확인필요
P3155A-09.00CHC,-09.00,EYEQUE D_Sweet Choco_GIRL POWER,R3155-09.00CHC,Q3155-09.00CHC,EYEQUE,EYEQUE,JJ0054,1,1,2026-08-10,160,485.0,0.0,0.0,0.0,0,0,0.0,3155.0,1500.0,380.7033333333334,C급,0,30,생산지양,저수요 P코드인데 DOI가 과도함,0.0,6.505154639175258,375.25,,계산됨
P1311A-02.25,-02.25,Bi-focal D_8.40_55%,R1311-02.25,Q1311-02.25,OKVISION,OKVISION,HW0417,1,1,2026-08-31,990,121.0,0.0,0.0,0.0,0,0,0.0,870.0,7650.0,20.5843137254902,B급,20,60,유지/관찰,,0.0,7.190082644628099,374.5,,계산됨
P3222A-09.50CSM,-09.50,Alcon D_Chic Smoke_W4(APAC),R3222-09.50CSM,Q3222-09.50CSM,Alcon,"Alcon (China) Ophthalmic Product Co., Ltd",DD1789,1,1,2026-08-24,50,248.0,248.0,0.0,0.0,0,0,0.0,1765.0,500.0,638.93,C급,0,30,생산지양,저수요 P코드인데 DOI가 과도함,0.0,7.116935483870968,373.15,,계산됨
P7008A-03.00DAT,-03.00,PIA D_Date Topaz_38% UV,R7008-03.00DAT,Q7008-03.00DAT,PIA,"PIA Co.,Ltd.",AA1449,1,1,2026-08-20,1300,306.0,306.0,1608.0,0.0,0,0,1608.0,11360.0,56900.0,36.136379613356766,B급,20,60,유지/관찰,,5.254901960784314,37.12418300653595,372.79999999999995,,계산됨
P3150A-07.00CHC,-07.00,EYEQUE_MILK CHOC_GIRL POWER,R3150-07.00CHC,Q3150-07.00CHC,EYEQUE,EYEQUE,JJ0054,1,1,2026-08-10,35,354.0,0.0,0.0,2882.0,0,0,2882.0,0.0,250.0,0.0,C급,0,30,공정대체확인,완제품은 부족하나 공정재고로 대체 가능성 확인 필요,8.141242937853107,0.0,364.5,,재고없음
P1423A-01.50THB,-01.50,ANW D_Through Beige_Dopewink 38%,R1423-01.50THB,Q1423-01.50THB,Sincere,"SINCERE Co.,Ltd",GG0240,1,1,2026-09-01,35,201.0,201.0,0.0,0.0,0,0,0.0,185.0,0.0,0.0,C급,0,30,유지/관찰,,0.0,0.9203980099502488,363.05,,확인필요
P1045M-04.25JQZ2,-04.25,Jelly Quartz_PIA_M_(중),R1045-04.25JQZ2,Q1045-04.25JQZ2,PIA,"PIA Co.,Ltd.",AA1466,1,1,2026-08-20,200,175.0,175.0,0.0,0.0,0,0,0.0,278.0,1600.0,31.44875,C급,0,30,생산조정,"현재 DOI가 기준 상한 초과, 부족이 크지 않음",0.0,1.5885714285714285,361.1,,계산됨
P3113R-04.75MLT,-04.75,(영문)PIA_1D 55% Matcha Latte,R3113-04.75MLT,Q3113-04.75MLT,PIA,"PIA Co.,Ltd.",AA1468,1,1,2026-08-20,50,201.0,201.0,0.0,0.0,0,0,0.0,330.0,0.0,0.0,C급,0,30,유지/관찰,,0.0,1.6417910447761195,360.3,,확인필요
P1065A-07.00-0.75180DLG3,-07.00,PIA D Toric_Dollish Gray_55% UV,R1065-07.00-0.75180DLG3,Q1065-07.00-0.75180DLG3,PIA,"PIA Co.,Ltd.",AA1459,1,1,2026-08-20,100,358.0,0.0,0.0,2170.0,0,0,2170.0,655.0,2200.0,53.888636363636365,C급,0,30,생산조정,"현재 DOI가 기준 상한 초과, 부족이 크지 않음",6.06145251396648,1.829608938547486,355.25,,계산됨
P1163A-05.75BRW3,-05.75,KBS-C_1Day_Brown,R1163-05.75BRW3,Q1163-05.75BRW3,ALENSA,Alensa s.r.o,X2489,1,1,2026-08-25,34,344.0,0.0,0.0,0.0,0,0,0.0,0.0,0.0,0.0,C급,0,30,유지/관찰,,0.0,0.0,354.2,,재고없음
P3149A-05.50BYB,-05.50,EYEQUE_BABY RING_GIRL POWER,R3149-05.50BYB,Q3149-05.50BYB,EYEQUE,EYEQUE,JJ0054,1,1,2026-08-10,125,324.0,0.0,0.0,4579.0,0,0,4579.0,160.0,500.0,57.92,C급,0,30,생산조정,"현재 DOI가 기준 상한 초과, 부족이 크지 않음",14.132716049382717,0.49382716049382713,353.5,,계산됨
P7531M-02.50DZB2,-02.50,Dazzle Beige_2T_(PBT)PIA_M(Y),R7531-02.50DZB2,Q7531-02.50DZB2,PIA,"PIA Co.,Ltd.","AA1464, AA1475",2,2,2026-08-20,150,299.0,0.0,3589.0,0.0,0,0,3589.0,11.0,1400.0,1.4221428571428572,C급,0,30,유지/관찰,,12.003344481605351,0.03678929765886288,343.45,,계산됨
P3150A-03.50CHC,-03.50,EYEQUE_MILK CHOC_GIRL POWER,R3150-03.50CHC,Q3150-03.50CHC,EYEQUE,EYEQUE,JJ0054,1,1,2026-08-10,50,505.0,0.0,0.0,0.0,0,0,0.0,3565.0,0.0,0.0,C급,0,30,유지/관찰,,0.0,7.0594059405940595,341.75,,확인필요
P1045M-03.25JQZ2,-03.25,Jelly Quartz_PIA_M_(중),R1045-03.25JQZ2,Q1045-03.25JQZ2,PIA,"PIA Co.,Ltd.",AA1466,1,1,2026-08-20,200,164.0,164.0,0.0,0.0,0,0,0.0,282.0,2000.0,25.521,C급,0,30,유지/관찰,,0.0,1.7195121951219512,341.1,,계산됨
P3106A-02.50SBR,-02.50,(영문)PIA_1D 55% Sheer Brown 14.2,R3106-02.50SBR,Q3106-02.50SBR,PIA,"PIA Co.,Ltd.",AA1470,1,1,2026-08-20,50,189.0,189.0,0.0,0.0,0,0,0.0,340.0,0.0,0.0,C급,0,30,유지/관찰,,0.0,1.7989417989417988,338.20000000000005,,확인필요
P3162A-06.00BSB,-06.00,(영문)PIA D_RUSTY BEIGE_55%,R3162-06.00BSB,Q3162-06.00BSB,PIA,"PIA Co.,Ltd.",AA1472,1,1,2026-08-20,50,189.0,189.0,0.0,0.0,0,0,0.0,340.0,0.0,0.0,C급,0,30,유지/관찰,,0.0,1.7989417989417988,338.20000000000005,,확인필요
P3156A-06.50GRA,-06.50,EYEQUE D_LET ME GO_204_LOVE,R3156-06.50GRA,Q3156-06.50GRA,EYEQUE,EYEQUE,JJ0055,1,1,2026-08-10,50,505.0,0.0,0.0,0.0,0,0,0.0,3665.0,0.0,0.0,C급,0,30,유지/관찰,,0.0,7.257425742574258,336.75,,확인필요
P1167A-03.00TRU3,-03.00,KBS-C_1Day_True Sapphire,R1167-03.00TRU3,Q1167-03.00TRU3,ALENSA,Alensa s.r.o,X2492,1,1,2026-08-25,32,324.0,0.0,0.0,0.0,0,0,0.0,0.0,0.0,0.0,C급,0,30,유지/관찰,,0.0,0.0,333.6,,재고없음
P1065A-07.00-1.25180DLG3,-07.00,PIA D Toric_Dollish Gray_55% UV,R1065-07.00-1.25180DLG3,Q1065-07.00-1.25180DLG3,PIA,"PIA Co.,Ltd.",AA1459,1,1,2026-08-20,100,191.0,191.0,0.0,0.0,0,0,0.0,850.0,4200.0,36.63095238095238,C급,0,30,생산조정,"현재 DOI가 기준 상한 초과, 부족이 크지 않음",0.0,4.450261780104712,331.3,,계산됨
P1065A-08.00-1.25180DLG3,-08.00,PIA D Toric_Dollish Gray_55% UV,R1065-08.00-1.25180DLG3,Q1065-08.00-1.25180DLG3,PIA,"PIA Co.,Ltd.",AA1459,1,1,2026-08-20,100,191.0,191.0,0.0,0.0,0,0,0.0,860.0,5200.0,29.934615384615384,C급,0,30,유지/관찰,,0.0,4.50261780104712,330.8,,계산됨
P7036M-03.50CRR,-03.50,Cream Rose_PIA_M_(중),R7036-03.50CRR,Q7036-03.50CRR,PIA,"PIA Co.,Ltd.",AA1466,1,1,2026-08-20,200,158.0,158.0,0.0,0.0,0,0,0.0,289.0,3000.0,17.436333333333334,C급,0,30,유지/관찰,,0.0,1.8291139240506329,329.95,,계산됨
P3219A-02.50ALG,-02.50,Alcon D_Allure Grey_W3C(APAC),R3219-02.50ALG,Q3219-02.50ALG,Alcon,ALCON India,D1926,1,1,2026-08-17,147,435.0,0.0,0.0,0.0,0,0,0.0,3050.0,9200.0,60.00543478260869,C급,0,30,생산조정,"현재 DOI가 기준 상한 초과, 부족이 크지 않음",0.0,7.011494252873563,326.6,,계산됨
P7538M-08.00DAT2,-08.00,Date Topaz_PIA_M_(중)(Y),R7538-08.00DAT2,Q7538-08.00DAT2,PIA,"PIA Co.,Ltd.",AA1466,1,1,2026-08-20,200,155.0,155.0,0.0,0.0,0,0,0.0,290.0,1200.0,43.74166666666667,C급,0,30,생산조정,"현재 DOI가 기준 상한 초과, 부족이 크지 않음",0.0,1.8709677419354838,324.5,,계산됨
P7036M-03.25CRR,-03.25,Cream Rose_PIA_M_(중),R7036-03.25CRR,Q7036-03.25CRR,PIA,"PIA Co.,Ltd.",AA1466,1,1,2026-08-20,300,144.0,144.0,0.0,0.0,0,0,0.0,497.0,2400.0,37.482083333333335,C급,0,30,생산조정,"현재 DOI가 기준 상한 초과, 부족이 크지 않음",0.0,3.451388888888889,324.34999999999997,,계산됨
P3185A-01.75HOC,-01.75,EYEQUE D_PINK CHOC_106_LOVE,R3185-01.75HOC,Q3185-01.75HOC,EYEQUE,EYEQUE,JJ0055,1,1,2026-08-10,15,177.0,177.0,0.0,0.0,0,0,0.0,0.0,0.0,0.0,C급,0,30,유지/관찰,,0.0,0.0,323.1,,재고없음
P1163A-00.75BRW3,-00.75,KBS-C_1Day_Brown,R1163-00.75BRW3,Q1163-00.75BRW3,ALENSA,Alensa s.r.o,X2489,1,1,2026-08-25,31,313.0,0.0,0.0,0.0,0,0,0.0,0.0,0.0,0.0,C급,0,30,유지/관찰,,0.0,0.0,322.3,,재고없음
P3165A-03.50HJL,-03.50,(영문)PIA D_HOJICHA LATTE_55%,R3165-03.50HJL,Q3165-03.50HJL,PIA,"PIA Co.,Ltd.",AA1468,1,1,2026-08-20,50,177.0,177.0,0.0,0.0,0,0,0.0,355.0,0.0,0.0,C급,0,30,유지/관찰,,0.0,2.005649717514124,315.85,,확인필요
P4878A-04.25CBW,-04.25,(영문)PIA_Coral Brown,R4878-04.25CBW,Q4878-04.25CBW,PIA,"PIA Co.,Ltd.",AA1469,1,1,2026-08-20,50,177.0,177.0,0.0,0.0,0,0,0.0,355.0,0.0,0.0,C급,0,30,유지/관찰,,0.0,2.005649717514124,315.85,,확인필요
P5227A-05.00DAP,-05.00,(CA)PIA D_Dark Peony_55% UV,R5227-05.00DAP,Q5227-05.00DAP,PIA,"PIA Co.,Ltd.",AA1469,1,1,2026-08-20,50,177.0,177.0,0.0,0.0,0,0,0.0,355.0,0.0,0.0,C급,0,30,유지/관찰,,0.0,2.005649717514124,315.85,,확인필요
P3149A-04.50BYB,-04.50,EYEQUE_BABY RING_GIRL POWER,R3149-04.50BYB,Q3149-04.50BYB,EYEQUE,EYEQUE,JJ0054,1,1,2026-08-10,150,293.0,0.0,0.0,1562.0,0,0,1562.0,590.0,250.0,427.16,C급,0,30,생산지양,저수요 P코드인데 DOI가 과도함,5.3310580204778155,2.013651877133106,308.5,,계산됨
P3157A-04.25BRW,-04.25,EYEQUE D_LOVE IS YOU_201_LOVE,R3157-04.25BRW,Q3157-04.25BRW,EYEQUE,EYEQUE,JJ0054,1,1,2026-08-10,50,324.0,0.0,0.0,1300.0,0,0,1300.0,645.0,0.0,0.0,C급,0,30,유지/관찰,,4.012345679012346,1.9907407407407407,306.75,,확인필요
P7541M-03.25DGR3,-03.25,Dollish Gray_PIA_M_(중)(Y),R7541-03.25DGR3,Q7541-03.25DGR3,PIA,"PIA Co.,Ltd.",AA1464,1,1,2026-08-20,300,228.0,0.0,1917.0,1805.0,0,0,3722.0,379.0,2200.0,31.181363636363635,C급,0,30,생산조정,"현재 DOI가 기준 상한 초과, 부족이 크지 않음",16.32456140350877,1.662280701754386,299.05,,계산됨
P3106A-02.00SBR,-02.00,(영문)PIA_1D 55% Sheer Brown 14.2,R3106-02.00SBR,Q3106-02.00SBR,PIA,"PIA Co.,Ltd.",AA1470,1,1,2026-08-20,50,165.0,165.0,0.0,0.0,0,0,0.0,360.0,0.0,0.0,C급,0,30,유지/관찰,,0.0,2.1818181818181817,294.0,,확인필요
P3109R-06.00EPS,-06.00,(영문)PIA_1D 55% Espresso 14.5,R3109-06.00EPS,Q3109-06.00EPS,PIA,"PIA Co.,Ltd.",AA1470,1,1,2026-08-20,50,165.0,165.0,0.0,0.0,0,0,0.0,365.0,1000.0,66.065,C급,0,30,생산조정,"현재 DOI가 기준 상한 초과, 부족이 크지 않음",0.0,2.212121212121212,293.75,,계산됨
P1166A-06.00LCG3,-06.00,KBS-C_1Day_Grey,R1166-06.00LCG3,Q1166-06.00LCG3,ALENSA,Alensa s.r.o,X2491,1,1,2026-08-25,29,283.0,0.0,0.0,0.0,0,0,0.0,0.0,0.0,0.0,C급,0,30,유지/관찰,,0.0,0.0,291.7,,재고없음
P0554A-02.50SPQ,-02.50,PIA D_Spicy Queen_55% UV,R0554-02.50SPQ,Q0554-02.50SPQ,PIA,"PIA Co.,Ltd.",AA1458,1,1,2026-08-20,100,293.0,0.0,13718.0,0.0,0,0,13718.0,710.0,7200.0,17.84861111111111,C급,0,30,유지/관찰,,46.81911262798635,2.42320819112628,287.5,,계산됨
P3080A-01.50,-01.50,1D_55 clear feliamo,R3080-01.50,Q3080-01.50,PIA,"PIA Co.,Ltd.",AA1461,1,1,2026-08-20,60,332.0,0.0,0.0,0.0,0,0,0.0,1405.0,7200.0,35.32013888888889,C급,0,30,생산조정,"현재 DOI가 기준 상한 초과, 부족이 크지 않음",0.0,4.231927710843373,279.75,,계산됨
P7044A-03.50HOS,-03.50,PIA D_Honey Soda_38% UV,R7044-03.50HOS,Q7044-03.50HOS,PIA,"PIA Co.,Ltd.",AA1450,1,1,2026-08-20,100,189.0,189.0,0.0,0.0,0,0,0.0,1845.0,3200.0,104.3578125,C급,0,30,생산조정,"현재 DOI가 기준 상한 초과, 부족이 크지 않음",0.0,9.761904761904763,277.95000000000005,,계산됨
P0583A-04.00VEN,-04.00,BELLA D_VENUS 55%,R0583-04.00VEN,Q0583-04.00VEN,OPTICAL SUPPLIES,OPTICAL SUPPLIES Co.,YH0214,1,1,2026-08-27,40,153.0,153.0,0.0,0.0,0,0,0.0,270.0,7030.0,6.951635846372689,C급,0,30,유지/관찰,,0.0,1.7647058823529411,273.9,,계산됨
P5324A-04.50CHE,-04.50,(영문)PIA D_Chestnut_55% UV,R5324-04.50CHE,Q5324-04.50CHE,PIA,"PIA Co.,Ltd.",AA1470,1,1,2026-08-20,50,153.0,153.0,0.0,0.0,0,0,0.0,370.0,500.0,133.94,C급,0,30,생산조정,"현재 DOI가 기준 상한 초과, 부족이 크지 않음",0.0,2.418300653594771,271.9,,계산됨
P3113R-06.50MLT,-06.50,(영문)PIA_1D 55% Matcha Latte,R3113-06.50MLT,Q3113-06.50MLT,PIA,"PIA Co.,Ltd.",AA1468,1,1,2026-08-20,50,153.0,153.0,0.0,0.0,0,0,0.0,405.0,0.0,0.0,C급,0,30,유지/관찰,,0.0,2.6470588235294117,270.15,,확인필요
P7552A-04.00CRB3,-04.00,PIA D_(영문)Cream Beige,R7552-04.00CRB3,Q7552-04.00CRB3,PIA,"PIA Co.,Ltd.",AA1471,1,1,2026-08-20,50,263.0,0.0,0.0,0.0,0,0,0.0,240.0,0.0,0.0,C급,0,30,유지/관찰,,0.0,0.9125475285171103,266.0,,확인필요
P2123A-03.50CLB,-03.50,From D_(UV)Clear Beige_38%,R2123-03.50CLB,Q2123-03.50CLB,from-eyes,"from-eyes Co.,ltd.",GG0245,1,1,2026-10-01,200,165.0,165.0,0.0,0.0,0,0,0.0,1865.0,6000.0,56.26083333333334,C급,0,30,생산조정,"현재 DOI가 기준 상한 초과, 부족이 크지 않음",0.0,11.303030303030303,263.75,,계산됨
P7015A-06.00GQZ,-06.00,PIA D_Grege Quartz 38% UV,R7015-06.00GQZ,Q7015-06.00GQZ,PIA,"PIA Co.,Ltd.",AA1449,1,1,2026-08-20,100,153.0,153.0,0.0,0.0,0,0,0.0,870.0,11200.0,14.059821428571428,C급,0,30,유지/관찰,,0.0,5.686274509803922,261.9,,계산됨
P1166A-00.50LCG3,-00.50,KBS-C_1Day_Grey,R1166-00.50LCG3,Q1166-00.50LCG3,ALENSA,Alensa s.r.o,X2491,1,1,2026-08-25,25,253.0,0.0,0.0,0.0,0,0,0.0,0.0,0.0,0.0,C급,0,30,유지/관찰,,0.0,0.0,260.5,,재고없음
P1166A-00.75LCG3,-00.75,KBS-C_1Day_Grey,R1166-00.75LCG3,Q1166-00.75LCG3,ALENSA,Alensa s.r.o,X2491,1,1,2026-08-25,25,253.0,0.0,0.0,0.0,0,0,0.0,0.0,0.0,0.0,C급,0,30,유지/관찰,,0.0,0.0,260.5,,재고없음
P1167A-00.75TRU3,-00.75,KBS-C_1Day_True Sapphire,R1167-00.75TRU3,Q1167-00.75TRU3,ALENSA,Alensa s.r.o,X2492,1,1,2026-08-25,25,253.0,0.0,0.0,0.0,0,0,0.0,0.0,0.0,0.0,C급,0,30,유지/관찰,,0.0,0.0,260.5,,재고없음
P3166A-02.75GLM,-02.75,EYEQUE D_Gloss moon_301_S3,R3166-02.75GLM,Q3166-02.75GLM,EYEQUE,EYEQUE,JJ0055,1,1,2026-08-10,25,253.0,0.0,0.0,6405.0,0,0,6405.0,0.0,0.0,0.0,C급,0,30,공정대체확인,완제품은 부족하나 공정재고로 대체 가능성 확인 필요,25.31620553359684,0.0,260.5,,재고없음
P1048M-02.50PCL2,-02.50,Princess Chocolat_PIA_M_(중)_14.5,R1048-02.50PCL2,Q1048-02.50PCL2,PIA,"PIA Co.,Ltd.",AA1467,1,1,2026-08-20,100,130.0,130.0,0.0,0.0,0,0,0.0,107.0,1200.0,16.139166666666668,C급,0,30,유지/관찰,,0.0,0.823076923076923,258.65,,계산됨
P3156A-02.00GRA,-02.00,EYEQUE D_LET ME GO_204_LOVE,R3156-02.00GRA,Q3156-02.00GRA,EYEQUE,EYEQUE,JJ0055,1,1,2026-08-10,25,253.0,0.0,1175.0,0.0,0,0,1175.0,45.0,0.0,0.0,C급,0,30,유지/관찰,,4.644268774703558,0.17786561264822134,258.25,,확인필요
P3113R-02.00MLT,-02.00,(영문)PIA_1D 55% Matcha Latte,R3113-02.00MLT,Q3113-02.00MLT,PIA,"PIA Co.,Ltd.",AA1468,1,1,2026-08-20,50,142.0,142.0,0.0,0.0,0,0,0.0,385.0,0.0,0.0,C급,0,30,유지/관찰,,0.0,2.711267605633803,251.35000000000002,,확인필요
P5323A-02.75CMC,-02.75,(영문)PIA D_Cafe Mocha_55% UV,R5323-02.75CMC,Q5323-02.75CMC,PIA,"PIA Co.,Ltd.",AA1470,1,1,2026-08-20,50,142.0,142.0,0.0,0.0,0,0,0.0,385.0,0.0,0.0,C급,0,30,유지/관찰,,0.0,2.711267605633803,251.35000000000002,,확인필요
P1163A-00.25BRW3,-00.25,KBS-C_1Day_Brown,R1163-00.25BRW3,Q1163-00.25BRW3,ALENSA,Alensa s.r.o,X2489,1,1,2026-08-25,24,243.0,0.0,0.0,0.0,0,0,0.0,0.0,0.0,0.0,C급,0,30,유지/관찰,,0.0,0.0,250.2,,재고없음
P1164A-00.75GEN3,-00.75,KBS-C_1Day_Green,R1164-00.75GEN3,Q1164-00.75GEN3,ALENSA,Alensa s.r.o,X2490,1,1,2026-08-25,24,243.0,0.0,0.0,0.0,0,0,0.0,0.0,0.0,0.0,C급,0,30,유지/관찰,,0.0,0.0,250.2,,재고없음
P2121A-01.50CLB,-01.50,From D_(UV)Clear Beige Coral_38%,R2121-01.50CLB,Q2121-01.50CLB,from-eyes,"from-eyes Co.,ltd.",GG0245,1,1,2026-10-01,100,142.0,142.0,0.0,0.0,0,0,0.0,885.0,1000.0,160.185,C급,0,30,생산조정,"현재 DOI가 기준 상한 초과, 부족이 크지 않음",0.0,6.232394366197183,241.35000000000002,,계산됨
P3140A-08.50TUB,-08.50,PIA_Tulle Brown_1D_55%_14.2,R3140-08.50TUB,Q3140-08.50TUB,PIA,"PIA Co.,Ltd.",AA1443,1,1,2026-08-20,100,142.0,142.0,0.0,0.0,0,0,0.0,885.0,2200.0,72.81136363636364,C급,0,30,생산조정,"현재 DOI가 기준 상한 초과, 부족이 크지 않음",0.0,6.232394366197183,241.35000000000002,,계산됨
P4834A-06.00CBM,-06.00,ClearBeige Mini UV 14.2,R4834-06.00CBM,Q4834-06.00CBM,from-eyes,"from-eyes Co.,ltd.",GG0246,1,1,2026-10-01,100,142.0,142.0,0.0,0.0,0,0,0.0,890.0,4000.0,40.2725,C급,0,30,생산조정,"현재 DOI가 기준 상한 초과, 부족이 크지 않음",0.0,6.267605633802817,241.10000000000002,,계산됨
P1166A-05.50LCG3,-05.50,KBS-C_1Day_Grey,R1166-05.50LCG3,Q1166-05.50LCG3,ALENSA,Alensa s.r.o,X2491,1,1,2026-08-25,23,233.0,0.0,0.0,0.0,0,0,0.0,0.0,0.0,0.0,C급,0,30,유지/관찰,,0.0,0.0,239.9,,재고없음
P3185A-03.75HOC,-03.75,EYEQUE D_PINK CHOC_106_LOVE,R3185-03.75HOC,Q3185-03.75HOC,EYEQUE,EYEQUE,JJ0055,1,1,2026-08-10,25,253.0,0.0,0.0,0.0,0,0,0.0,465.0,0.0,0.0,C급,0,30,유지/관찰,,0.0,1.8379446640316206,237.25,,확인필요
P3159A-05.00BRW,-05.00,EYEQUE D_LOVE ME TRUE_203_LOVE,R3159-05.00BRW,Q3159-05.00BRW,EYEQUE,EYEQUE,JJ0055,1,1,2026-08-10,25,253.0,0.0,0.0,0.0,0,0,0.0,475.0,0.0,0.0,C급,0,30,유지/관찰,,0.0,1.8774703557312253,236.75,,확인필요
P3156A-01.25GRA,-01.25,EYEQUE D_LET ME GO_204_LOVE,R3156-01.25GRA,Q3156-01.25GRA,EYEQUE,EYEQUE,JJ0055,1,1,2026-08-10,25,253.0,0.0,0.0,0.0,0,0,0.0,595.0,0.0,0.0,C급,0,30,유지/관찰,,0.0,2.3517786561264824,230.75,,확인필요
P1166A-05.25LCG3,-05.25,KBS-C_1Day_Grey,R1166-05.25LCG3,Q1166-05.25LCG3,ALENSA,Alensa s.r.o,X2491,1,1,2026-08-25,22,223.0,0.0,0.0,0.0,0,0,0.0,0.0,0.0,0.0,C급,0,30,유지/관찰,,0.0,0.0,229.6,,재고없음
P3105A-06.00SBK,-06.00,(영문)PIA_1D 55% Sheer Black 14.2,R3105-06.00SBK,Q3105-06.00SBK,PIA,"PIA Co.,Ltd.",AA1470,1,1,2026-08-20,50,130.0,130.0,0.0,0.0,0,0,0.0,390.0,0.0,0.0,C급,0,30,유지/관찰,,0.0,3.0,229.5,,확인필요
P3114R-02.25LMD,-02.25,(영문)PIA_1D 55% Lemonade,R3114-02.25LMD,Q3114-02.25LMD,PIA,"PIA Co.,Ltd.",AA1468,1,1,2026-08-20,50,130.0,130.0,0.0,0.0,0,0,0.0,390.0,0.0,0.0,C급,0,30,유지/관찰,,0.0,3.0,229.5,,확인필요
P3117R-05.50CDR,-05.50,(영문)PIA_1D 55% Cider,R3117-05.50CDR,Q3117-05.50CDR,PIA,"PIA Co.,Ltd.",AA1468,1,1,2026-08-20,50,130.0,130.0,0.0,0.0,0,0,0.0,395.0,0.0,0.0,C급,0,30,유지/관찰,,0.0,3.0384615384615383,229.25,,확인필요
P3160A-06.00SMB,-06.00,(영문)PIA D_SMOKEY BEIGE_55%,R3160-06.00SMB,Q3160-06.00SMB,PIA,"PIA Co.,Ltd.",AA1472,1,1,2026-08-20,50,130.0,130.0,0.0,0.0,0,0,0.0,395.0,0.0,0.0,C급,0,30,유지/관찰,,0.0,3.0384615384615383,229.25,,확인필요
P7039A-04.00UNB,-04.00,(CA)PIA D_Uniform Black_55%_14.5 UV,R7039-04.00UNB,Q7039-04.00UNB,PIA,"PIA Co.,Ltd.",AA1469,1,1,2026-08-20,50,130.0,130.0,0.0,0.0,0,0,0.0,395.0,500.0,142.99,C급,0,30,생산조정,"현재 DOI가 기준 상한 초과, 부족이 크지 않음",0.0,3.0384615384615383,229.25,,계산됨
P3159A-08.50BRW,-08.50,EYEQUE D_LOVE ME TRUE_203_LOVE,R3159-08.50BRW,Q3159-08.50BRW,EYEQUE,EYEQUE,JJ0055,1,1,2026-08-10,25,253.0,0.0,0.0,0.0,0,0,0.0,650.0,0.0,0.0,C급,0,30,유지/관찰,,0.0,2.569169960474308,228.0,,확인필요
P3156A-02.50GRA,-02.50,EYEQUE D_LET ME GO_204_LOVE,R3156-02.50GRA,Q3156-02.50GRA,EYEQUE,EYEQUE,JJ0055,1,1,2026-08-10,25,253.0,0.0,0.0,0.0,0,0,0.0,690.0,0.0,0.0,C급,0,30,유지/관찰,,0.0,2.727272727272727,226.0,,확인필요
P2123A-02.25CLB,-02.25,From D_(UV)Clear Beige_38%,R2123-02.25CLB,Q2123-02.25CLB,from-eyes,"from-eyes Co.,ltd.",GG0245,1,1,2026-10-01,200,142.0,142.0,0.0,0.0,0,0,0.0,1850.0,4500.0,74.41111111111111,C급,0,30,생산조정,"현재 DOI가 기준 상한 초과, 부족이 크지 않음",0.0,13.028169014084508,223.10000000000002,,계산됨
P3156A-03.00GRA,-03.00,EYEQUE D_LET ME GO_204_LOVE,R3156-03.00GRA,Q3156-03.00GRA,EYEQUE,EYEQUE,JJ0055,1,1,2026-08-10,25,253.0,0.0,0.0,0.0,0,0,0.0,785.0,0.0,0.0,C급,0,30,유지/관찰,,0.0,3.102766798418972,221.25,,확인필요
P1024A-04.75HKR3,-04.75,HAPA(PIA) D_First Love Kristin Brown 14.2_38% UV,R1024-04.75HKR3,Q1024-04.75HKR3,PIA,"PIA Co.,Ltd.",GG0243,1,1,2026-08-20,100,243.0,0.0,2180.0,0.0,0,0,2180.0,1075.0,4000.0,48.64375,C급,0,30,생산조정,"현재 DOI가 기준 상한 초과, 부족이 크지 않음",8.97119341563786,4.423868312757202,219.25,,계산됨
P7519M-01.25TWB3,-01.25,Twinkle Brown_PIA_M_(중)(Y),R7519-01.25TWB3,Q7519-01.25TWB3,PIA,"PIA Co.,Ltd.",AA1464,1,1,2026-08-20,100,108.0,108.0,0.0,0.0,0,0,0.0,122.0,1200.0,18.401666666666667,C급,0,30,유지/관찰,,0.0,1.1296296296296295,218.3,,계산됨
P3158A-10.00BRW3,-10.00,EYEQUE D_LOVE ME TENDER_202_LOVE,R3158-10.00BRW3,Q3158-10.00BRW3,EYEQUE,EYEQUE,JJ0055,1,1,2026-08-10,25,253.0,0.0,0.0,0.0,0,0,0.0,865.0,0.0,0.0,C급,0,30,유지/관찰,,0.0,3.41897233201581,217.25,,확인필요
P1065A-03.75-1.25180DLG3,-03.75,PIA D Toric_Dollish Gray_55% UV,R1065-03.75-1.25180DLG3,Q1065-03.75-1.25180DLG3,PIA,"PIA Co.,Ltd.",AA1459,1,1,2026-08-20,200,102.0,102.0,0.0,0.0,1420,0,1420.0,565.0,6200.0,16.494354838709675,C급,0,30,유지/관찰,,13.92156862745098,5.53921568627451,215.35000000000002,,계산됨
P1047M-00.75IRG2,-00.75,Idol Ring_PIA_M_(중)_14.5,R1047-00.75IRG2,Q1047-00.75IRG2,PIA,"PIA Co.,Ltd.",AA1467,1,1,2026-08-20,100,106.0,106.0,0.0,0.0,0,0,0.0,126.0,600.0,38.01,C급,0,30,생산조정,"현재 DOI가 기준 상한 초과, 부족이 크지 않음",0.0,1.1886792452830188,214.5,,계산됨
P3168A-00.00AMR,-00.00,EYEQUE D_Foxy amber_303_S3,R3168-00.00AMR,Q3168-00.00AMR,EYEQUE,EYEQUE,JJ0054,1,1,2026-08-10,40,404.0,0.0,0.0,0.0,0,0,0.0,4055.0,0.0,0.0,C급,0,30,유지/관찰,,0.0,10.037128712871286,213.25,,확인필요
P3169A-03.25CSO,-03.25,EYEQUE D_Crystal olive_304_S3,R3169-03.25CSO,Q3169-03.25CSO,EYEQUE,EYEQUE,JJ0054,1,1,2026-08-10,30,303.0,0.0,0.0,0.0,0,0,0.0,1980.0,0.0,0.0,C급,0,30,유지/관찰,,0.0,6.534653465346534,213.0,,확인필요
P7537M-02.50GAN2,-02.50,Garnet_PIA_M_(중)(Y),R7537-02.50GAN2,Q7537-02.50GAN2,PIA,"PIA Co.,Ltd.",AA1466,1,1,2026-08-20,200,164.0,0.0,6619.0,0.0,0,0,6619.0,240.0,1600.0,27.15,C급,0,30,유지/관찰,,40.359756097560975,1.4634146341463414,212.0,,계산됨
P7536M-04.00STQ2,-04.00,Strawberry Quartz_PIA_M_(중)(Y),R7536-04.00STQ2,Q7536-04.00STQ2,PIA,"PIA Co.,Ltd.",AA1466,1,1,2026-08-20,100,183.0,0.0,1145.0,0.0,720,0,1865.0,23.0,1000.0,4.163,C급,0,30,유지/관찰,,10.191256830601093,0.12568306010928962,211.85,,계산됨
P3167A-05.50SNW,-05.50,EYEQUE D_Snow wink_302_S3,R3167-05.50SNW,Q3167-05.50SNW,EYEQUE,EYEQUE,JJ0055,1,1,2026-08-10,30,233.0,0.0,0.0,0.0,0,0,0.0,615.0,250.0,445.26,C급,0,30,생산지양,저수요 P코드인데 DOI가 과도함,0.0,2.6394849785407724,211.25,,계산됨
P3221A-03.25CCM,-03.25,Alcon D_Chic Caramel_W4(APAC),R3221-03.25CCM,Q3221-03.25CCM,Alcon,"Alcon (China) Ophthalmic Product Co., Ltd",DD1789,1,1,2026-08-24,50,313.0,0.0,0.0,2887.0,0,0,2887.0,2390.0,13100.0,33.02213740458015,C급,0,30,생산조정,"현재 DOI가 기준 상한 초과, 부족이 크지 않음",9.223642172523961,7.635782747603834,208.5,,계산됨
P1166A-05.00LCG3,-05.00,KBS-C_1Day_Grey,R1166-05.00LCG3,Q1166-05.00LCG3,ALENSA,Alensa s.r.o,X2491,1,1,2026-08-25,20,202.0,0.0,0.0,0.0,0,0,0.0,0.0,0.0,0.0,C급,0,30,유지/관찰,,0.0,0.0,208.0,,재고없음
P1167A-04.75TRU3,-04.75,KBS-C_1Day_True Sapphire,R1167-04.75TRU3,Q1167-04.75TRU3,ALENSA,Alensa s.r.o,X2492,1,1,2026-08-25,20,202.0,0.0,0.0,0.0,0,0,0.0,0.0,0.0,0.0,C급,0,30,유지/관찰,,0.0,0.0,208.0,,재고없음
P3116R-05.50FPC,-05.50,(영문)PIA_1D 55% Fruit Punch,R3116-05.50FPC,Q3116-05.50FPC,PIA,"PIA Co.,Ltd.",AA1468,1,1,2026-08-20,50,118.0,118.0,0.0,0.0,0,0,0.0,400.0,0.0,0.0,C급,0,30,유지/관찰,,0.0,3.389830508474576,207.4,,확인필요
P5058A-06.50DBO,-06.50,(영문)PIA D_Dollish Brown_55% UV,R5058-06.50DBO,Q5058-06.50DBO,PIA,"PIA Co.,Ltd.",AA1469,1,1,2026-08-20,50,118.0,118.0,0.0,0.0,0,0,0.0,400.0,0.0,0.0,C급,0,30,유지/관찰,,0.0,3.389830508474576,207.4,,확인필요
P5059A-03.00DGR,-03.00,(영문)PIA D_Dollish Gray_55% UV,R5059-03.00DGR,Q5059-03.00DGR,PIA,"PIA Co.,Ltd.",AA1469,1,1,2026-08-20,50,118.0,118.0,0.0,0.0,0,0,0.0,400.0,0.0,0.0,C급,0,30,유지/관찰,,0.0,3.389830508474576,207.4,,확인필요
P7039A-04.25UNB,-04.25,(CA)PIA D_Uniform Black_55%_14.5 UV,R7039-04.25UNB,Q7039-04.25UNB,PIA,"PIA Co.,Ltd.",AA1469,1,1,2026-08-20,50,118.0,118.0,0.0,0.0,0,0,0.0,400.0,0.0,0.0,C급,0,30,유지/관찰,,0.0,3.389830508474576,207.4,,확인필요
P3147A-06.50GRA,-06.50,EYEQUE_ICE Gray_GIRL POWER,R3147-06.50GRA,Q3147-06.50GRA,EYEQUE,EYEQUE,JJ0054,1,1,2026-08-10,25,253.0,0.0,0.0,0.0,0,0,0.0,1065.0,0.0,0.0,C급,0,30,유지/관찰,,0.0,4.209486166007905,207.25,,확인필요
P4878A-03.25CBW,-03.25,(영문)PIA_Coral Brown,R4878-03.25CBW,Q4878-03.25CBW,PIA,"PIA Co.,Ltd.",AA1469,1,1,2026-08-20,50,118.0,118.0,0.0,0.0,0,0,0.0,405.0,0.0,0.0,C급,0,30,유지/관찰,,0.0,3.4322033898305087,207.15,,확인필요
P5058A-02.25DBO,-02.25,(영문)PIA D_Dollish Brown_55% UV,R5058-02.25DBO,Q5058-02.25DBO,PIA,"PIA Co.,Ltd.",AA1469,1,1,2026-08-20,50,118.0,118.0,0.0,0.0,0,0,0.0,405.0,0.0,0.0,C급,0,30,유지/관찰,,0.0,3.4322033898305087,207.15,,확인필요
P5227A-02.75DAP,-02.75,(CA)PIA D_Dark Peony_55% UV,R5227-02.75DAP,Q5227-02.75DAP,PIA,"PIA Co.,Ltd.",AA1469,1,1,2026-08-20,50,118.0,118.0,0.0,0.0,0,0,0.0,405.0,0.0,0.0,C급,0,30,유지/관찰,,0.0,3.4322033898305087,207.15,,확인필요
P7535M-07.50COJ3,-07.50,Coffee Jelly_PIA_M_(중)(Y),R7535-07.50COJ3,Q7535-07.50COJ3,PIA,"PIA Co.,Ltd.",AA1465,1,1,2026-08-20,300,140.0,0.0,1794.0,0.0,0,0,1794.0,465.0,2600.0,32.371153846153845,C급,0,30,생산조정,"현재 DOI가 기준 상한 초과, 부족이 크지 않음",12.814285714285715,3.3214285714285716,206.75,,계산됨
P7540M-02.00DBO3,-02.00,Dollish Brown_PIA_M_(중)(Y),R7540-02.00DBO3,Q7540-02.00DBO3,PIA,"PIA Co.,Ltd.",AA1475,1,1,2026-08-20,50,133.0,133.0,0.0,0.0,0,0,0.0,1007.0,3200.0,56.9584375,C급,0,30,생산조정,"현재 DOI가 기준 상한 초과, 부족이 크지 않음",0.0,7.571428571428571,204.05,,계산됨
P7523M-05.50TIB1,-05.50,Tint Brown_1T_(PBT)PIA_M_(중)(Y),R7523-05.50TIB1,Q7523-05.50TIB1,PIA,"PIA Co.,Ltd.",AA1464,1,1,2026-08-20,100,185.0,0.0,4642.0,0.0,0,0,4642.0,222.0,1400.0,28.70142857142857,C급,0,30,유지/관찰,,25.09189189189189,1.2,203.9,,계산됨
P7537M-02.75GAN2,-02.75,Garnet_PIA_M_(중)(Y),R7537-02.75GAN2,Q7537-02.75GAN2,PIA,"PIA Co.,Ltd.",AA1466,1,1,2026-08-20,200,156.0,0.0,707.0,0.0,0,0,707.0,250.0,1600.0,28.28125,C급,0,30,유지/관찰,,4.532051282051282,1.6025641025641026,203.5,,계산됨
P5049A-08.00DGR,-08.00,PIA D_Dollish Gray_55% UV,R5049-08.00DGR,Q5049-08.00DGR,PIA,"PIA Co.,Ltd.",AA1447,1,1,2026-08-20,300,142.0,142.0,0.0,0.0,0,0,0.0,2880.0,7200.0,72.4,C급,0,30,생산조정,"현재 DOI가 기준 상한 초과, 부족이 크지 않음",0.0,20.281690140845072,201.60000000000002,,계산됨
P2028A-03.75PTA,-03.75,BELLA_1-Day_Platinum Grey(8년),R2028-03.75PTA,Q2028-03.75PTA,OPTICAL SUPPLIES,OPTICAL SUPPLIES Co.,YH0199,1,1,2026-08-07,60,202.0,0.0,0.0,0.0,0,0,0.0,400.0,2000.0,36.2,C급,0,30,생산조정,"현재 DOI가 기준 상한 초과, 부족이 크지 않음",0.0,1.9801980198019802,200.0,,계산됨
P1163A-08.50BRW3,-08.50,KBS-C_1Day_Brown,R1163-08.50BRW3,Q1163-08.50BRW3,ALENSA,Alensa s.r.o,X2489,1,1,2026-08-25,23,192.0,0.0,0.0,0.0,0,0,0.0,0.0,0.0,0.0,C급,0,30,유지/관찰,,0.0,0.0,198.9,,재고없음
P1163A-00.50BRW3,-00.50,KBS-C_1Day_Brown,R1163-00.50BRW3,Q1163-00.50BRW3,ALENSA,Alensa s.r.o,X2489,1,1,2026-08-25,19,192.0,0.0,0.0,0.0,0,0,0.0,0.0,0.0,0.0,C급,0,30,유지/관찰,,0.0,0.0,197.7,,재고없음
P1163A-07.50BRW3,-07.50,KBS-C_1Day_Brown,R1163-07.50BRW3,Q1163-07.50BRW3,ALENSA,Alensa s.r.o,X2489,1,1,2026-08-25,19,192.0,0.0,0.0,0.0,0,0,0.0,0.0,0.0,0.0,C급,0,30,유지/관찰,,0.0,0.0,197.7,,재고없음
P1164A-00.50GEN3,-00.50,KBS-C_1Day_Green,R1164-00.50GEN3,Q1164-00.50GEN3,ALENSA,Alensa s.r.o,X2490,1,1,2026-08-25,19,192.0,0.0,0.0,0.0,0,0,0.0,0.0,0.0,0.0,C급,0,30,유지/관찰,,0.0,0.0,197.7,,재고없음
P1166A-04.75LCG3,-04.75,KBS-C_1Day_Grey,R1166-04.75LCG3,Q1166-04.75LCG3,ALENSA,Alensa s.r.o,X2491,1,1,2026-08-25,19,192.0,0.0,0.0,0.0,0,0,0.0,0.0,0.0,0.0,C급,0,30,유지/관찰,,0.0,0.0,197.7,,재고없음
P1045M-06.00JQZ2,-06.00,Jelly Quartz_PIA_M_(중),R1045-06.00JQZ2,Q1045-06.00JQZ2,PIA,"PIA Co.,Ltd.",AA1466,1,1,2026-08-20,300,75.0,75.0,0.0,0.0,0,0,0.0,546.0,1600.0,61.76625,C급,0,30,생산조정,"현재 DOI가 기준 상한 초과, 부족이 크지 않음",0.0,7.28,197.7,,계산됨
P3159A-02.25BRW,-02.25,EYEQUE D_LOVE ME TRUE_203_LOVE,R3159-02.25BRW,Q3159-02.25BRW,EYEQUE,EYEQUE,JJ0055,1,1,2026-08-10,25,253.0,0.0,0.0,0.0,0,0,0.0,1445.0,0.0,0.0,C급,0,30,유지/관찰,,0.0,5.711462450592886,188.25,,확인필요
P1163A-08.00BRW3,-08.00,KBS-C_1Day_Brown,R1163-08.00BRW3,Q1163-08.00BRW3,ALENSA,Alensa s.r.o,X2489,1,1,2026-08-25,20,182.0,0.0,0.0,0.0,0,0,0.0,0.0,0.0,0.0,C급,0,30,유지/관찰,,0.0,0.0,188.0,,재고없음
P1167A-07.50TRU3,-07.50,KBS-C_1Day_True Sapphire,R1167-07.50TRU3,Q1167-07.50TRU3,ALENSA,Alensa s.r.o,X2492,1,1,2026-08-25,20,182.0,0.0,0.0,0.0,0,0,0.0,0.0,0.0,0.0,C급,0,30,유지/관찰,,0.0,0.0,188.0,,재고없음
P7006A-04.00BEO,-04.00,PIA D_Baby Espresso_38% UV,R7006-04.00BEO,Q7006-04.00BEO,PIA,"PIA Co.,Ltd.",AA1449,1,1,2026-08-20,700,177.0,177.0,0.0,0.0,0,0,0.0,6855.0,28200.0,43.99840425531915,B급,20,60,유지/관찰,,0.0,38.728813559322035,185.85000000000002,,계산됨
P4876A-07.00DZB,-07.00,(영문)PIA_Dazzle Beige,R4876-07.00DZB,Q4876-07.00DZB,PIA,"PIA Co.,Ltd.",AA1469,1,1,2026-08-20,50,106.0,106.0,0.0,0.0,0,0,0.0,410.0,0.0,0.0,C급,0,30,유지/관찰,,0.0,3.8679245283018866,185.3,,확인필요
P3109R-04.75EPS,-04.75,(영문)PIA_1D 55% Espresso 14.5,R3109-04.75EPS,Q3109-04.75EPS,PIA,"PIA Co.,Ltd.",AA1470,1,1,2026-08-20,50,106.0,106.0,0.0,0.0,0,0,0.0,415.0,0.0,0.0,C급,0,30,유지/관찰,,0.0,3.9150943396226414,185.05,,확인필요
P5060A-05.00BBB,-05.00,(영문)PIA D_Bubble Blue_55% UV,R5060-05.00BBB,Q5060-05.00BBB,PIA,"PIA Co.,Ltd.",AA1469,1,1,2026-08-20,50,106.0,106.0,0.0,0.0,0,0,0.0,415.0,0.0,0.0,C급,0,30,유지/관찰,,0.0,3.9150943396226414,185.05,,확인필요
P7519M-06.00TWB3,-06.00,Twinkle Brown_PIA_M_(중)(Y),R7519-06.00TWB3,Q7519-06.00TWB3,PIA,"PIA Co.,Ltd.",AA1464,1,1,2026-08-20,200,75.0,75.0,0.0,0.0,0,0,0.0,349.0,2600.0,24.29576923076923,C급,0,30,유지/관찰,,0.0,4.653333333333333,177.55,,계산됨
P3180A-04.25AIR,-04.25,PIA D_Air Gray_55% UV,R3180-04.25AIR,Q3180-04.25AIR,PIA,"PIA Co.,Ltd.",AA1451,1,1,2026-08-20,200,118.0,118.0,0.0,0.0,0,0,0.0,1910.0,5200.0,66.48269230769232,C급,0,30,생산조정,"현재 DOI가 기준 상한 초과, 부족이 크지 않음",0.0,16.1864406779661,176.89999999999998,,계산됨
P1024A-04.00HKR3,-04.00,HAPA(PIA) D_First Love Kristin Brown 14.2_38% UV,R1024-04.00HKR3,Q1024-04.00HKR3,PIA,"PIA Co.,Ltd.",GG0243,1,1,2026-08-20,100,283.0,0.0,2946.0,0.0,0,0,2946.0,2730.0,4000.0,123.5325,C급,0,30,생산조정,"현재 DOI가 기준 상한 초과, 부족이 크지 않음",10.409893992932862,9.646643109540635,176.5,,계산됨
P3060A-08.50SBR,-08.50,PIA_Sheer Brown_55%_1-DAY,R3060-08.50SBR,Q3060-08.50SBR,PIA,"PIA Co.,Ltd.",AA1443,1,1,2026-08-20,100,106.0,106.0,0.0,0.0,0,0,0.0,910.0,5200.0,31.675,C급,0,30,생산조정,"현재 DOI가 기준 상한 초과, 부족이 크지 않음",0.0,8.584905660377359,175.3,,계산됨
P7031A-02.00AMB,-02.00,PIA D_Almond Brown_38% UV,R7031-02.00AMB,Q7031-02.00AMB,PIA,"PIA Co.,Ltd.",AA1453,1,1,2026-08-20,100,106.0,106.0,0.0,0.0,0,0,0.0,910.0,200.0,823.55,C급,0,30,생산지양,저수요 P코드인데 DOI가 과도함,0.0,8.584905660377359,175.3,,계산됨
P3155A-08.50CHC,-08.50,EYEQUE D_Sweet Choco_GIRL POWER,R3155-08.50CHC,Q3155-08.50CHC,EYEQUE,EYEQUE,JJ0054,1,1,2026-08-10,25,223.0,0.0,0.0,0.0,0,0,0.0,1120.0,0.0,0.0,C급,0,30,유지/관찰,,0.0,5.022421524663677,174.5,,확인필요
P4921S-07.00BUL,-07.00,Freedom380_M_BL Metha_(소),R4921-07.00BUL,Q4921-07.00BUL,ESSILOR,ESSILOR GROUP THE NETHERLAND BV,V3358,1,1,2026-10-01,60,98.0,98.0,0.0,0.0,0,0,0.0,407.0,600.0,122.77833333333334,C급,0,30,생산조정,"현재 DOI가 기준 상한 초과, 부족이 크지 않음",0.0,4.153061224489796,174.05,,계산됨
P7520M-05.00DZG2,-05.00,Dazzle Gray_2T_(PBT)PIA_M_(중)(Y),R7520-05.00DZG2,Q7520-05.00DZG2,PIA,"PIA Co.,Ltd.",AA1464,1,1,2026-08-20,100,154.0,0.0,2343.0,0.0,0,0,2343.0,251.0,1600.0,28.394375,C급,0,30,유지/관찰,,15.214285714285714,1.62987012987013,171.45,,계산됨
P7534M-04.50AFO2,-04.50,Affogato_PIA_M_(중)(Y),R7534-04.50AFO2,Q7534-04.50AFO2,PIA,"PIA Co.,Ltd.",AA1465,1,1,2026-08-20,200,123.0,0.0,1193.0,1700.0,0,0,2893.0,281.0,1600.0,31.788125,C급,0,30,생산조정,"현재 DOI가 기준 상한 초과, 부족이 크지 않음",23.520325203252032,2.2845528455284554,168.95,,계산됨
P3148A-04.00BRW,-04.00,EYEQUE_AK Brown_GIRL POWER,R3148-04.00BRW,Q3148-04.00BRW,EYEQUE,EYEQUE,JJ0054,1,1,2026-08-10,25,172.0,0.0,0.0,9674.0,0,0,9674.0,215.0,500.0,77.83,C급,0,30,생산조정,"현재 DOI가 기준 상한 초과, 부족이 크지 않음",56.24418604651163,1.25,168.75,,계산됨
P1166A-07.00LCG3,-07.00,KBS-C_1Day_Grey,R1166-07.00LCG3,Q1166-07.00LCG3,ALENSA,Alensa s.r.o,X2491,1,1,2026-08-25,16,162.0,0.0,0.0,0.0,0,0,0.0,0.0,0.0,0.0,C급,0,30,유지/관찰,,0.0,0.0,166.8,,재고없음
P7531M-01.75DZB2,-01.75,Dazzle Beige_2T_(PBT)PIA_M(Y),R7531-01.75DZB2,Q7531-01.75DZB2,PIA,"PIA Co.,Ltd.",AA1464,1,1,2026-08-20,100,140.0,0.0,0.0,736.0,0,0,736.0,65.0,1200.0,9.804166666666667,C급,0,30,유지/관찰,,5.257142857142857,0.4642857142857143,166.75,,계산됨
P3147A-05.00GRA,-05.00,EYEQUE_ICE Gray_GIRL POWER,R3147-05.00GRA,Q3147-05.00GRA,EYEQUE,EYEQUE,JJ0054,1,1,2026-08-10,25,253.0,0.0,0.0,0.0,0,0,0.0,1895.0,0.0,0.0,C급,0,30,유지/관찰,,0.0,7.490118577075099,165.75,,확인필요
P4876A-02.25DZB,-02.25,(영문)PIA_Dazzle Beige,R4876-02.25DZB,Q4876-02.25DZB,PIA,"PIA Co.,Ltd.",AA1469,1,1,2026-08-20,50,95.0,95.0,0.0,0.0,0,0,0.0,420.0,0.0,0.0,C급,0,30,유지/관찰,,0.0,4.421052631578948,165.0,,확인필요
P3106A-03.25SBR,-03.25,(영문)PIA_1D 55% Sheer Brown 14.2,R3106-03.25SBR,Q3106-03.25SBR,PIA,"PIA Co.,Ltd.",AA1470,1,1,2026-08-20,50,95.0,95.0,0.0,0.0,0,0,0.0,425.0,0.0,0.0,C급,0,30,유지/관찰,,0.0,4.473684210526316,164.75,,확인필요
P3106A-04.50SBR,-04.50,(영문)PIA_1D 55% Sheer Brown 14.2,R3106-04.50SBR,Q3106-04.50SBR,PIA,"PIA Co.,Ltd.",AA1470,1,1,2026-08-20,50,95.0,95.0,0.0,0.0,0,0,0.0,425.0,0.0,0.0,C급,0,30,유지/관찰,,0.0,4.473684210526316,164.75,,확인필요
P5059A-04.75DGR,-04.75,(영문)PIA D_Dollish Gray_55% UV,R5059-04.75DGR,Q5059-04.75DGR,PIA,"PIA Co.,Ltd.",AA1469,1,1,2026-08-20,50,95.0,95.0,0.0,0.0,0,0,0.0,425.0,0.0,0.0,C급,0,30,유지/관찰,,0.0,4.473684210526316,164.75,,확인필요
P5227A-02.25DAP,-02.25,(CA)PIA D_Dark Peony_55% UV,R5227-02.25DAP,Q5227-02.25DAP,PIA,"PIA Co.,Ltd.",AA1469,1,1,2026-08-20,50,95.0,95.0,0.0,0.0,0,0,0.0,425.0,0.0,0.0,C급,0,30,유지/관찰,,0.0,4.473684210526316,164.75,,확인필요
P3156A-02.25GRA,-02.25,EYEQUE D_LET ME GO_204_LOVE,R3156-02.25GRA,Q3156-02.25GRA,EYEQUE,EYEQUE,JJ0055,1,1,2026-08-10,25,253.0,0.0,1175.0,0.0,0,0,1175.0,1975.0,0.0,0.0,C급,0,30,유지/관찰,,4.644268774703558,7.8063241106719365,161.75,,확인필요
P7013A-03.00GAN,-03.00,PIA D_Garnet_38% UV,R7013-03.00GAN,Q7013-03.00GAN,PIA,"PIA Co.,Ltd.",AA1449,1,1,2026-08-20,400,130.0,130.0,0.0,0.0,0,0,0.0,3890.0,14200.0,49.58380281690141,C급,0,30,생산조정,"현재 DOI가 기준 상한 초과, 부족이 크지 않음",0.0,29.923076923076923,159.5,,계산됨
P3169A-10.00CSO,-10.00,EYEQUE D_Crystal olive_304_S3,R3169-10.00CSO,Q3169-10.00CSO,EYEQUE,EYEQUE,JJ0054,1,1,2026-08-10,25,253.0,0.0,0.0,0.0,0,0,0.0,2035.0,0.0,0.0,C급,0,30,유지/관찰,,0.0,8.043478260869565,158.75,,확인필요
P1046M-00.75LBK1,-00.75,Lady Black_PIA_M_(중)_14.5,R1046-00.75LBK1,Q1046-00.75LBK1,PIA,"PIA Co.,Ltd.",AA1467,1,1,2026-08-20,100,75.0,75.0,0.0,0.0,0,0,0.0,146.0,600.0,44.04333333333334,C급,0,30,생산조정,"현재 DOI가 기준 상한 초과, 부족이 크지 않음",0.0,1.9466666666666668,157.7,,계산됨
P5286A-05.00BRW,-05.00,EYEQUE D_LOVE YOURSELF_205_LOVE,R5286-05.00BRW,Q5286-05.00BRW,EYEQUE,EYEQUE,JJ0055,1,1,2026-08-10,15,152.0,0.0,0.0,0.0,0,0,0.0,0.0,250.0,0.0,C급,0,30,유지/관찰,,0.0,0.0,156.5,,재고없음
P3159A-03.25BRW,-03.25,EYEQUE D_LOVE ME TRUE_203_LOVE,R3159-03.25BRW,Q3159-03.25BRW,EYEQUE,EYEQUE,JJ0055,1,1,2026-08-10,25,253.0,0.0,0.0,0.0,0,0,0.0,2105.0,0.0,0.0,C급,0,30,유지/관찰,,0.0,8.320158102766799,155.25,,확인필요
P3080A-08.00,-08.00,1D_55 clear feliamo,R3080-08.00,Q3080-08.00,PIA,"PIA Co.,Ltd.",AA1461,1,1,2026-08-20,30,181.0,0.0,0.0,0.0,0,0,0.0,740.0,0.0,0.0,C급,0,30,유지/관찰,,0.0,4.088397790055248,153.0,,확인필요
P1163A-06.50BRW3,-06.50,KBS-C_1Day_Brown,R1163-06.50BRW3,Q1163-06.50BRW3,ALENSA,Alensa s.r.o,X2489,1,1,2026-08-25,70,132.0,0.0,0.0,0.0,0,0,0.0,0.0,0.0,0.0,C급,0,30,유지/관찰,,0.0,0.0,153.0,,재고없음
P1023A-03.75HKP3,-03.75,HAPA(PIA) D_Sugar High Kristin Plus Gray 14.2_55%,R1023-03.75HKP3,Q1023-03.75HKP3,PIA,"PIA Co.,Ltd.",GG0243,1,1,2026-08-20,200,130.0,130.0,0.0,0.0,0,0,0.0,2895.0,4000.0,130.99875,C급,0,30,생산조정,"현재 DOI가 기준 상한 초과, 부족이 크지 않음",0.0,22.26923076923077,149.25,,계산됨
P1163A-09.00BRW3,-09.00,KBS-C_1Day_Brown,R1163-09.00BRW3,Q1163-09.00BRW3,ALENSA,Alensa s.r.o,X2489,1,1,2026-08-25,14,142.0,0.0,0.0,0.0,0,0,0.0,0.0,0.0,0.0,C급,0,30,유지/관찰,,0.0,0.0,146.2,,재고없음
P1166A-06.50LCG3,-06.50,KBS-C_1Day_Grey,R1166-06.50LCG3,Q1166-06.50LCG3,ALENSA,Alensa s.r.o,X2491,1,1,2026-08-25,14,142.0,0.0,0.0,0.0,0,0,0.0,0.0,0.0,0.0,C급,0,30,유지/관찰,,0.0,0.0,146.2,,재고없음
P3156A-08.50GRA,-08.50,EYEQUE D_LET ME GO_204_LOVE,R3156-08.50GRA,Q3156-08.50GRA,EYEQUE,EYEQUE,JJ0055,1,1,2026-08-10,20,202.0,0.0,0.0,0.0,0,0,0.0,1245.0,0.0,0.0,C급,0,30,유지/관찰,,0.0,6.163366336633663,145.75,,확인필요
P0573A-07.00ZUN,-07.00,(영문)PIA D_ZUNDA MOCHI_55% UV,R0573-07.00ZUN,Q0573-07.00ZUN,PIA,"PIA Co.,Ltd.",AA1468,1,1,2026-08-20,50,83.0,83.0,0.0,0.0,0,0,0.0,430.0,0.0,0.0,C급,0,30,유지/관찰,,0.0,5.180722891566265,142.9,,확인필요
P3132A-04.00STS,-04.00,(영문)PIA_1D_55% SabaTeishoku_2T,R3132-04.00STS,Q3132-04.00STS,PIA,"PIA Co.,Ltd.",AA1468,1,1,2026-08-20,50,83.0,83.0,0.0,0.0,0,0,0.0,430.0,0.0,0.0,C급,0,30,유지/관찰,,0.0,5.180722891566265,142.9,,확인필요
P3117R-03.50CDR,-03.50,(영문)PIA_1D 55% Cider,R3117-03.50CDR,Q3117-03.50CDR,PIA,"PIA Co.,Ltd.",AA1468,1,1,2026-08-20,50,83.0,83.0,0.0,0.0,0,0,0.0,435.0,0.0,0.0,C급,0,30,유지/관찰,,0.0,5.240963855421687,142.65,,확인필요
P3162A-04.50BSB,-04.50,(영문)PIA D_RUSTY BEIGE_55%,R3162-04.50BSB,Q3162-04.50BSB,PIA,"PIA Co.,Ltd.",AA1472,1,1,2026-08-20,50,83.0,83.0,0.0,0.0,0,0,0.0,435.0,0.0,0.0,C급,0,30,유지/관찰,,0.0,5.240963855421687,142.65,,확인필요
P7039A-06.00UNB,-06.00,(CA)PIA D_Uniform Black_55%_14.5 UV,R7039-06.00UNB,Q7039-06.00UNB,PIA,"PIA Co.,Ltd.",AA1469,1,1,2026-08-20,50,82.0,82.0,0.0,0.0,0,0,0.0,430.0,0.0,0.0,C급,0,30,유지/관찰,,0.0,5.2439024390243905,141.10000000000002,,확인필요
P3158A-06.50BRW3,-06.50,EYEQUE D_LOVE ME TENDER_202_LOVE,R3158-06.50BRW3,Q3158-06.50BRW3,EYEQUE,EYEQUE,JJ0055,1,1,2026-08-10,25,253.0,0.0,0.0,0.0,0,0,0.0,2535.0,0.0,0.0,C급,0,30,유지/관찰,,0.0,10.019762845849803,133.75,,확인필요
P3185A-00.00HOC,-00.00,EYEQUE D_PINK CHOC_106_LOVE,R3185-00.00HOC,Q3185-00.00HOC,EYEQUE,EYEQUE,JJ0055,1,1,2026-08-10,20,202.0,0.0,0.0,0.0,0,0,0.0,1540.0,0.0,0.0,C급,0,30,유지/관찰,,0.0,7.623762376237623,131.0,,확인필요
P3158A-09.00BRW3,-09.00,EYEQUE D_LOVE ME TENDER_202_LOVE,R3158-09.00BRW3,Q3158-09.00BRW3,EYEQUE,EYEQUE,JJ0055,1,1,2026-08-10,20,202.0,0.0,0.0,0.0,0,0,0.0,1545.0,0.0,0.0,C급,0,30,유지/관찰,,0.0,7.648514851485149,130.75,,확인필요
P1022A-01.50HKB3,-01.50,HAPA(PIA) D_Sugar High Kristin Beige 14.2_55% UV,R1022-01.50HKB3,Q1022-01.50HKB3,PIA,"PIA Co.,Ltd.",GG0243,1,1,2026-08-20,200,95.0,95.0,0.0,0.0,0,0,0.0,2015.0,9000.0,40.52388888888889,C급,0,30,생산조정,"현재 DOI가 기준 상한 초과, 부족이 크지 않음",0.0,21.210526315789473,130.25,,계산됨
P7523M-03.25TIB1,-03.25,Tint Brown_1T_(PBT)PIA_M_(중)(Y),R7523-03.25TIB1,Q7523-03.25TIB1,PIA,"PIA Co.,Ltd.",AA1464,1,1,2026-08-20,100,105.0,0.0,0.0,1855.0,0,0,1855.0,99.0,1200.0,14.9325,C급,0,30,유지/관찰,,17.666666666666668,0.9428571428571428,130.05,,계산됨
P3150A-01.00CHC,-01.00,EYEQUE_MILK CHOC_GIRL POWER,R3150-01.00CHC,Q3150-01.00CHC,EYEQUE,EYEQUE,JJ0054,1,1,2026-08-10,25,182.0,0.0,0.0,0.0,0,0,0.0,1195.0,0.0,0.0,C급,0,30,유지/관찰,,0.0,6.565934065934066,129.75,,확인필요
P3185A-02.25HOC,-02.25,EYEQUE D_PINK CHOC_106_LOVE,R3185-02.25HOC,Q3185-02.25HOC,EYEQUE,EYEQUE,JJ0055,1,1,2026-08-10,20,202.0,0.0,0.0,0.0,0,0,0.0,1580.0,0.0,0.0,C급,0,30,유지/관찰,,0.0,7.821782178217822,129.0,,확인필요
P3150A-05.00CHC,-05.00,EYEQUE_MILK CHOC_GIRL POWER,R3150-05.00CHC,Q3150-05.00CHC,EYEQUE,EYEQUE,JJ0054,1,1,2026-08-10,50,142.0,0.0,0.0,1452.0,0,0,1452.0,570.0,0.0,0.0,C급,0,30,유지/관찰,,10.225352112676056,4.014084507042254,128.5,,확인필요
P3158A-01.00BRW3,-01.00,EYEQUE D_LOVE ME TENDER_202_LOVE,R3158-01.00BRW3,Q3158-01.00BRW3,EYEQUE,EYEQUE,JJ0055,1,1,2026-08-10,15,152.0,0.0,0.0,0.0,0,0,0.0,610.0,0.0,0.0,C급,0,30,유지/관찰,,0.0,4.0131578947368425,126.0,,확인필요
P1163A-09.50BRW3,-09.50,KBS-C_1Day_Brown,R1163-09.50BRW3,Q1163-09.50BRW3,ALENSA,Alensa s.r.o,X2489,1,1,2026-08-25,12,122.0,0.0,0.0,0.0,0,0,0.0,0.0,0.0,0.0,C급,0,30,유지/관찰,,0.0,0.0,125.6,,재고없음
P1166A-08.00LCG3,-08.00,KBS-C_1Day_Grey,R1166-08.00LCG3,Q1166-08.00LCG3,ALENSA,Alensa s.r.o,X2491,1,1,2026-08-25,12,122.0,0.0,0.0,0.0,0,0,0.0,0.0,0.0,0.0,C급,0,30,유지/관찰,,0.0,0.0,125.6,,재고없음
P1167A-08.00TRU3,-08.00,KBS-C_1Day_True Sapphire,R1167-08.00TRU3,Q1167-08.00TRU3,ALENSA,Alensa s.r.o,X2492,1,1,2026-08-25,12,122.0,0.0,0.0,0.0,0,0,0.0,0.0,0.0,0.0,C급,0,30,유지/관찰,,0.0,0.0,125.6,,재고없음
P7035M-05.00MCR,-05.00,Mocha Ring_PIA_M_(중),R7035-05.00MCR,Q7035-05.00MCR,PIA,"PIA Co.,Ltd.",AA1466,1,1,2026-08-20,300,72.0,0.0,0.0,1370.0,0,0,1370.0,731.0,2800.0,47.25392857142857,C급,0,30,생산조정,"현재 DOI가 기준 상한 초과, 부족이 크지 않음",19.02777777777778,10.152777777777779,125.44999999999999,,계산됨
P1423A-05.00THB,-05.00,ANW D_Through Beige_Dopewink 38%,R1423-05.00THB,Q1423-05.00THB,Sincere,"SINCERE Co.,Ltd",GG0240,1,1,2026-09-01,35,71.0,71.0,0.0,0.0,0,0,0.0,290.0,700.0,74.9857142857143,C급,0,30,생산조정,"현재 DOI가 기준 상한 초과, 부족이 크지 않음",0.0,4.084507042253521,123.80000000000001,,계산됨
P3158A-06.00BRW3,-06.00,EYEQUE D_LOVE ME TENDER_202_LOVE,R3158-06.00BRW3,Q3158-06.00BRW3,EYEQUE,EYEQUE,JJ0055,1,1,2026-08-10,25,253.0,0.0,0.0,0.0,0,0,0.0,2780.0,0.0,0.0,C급,0,30,유지/관찰,,0.0,10.988142292490119,121.5,,확인필요
P3080A-01.00,-01.00,1D_55 clear feliamo,R3080-01.00,Q3080-01.00,PIA,"PIA Co.,Ltd.",AA1461,1,1,2026-08-20,30,151.0,0.0,0.0,0.0,0,0,0.0,780.0,3600.0,39.21666666666667,C급,0,30,생산조정,"현재 DOI가 기준 상한 초과, 부족이 크지 않음",0.0,5.1655629139072845,121.0,,계산됨
P4876A-04.50DZB,-04.50,(영문)PIA_Dazzle Beige,R4876-04.50DZB,Q4876-04.50DZB,PIA,"PIA Co.,Ltd.",AA1469,1,1,2026-08-20,50,71.0,71.0,0.0,0.0,0,0,0.0,440.0,0.0,0.0,C급,0,30,유지/관찰,,0.0,6.197183098591549,120.80000000000001,,확인필요
P3157A-01.75BRW,-01.75,EYEQUE D_LOVE IS YOU_201_LOVE,R3157-01.75BRW,Q3157-01.75BRW,EYEQUE,EYEQUE,JJ0054,1,1,2026-08-10,25,142.0,0.0,0.0,3226.0,0,0,3226.0,580.0,750.0,139.97333333333333,C급,0,30,생산조정,"현재 DOI가 기준 상한 초과, 부족이 크지 않음",22.718309859154928,4.084507042253521,120.5,,계산됨
P7525M-02.50TGT3,-02.50,Tangerine Tea_3T_(PBT)PIA_M_(중)(Y),R7525-02.50TGT3,Q7525-02.50TGT3,PIA,"PIA Co.,Ltd.",AA1464,1,1,2026-08-20,100,95.0,0.0,2653.0,0.0,0,0,2653.0,109.0,500.0,39.458,C급,0,30,생산조정,"현재 DOI가 기준 상한 초과, 부족이 크지 않음",27.926315789473684,1.1473684210526316,119.55,,계산됨
P7514M-05.00OLT2,-05.00,Oolong Tea_PIA_M_중사각(Y),R7514-05.00OLT2,Q7514-05.00OLT2,PIA,"PIA Co.,Ltd.",AA1465,1,1,2026-08-20,100,111.0,0.0,2440.0,2100.0,0,0,4540.0,494.0,3200.0,27.941875000000003,C급,0,30,유지/관찰,,40.9009009009009,4.45045045045045,116.3,,계산됨
P1166A-05.75LCG3,-05.75,KBS-C_1Day_Grey,R1166-05.75LCG3,Q1166-05.75LCG3,ALENSA,Alensa s.r.o,X2491,1,1,2026-08-25,11,112.0,0.0,0.0,0.0,0,0,0.0,0.0,0.0,0.0,C급,0,30,유지/관찰,,0.0,0.0,115.3,,재고없음
P1166A-07.50LCG3,-07.50,KBS-C_1Day_Grey,R1166-07.50LCG3,Q1166-07.50LCG3,ALENSA,Alensa s.r.o,X2491,1,1,2026-08-25,11,112.0,0.0,0.0,0.0,0,0,0.0,0.0,0.0,0.0,C급,0,30,유지/관찰,,0.0,0.0,115.3,,재고없음
P3169A-01.50CSO,-01.50,EYEQUE D_Crystal olive_304_S3,R3169-01.50CSO,Q3169-01.50CSO,EYEQUE,EYEQUE,JJ0054,1,1,2026-08-10,15,152.0,0.0,10205.0,11661.0,0,0,21866.0,865.0,0.0,0.0,C급,0,30,유지/관찰,,143.85526315789474,5.690789473684211,113.25,,확인필요
P1054A-07.50PSB3,-07.50,HAPA(PIA) D_One&Only Kristin Plus Brown 14.2_38%,R1054-07.50PSB3,Q1054-07.50PSB3,PIA,"PIA Co.,Ltd.",GG0244,1,1,2026-08-20,100,71.0,71.0,0.0,0.0,0,0,0.0,940.0,1000.0,170.14,C급,0,30,생산조정,"현재 DOI가 기준 상한 초과, 부족이 크지 않음",0.0,13.23943661971831,110.80000000000001,,계산됨
P3165A-03.75HJL,-03.75,(영문)PIA D_HOJICHA LATTE_55%,R3165-03.75HJL,Q3165-03.75HJL,PIA,"PIA Co.,Ltd.",AA1468,1,1,2026-08-20,50,59.0,59.0,0.0,0.0,0,0,0.0,450.0,0.0,0.0,C급,0,30,유지/관찰,,0.0,7.627118644067797,98.7,,확인필요
P4879A-01.00MRG,-01.00,(영문)PIA_Mirror Gray,R4879-01.00MRG,Q4879-01.00MRG,PIA,"PIA Co.,Ltd.",AA1469,1,1,2026-08-20,50,59.0,59.0,0.0,0.0,0,0,0.0,450.0,0.0,0.0,C급,0,30,유지/관찰,,0.0,7.627118644067797,98.7,,확인필요
P5058A-03.75DBO,-03.75,(영문)PIA D_Dollish Brown_55% UV,R5058-03.75DBO,Q5058-03.75DBO,PIA,"PIA Co.,Ltd.",AA1469,1,1,2026-08-20,50,59.0,59.0,0.0,0.0,0,0,0.0,450.0,500.0,162.9,C급,0,30,생산조정,"현재 DOI가 기준 상한 초과, 부족이 크지 않음",0.0,7.627118644067797,98.7,,계산됨
P5324A-04.00CHE,-04.00,(영문)PIA D_Chestnut_55% UV,R5324-04.00CHE,Q5324-04.00CHE,PIA,"PIA Co.,Ltd.",AA1470,1,1,2026-08-20,50,59.0,59.0,0.0,0.0,0,0,0.0,450.0,500.0,162.9,C급,0,30,생산조정,"현재 DOI가 기준 상한 초과, 부족이 크지 않음",0.0,7.627118644067797,98.7,,계산됨
P5058A-06.00DBO,-06.00,(영문)PIA D_Dollish Brown_55% UV,R5058-06.00DBO,Q5058-06.00DBO,PIA,"PIA Co.,Ltd.",AA1469,1,1,2026-08-20,50,59.0,59.0,0.0,0.0,0,0,0.0,455.0,500.0,164.71,C급,0,30,생산조정,"현재 DOI가 기준 상한 초과, 부족이 크지 않음",0.0,7.711864406779661,98.45,,계산됨
P5324A-02.50CHE,-02.50,(영문)PIA D_Chestnut_55% UV,R5324-02.50CHE,Q5324-02.50CHE,PIA,"PIA Co.,Ltd.",AA1470,1,1,2026-08-20,50,59.0,59.0,0.0,0.0,0,0,0.0,455.0,500.0,164.71,C급,0,30,생산조정,"현재 DOI가 기준 상한 초과, 부족이 크지 않음",0.0,7.711864406779661,98.45,,계산됨
P3149A-07.00BYB,-07.00,EYEQUE_BABY RING_GIRL POWER,R3149-07.00BYB,Q3149-07.00BYB,EYEQUE,EYEQUE,JJ0054,1,1,2026-08-10,50,192.0,0.0,0.0,0.0,0,0,0.0,2255.0,0.0,0.0,C급,0,30,유지/관찰,,0.0,11.744791666666666,94.25,,확인필요
P1167A-09.00TRU3,-09.00,KBS-C_1Day_True Sapphire,R1167-09.00TRU3,Q1167-09.00TRU3,ALENSA,Alensa s.r.o,X2492,1,1,2026-08-25,9,91.0,0.0,0.0,0.0,0,0,0.0,0.0,0.0,0.0,C급,0,30,유지/관찰,,0.0,0.0,93.7,,재고없음
P3185A-01.50HOC,-01.50,EYEQUE D_PINK CHOC_106_LOVE,R3185-01.50HOC,Q3185-01.50HOC,EYEQUE,EYEQUE,JJ0055,1,1,2026-08-10,15,152.0,0.0,0.0,0.0,0,0,0.0,1335.0,0.0,0.0,C급,0,30,유지/관찰,,0.0,8.782894736842104,89.75,,확인필요
P7042A-02.00COT,-02.00,PIA D_Coco Truffle_38% UV,R7042-02.00COT,Q7042-02.00COT,PIA,"PIA Co.,Ltd.",AA1450,1,1,2026-08-20,100,59.0,59.0,0.0,0.0,0,0,0.0,950.0,4200.0,40.94047619047619,C급,0,30,생산조정,"현재 DOI가 기준 상한 초과, 부족이 크지 않음",0.0,16.10169491525424,88.69999999999999,,계산됨
P4876A-01.50DZB,-01.50,(영문)PIA_Dazzle Beige,R4876-01.50DZB,Q4876-01.50DZB,PIA,"PIA Co.,Ltd.",AA1469,1,1,2026-08-20,100,59.0,59.0,0.0,0.0,0,0,0.0,955.0,0.0,0.0,C급,0,30,유지/관찰,,0.0,16.1864406779661,88.44999999999999,,확인필요
P3147A-00.00GRA,-00.00,EYEQUE_ICE Gray_GIRL POWER,R3147-00.00GRA,Q3147-00.00GRA,EYEQUE,EYEQUE,JJ0056,1,1,2026-08-10,90,414.0,0.0,0.0,0.0,0,0,0.0,7070.0,500.0,2559.34,C급,0,30,생산지양,저수요 P코드인데 DOI가 과도함,0.0,17.07729468599034,87.5,,계산됨
P7535M-05.25COJ3,-05.25,Coffee Jelly_PIA_M_(중)(Y),R7535-05.25COJ3,Q7535-05.25COJ3,PIA,"PIA Co.,Ltd.",AA1465,1,1,2026-08-20,200,25.0,0.0,1490.0,0.0,0,0,1490.0,4.0,1800.0,0.4022222222222222,C급,0,30,유지/관찰,,59.6,0.16,84.8,,계산됨
P3159A-01.75BRW,-01.75,EYEQUE D_LOVE ME TRUE_203_LOVE,R3159-01.75BRW,Q3159-01.75BRW,EYEQUE,EYEQUE,JJ0055,1,1,2026-08-10,15,81.0,0.0,0.0,4703.0,0,0,4703.0,70.0,250.0,50.68000000000001,C급,0,30,생산조정,"현재 DOI가 기준 상한 초과, 부족이 크지 않음",58.06172839506173,0.8641975308641975,82.0,,계산됨
P5286A-09.50BRW,-09.50,EYEQUE D_LOVE YOURSELF_205_LOVE,R5286-09.50BRW,Q5286-09.50BRW,EYEQUE,EYEQUE,JJ0055,1,1,2026-08-10,15,81.0,0.0,0.0,0.0,0,0,0.0,70.0,250.0,50.68000000000001,C급,0,30,생산조정,"현재 DOI가 기준 상한 초과, 부족이 크지 않음",0.0,0.8641975308641975,82.0,,계산됨
P7540M-03.50DBO3,-03.50,Dollish Brown_PIA_M_(중)(Y),R7540-03.50DBO3,Q7540-03.50DBO3,PIA,"PIA Co.,Ltd.",AA1475,1,1,2026-08-20,50,61.0,61.0,0.0,0.0,0,0,0.0,856.0,4600.0,33.68173913043478,C급,0,30,생산조정,"현재 DOI가 기준 상한 초과, 부족이 크지 않음",0.0,14.032786885245901,82.0,,계산됨
P3147A-07.50GRA,-07.50,EYEQUE_ICE Gray_GIRL POWER,R3147-07.50GRA,Q3147-07.50GRA,EYEQUE,EYEQUE,JJ0054,1,1,2026-08-10,20,202.0,0.0,0.0,0.0,0,0,0.0,2540.0,0.0,0.0,C급,0,30,유지/관찰,,0.0,12.574257425742575,81.0,,확인필요
P3106A-03.50SBR,-03.50,(영문)PIA_1D 55% Sheer Brown 14.2,R3106-03.50SBR,Q3106-03.50SBR,PIA,"PIA Co.,Ltd.",AA1470,1,1,2026-08-20,50,48.0,48.0,0.0,0.0,0,0,0.0,460.0,0.0,0.0,C급,0,30,유지/관찰,,0.0,9.583333333333334,78.4,,확인필요
P4878A-03.50CBW,-03.50,(영문)PIA_Coral Brown,R4878-03.50CBW,Q4878-03.50CBW,PIA,"PIA Co.,Ltd.",AA1469,1,1,2026-08-20,50,48.0,48.0,0.0,0.0,0,0,0.0,460.0,0.0,0.0,C급,0,30,유지/관찰,,0.0,9.583333333333334,78.4,,확인필요
P3132A-02.75STS,-02.75,(영문)PIA_1D_55% SabaTeishoku_2T,R3132-02.75STS,Q3132-02.75STS,PIA,"PIA Co.,Ltd.",AA1468,1,1,2026-08-20,50,48.0,48.0,0.0,0.0,0,0,0.0,465.0,0.0,0.0,C급,0,30,유지/관찰,,0.0,9.6875,78.15,,확인필요
P5058A-01.00DBO,-01.00,(영문)PIA D_Dollish Brown_55% UV,R5058-01.00DBO,Q5058-01.00DBO,PIA,"PIA Co.,Ltd.",AA1469,1,1,2026-08-20,50,48.0,48.0,0.0,0.0,0,0,0.0,465.0,500.0,168.33,C급,0,30,생산조정,"현재 DOI가 기준 상한 초과, 부족이 크지 않음",0.0,9.6875,78.15,,계산됨
P5059A-02.50DGR,-02.50,(영문)PIA D_Dollish Gray_55% UV,R5059-02.50DGR,Q5059-02.50DGR,PIA,"PIA Co.,Ltd.",AA1469,1,1,2026-08-20,50,48.0,48.0,0.0,0.0,0,0,0.0,465.0,0.0,0.0,C급,0,30,유지/관찰,,0.0,9.6875,78.15,,확인필요
P5108A-03.25MEM,-03.25,PIA D_Melty Mist_55% UV,R5108-03.25MEM,Q5108-03.25MEM,PIA,"PIA Co.,Ltd.",AA1447,1,1,2026-08-20,500,95.0,95.0,0.0,0.0,0,0,0.0,4920.0,13200.0,67.46363636363637,B급,20,60,생산조정,"현재 DOI가 기준 상한 초과, 부족이 크지 않음",0.0,51.78947368421053,75.0,,계산됨
P7552A-04.50CRB3,-04.50,PIA D_(영문)Cream Beige,R7552-04.50CRB3,Q7552-04.50CRB3,PIA,"PIA Co.,Ltd.",AA1471,1,1,2026-08-20,50,81.0,0.0,0.0,0.0,0,0,0.0,425.0,0.0,0.0,C급,0,30,유지/관찰,,0.0,5.246913580246914,74.75,,확인필요
P1059A-00.00-1.25180BAE1,-00.00,PIA D Toric_TOPARDS Baby Espresso_55%_UV,R1059-00.00-1.25180BAE1,Q1059-00.00-1.25180BAE1,PIA,"PIA Co.,Ltd.",AA1452,1,1,2026-08-20,100,51.0,51.0,0.0,0.0,0,0,0.0,960.0,2200.0,78.98181818181818,C급,0,30,생산조정,"현재 DOI가 기준 상한 초과, 부족이 크지 않음",0.0,18.823529411764707,73.80000000000001,,계산됨
P3185A-01.25HOC,-01.25,EYEQUE D_PINK CHOC_106_LOVE,R3185-01.25HOC,Q3185-01.25HOC,EYEQUE,EYEQUE,JJ0055,1,1,2026-08-10,15,152.0,0.0,0.0,0.0,0,0,0.0,1670.0,0.0,0.0,C급,0,30,유지/관찰,,0.0,10.986842105263158,73.0,,확인필요
P3155A-06.00CHC,-06.00,EYEQUE D_Sweet Choco_GIRL POWER,R3155-06.00CHC,Q3155-06.00CHC,EYEQUE,EYEQUE,JJ0054,1,1,2026-08-10,25,122.0,0.0,0.0,0.0,0,0,0.0,1145.0,500.0,414.49,C급,0,30,생산지양,저수요 P코드인데 DOI가 과도함,0.0,9.385245901639344,72.25,,계산됨
P1045M-02.75JQZ2,-02.75,Jelly Quartz_PIA_M_(중),R1045-02.75JQZ2,Q1045-02.75JQZ2,PIA,"PIA Co.,Ltd.",AA1466,1,1,2026-08-20,300,11.0,0.0,1685.0,0.0,0,0,1685.0,591.0,2600.0,41.14269230769231,C급,0,30,생산조정,"현재 DOI가 기준 상한 초과, 부족이 크지 않음",153.1818181818182,53.72727272727273,71.45,,계산됨
P7015A-05.50GQZ,-05.50,PIA D_Grege Quartz 38% UV,R7015-05.50GQZ,Q7015-05.50GQZ,PIA,"PIA Co.,Ltd.",AA1449,1,1,2026-08-20,200,59.0,59.0,0.0,0.0,0,0,0.0,1955.0,6200.0,57.07338709677419,C급,0,30,생산조정,"현재 DOI가 기준 상한 초과, 부족이 크지 않음",0.0,33.13559322033898,68.44999999999999,,계산됨
P7040A-02.00PBO,-02.00,(CA)PIA D_Pink Bomb_55%_14.5 UV,R7040-02.00PBO,Q7040-02.00PBO,PIA,"PIA Co.,Ltd.",AA1469,1,1,2026-08-20,100,48.0,48.0,0.0,0.0,0,0,0.0,960.0,0.0,0.0,C급,0,30,유지/관찰,,0.0,20.0,68.4,,확인필요
P4812A-01.00BUL,-01.00,Freedom380_4Care_BL Metha,R4812-01.00BUL,Q4812-01.00BUL,ESSILOR,ESSILOR GROUP THE NETHERLAND BV,V3356,1,1,2026-10-01,50,121.0,0.0,0.0,0.0,0,0,0.0,1410.0,0.0,0.0,C급,0,30,유지/관찰,,0.0,11.652892561983471,65.5,,확인필요
P3159A-07.50BRW,-07.50,EYEQUE D_LOVE ME TRUE_203_LOVE,R3159-07.50BRW,Q3159-07.50BRW,EYEQUE,EYEQUE,JJ0055,1,1,2026-08-10,15,81.0,0.0,0.0,0.0,0,0,0.0,420.0,250.0,304.08,C급,0,30,생산지양,저수요 P코드인데 DOI가 과도함,0.0,5.185185185185185,64.5,,계산됨
P7008A-06.50DAT,-06.50,PIA D_Date Topaz_38% UV,R7008-06.50DAT,Q7008-06.50DAT,PIA,"PIA Co.,Ltd.",AA1449,1,1,2026-08-20,600,24.0,24.0,0.0,0.0,0,0,0.0,3175.0,39300.0,14.622773536895677,B급,20,60,유지/관찰,,0.0,132.29166666666666,64.44999999999999,,계산됨
P1164A-00.25GEN3,-00.25,KBS-C_1Day_Green,R1164-00.25GEN3,Q1164-00.25GEN3,ALENSA,Alensa s.r.o,X2490,1,1,2026-08-25,6,61.0,0.0,0.0,0.0,0,0,0.0,0.0,0.0,0.0,C급,0,30,유지/관찰,,0.0,0.0,62.8,,재고없음
P7011A-00.00BFD,-00.00,PIA D_Brown Fondue_38% UV,R7011-00.00BFD,Q7011-00.00BFD,PIA,"PIA Co.,Ltd.",AA1450,1,1,2026-08-20,800,118.0,118.0,0.0,0.0,0,0,0.0,7915.0,35200.0,40.69928977272727,B급,20,60,유지/관찰,,0.0,67.07627118644068,56.64999999999998,,계산됨
P3165A-01.00HJL,-01.00,(영문)PIA D_HOJICHA LATTE_55%,R3165-01.00HJL,Q3165-01.00HJL,PIA,"PIA Co.,Ltd.",AA1468,1,1,2026-08-20,50,36.0,36.0,0.0,0.0,0,0,0.0,470.0,0.0,0.0,C급,0,30,유지/관찰,,0.0,13.055555555555555,56.3,,확인필요
P3158A-09.50BRW3,-09.50,EYEQUE D_LOVE ME TENDER_202_LOVE,R3158-09.50BRW3,Q3158-09.50BRW3,EYEQUE,EYEQUE,JJ0055,1,1,2026-08-10,15,152.0,0.0,0.0,0.0,0,0,0.0,2005.0,0.0,0.0,C급,0,30,유지/관찰,,0.0,13.19078947368421,56.25,,확인필요
P3167A-08.50SNW,-08.50,EYEQUE D_Snow wink_302_S3,R3167-08.50SNW,Q3167-08.50SNW,EYEQUE,EYEQUE,JJ0055,1,1,2026-08-10,15,152.0,0.0,0.0,0.0,0,0,0.0,2040.0,0.0,0.0,C급,0,30,유지/관찰,,0.0,13.421052631578947,54.5,,확인필요
P1166A-00.25LCG3,-00.25,KBS-C_1Day_Grey,R1166-00.25LCG3,Q1166-00.25LCG3,ALENSA,Alensa s.r.o,X2491,1,1,2026-08-25,5,51.0,0.0,0.0,0.0,0,0,0.0,0.0,0.0,0.0,C급,0,30,유지/관찰,,0.0,0.0,52.5,,재고없음
P3167A-09.50SNW,-09.50,EYEQUE D_Snow wink_302_S3,R3167-09.50SNW,Q3167-09.50SNW,EYEQUE,EYEQUE,JJ0055,1,1,2026-08-10,15,91.0,0.0,0.0,0.0,0,0,0.0,905.0,250.0,655.22,C급,0,30,생산지양,저수요 P코드인데 DOI가 과도함,0.0,9.945054945054945,50.25,,계산됨
P7015A-04.00GQZ,-04.00,PIA D_Grege Quartz 38% UV,R7015-04.00GQZ,Q7015-04.00GQZ,PIA,"PIA Co.,Ltd.",AA1449,1,1,2026-08-20,300,59.0,59.0,0.0,0.0,0,0,0.0,2955.0,11200.0,47.754910714285714,C급,0,30,생산조정,"현재 DOI가 기준 상한 초과, 부족이 크지 않음",0.0,50.08474576271186,48.44999999999999,,계산됨
P1166A-09.50LCG3,-09.50,KBS-C_1Day_Grey,R1166-09.50LCG3,Q1166-09.50LCG3,ALENSA,Alensa s.r.o,X2491,1,1,2026-08-25,4,41.0,0.0,0.0,0.0,0,0,0.0,0.0,0.0,0.0,C급,0,30,유지/관찰,,0.0,0.0,42.2,,재고없음
P3167A-10.00SNW,-10.00,EYEQUE D_Snow wink_302_S3,R3167-10.00SNW,Q3167-10.00SNW,EYEQUE,EYEQUE,JJ0055,1,1,2026-08-10,15,61.0,0.0,0.0,0.0,0,0,0.0,480.0,250.0,347.52,C급,0,30,생산지양,저수요 P코드인데 DOI가 과도함,0.0,7.868852459016393,41.5,,계산됨
P7531M-01.25DZB2,-01.25,Dazzle Beige_2T_(PBT)PIA_M(Y),R7531-01.25DZB2,Q7531-01.25DZB2,PIA,"PIA Co.,Ltd.",AA1464,1,1,2026-08-20,100,9.0,9.0,0.0,0.0,0,0,0.0,195.0,600.0,58.825,C급,0,30,생산조정,"현재 DOI가 기준 상한 초과, 부족이 크지 않음",0.0,21.666666666666668,36.45,,계산됨
P3117R-04.00CDR,-04.00,(영문)PIA_1D 55% Cider,R3117-04.00CDR,Q3117-04.00CDR,PIA,"PIA Co.,Ltd.",AA1468,1,1,2026-08-20,50,24.0,24.0,0.0,0.0,0,0,0.0,480.0,0.0,0.0,C급,0,30,유지/관찰,,0.0,20.0,34.2,,확인필요
P5059A-01.00DGR,-01.00,(영문)PIA D_Dollish Gray_55% UV,R5059-01.00DGR,Q5059-01.00DGR,PIA,"PIA Co.,Ltd.",AA1469,1,1,2026-08-20,50,24.0,24.0,0.0,0.0,0,0,0.0,480.0,0.0,0.0,C급,0,30,유지/관찰,,0.0,20.0,34.2,,확인필요
P3114R-03.50LMD,-03.50,(영문)PIA_1D 55% Lemonade,R3114-03.50LMD,Q3114-03.50LMD,PIA,"PIA Co.,Ltd.",AA1468,1,1,2026-08-20,50,24.0,24.0,0.0,0.0,0,0,0.0,485.0,0.0,0.0,C급,0,30,유지/관찰,,0.0,20.208333333333332,33.95,,확인필요
P4877A-07.00DZG,-07.00,(영문)PIA_Dazzle Gray,R4877-07.00DZG,Q4877-07.00DZG,PIA,"PIA Co.,Ltd.",AA1469,1,1,2026-08-20,50,24.0,24.0,0.0,0.0,0,0,0.0,485.0,500.0,175.57,C급,0,30,생산조정,"현재 DOI가 기준 상한 초과, 부족이 크지 않음",0.0,20.208333333333332,33.95,,계산됨
P4879A-05.00MRG,-05.00,(영문)PIA_Mirror Gray,R4879-05.00MRG,Q4879-05.00MRG,PIA,"PIA Co.,Ltd.",AA1469,1,1,2026-08-20,50,24.0,24.0,0.0,0.0,0,0,0.0,485.0,0.0,0.0,C급,0,30,유지/관찰,,0.0,20.208333333333332,33.95,,확인필요
P3147A-10.00GRA,-10.00,EYEQUE_ICE Gray_GIRL POWER,R3147-10.00GRA,Q3147-10.00GRA,EYEQUE,EYEQUE,JJ0054,1,1,2026-08-10,15,71.0,0.0,0.0,0.0,0,0,0.0,835.0,250.0,604.54,C급,0,30,생산지양,저수요 P코드인데 DOI가 과도함,0.0,11.76056338028169,33.75,,계산됨
P7537M-02.00GAN2,-02.00,Garnet_PIA_M_(중)(Y),R7537-02.00GAN2,Q7537-02.00GAN2,PIA,"PIA Co.,Ltd.",AA1466,1,1,2026-08-20,100,13.0,0.0,11058.0,0.0,0,0,11058.0,189.0,1800.0,19.005,C급,0,30,유지/관찰,,850.6153846153846,14.538461538461538,33.55,,계산됨
P3185A-03.50HOC,-03.50,EYEQUE D_PINK CHOC_106_LOVE,R3185-03.50HOC,Q3185-03.50HOC,EYEQUE,EYEQUE,JJ0055,1,1,2026-08-10,15,81.0,0.0,0.0,0.0,0,0,0.0,1105.0,250.0,800.02,C급,0,30,생산지양,저수요 P코드인데 DOI가 과도함,0.0,13.641975308641975,30.25,,계산됨
P4898A-00.00-1.25180OPL,-00.00,PIA_Opal CP-1.25 Toric_UV,R4898-00.00-1.25180OPL,Q4898-00.00-1.25180OPL,PIA,"PIA Co.,Ltd.",AA1452,1,1,2026-08-20,100,26.0,26.0,0.0,0.0,0,0,0.0,980.0,2200.0,80.62727272727273,C급,0,30,생산조정,"현재 DOI가 기준 상한 초과, 부족이 크지 않음",0.0,37.69230769230769,27.799999999999997,,계산됨
P3167A-06.00SNW,-06.00,EYEQUE D_Snow wink_302_S3,R3167-06.00SNW,Q3167-06.00SNW,EYEQUE,EYEQUE,JJ0055,1,1,2026-08-10,15,61.0,0.0,0.0,0.0,0,0,0.0,825.0,250.0,597.3,C급,0,30,생산지양,저수요 P코드인데 DOI가 과도함,0.0,13.524590163934427,24.25,,계산됨
P0035A-03.25SOB,-03.25,1-Day_Coastal_SoulBrown(신형리드지),R0035-03.25SOB,Q0035-03.25SOB,Alcon,Coastal Contacts (Clearly),MK0243,1,1,2026-08-10,1,31.0,0.0,0.0,0.0,0,0,0.0,150.0,810.0,33.51851851851852,C급,0,30,생산조정,"현재 DOI가 기준 상한 초과, 부족이 크지 않음",0.0,4.838709677419355,23.8,,계산됨
P5286A-08.00BRW,-08.00,EYEQUE D_LOVE YOURSELF_205_LOVE,R5286-08.00BRW,Q5286-08.00BRW,EYEQUE,EYEQUE,JJ0055,1,1,2026-08-10,20,12.0,12.0,0.0,0.0,0,0,0.0,210.0,0.0,0.0,C급,0,30,유지/관찰,,0.0,17.5,17.1,,확인필요
P3156A-06.00GRA,-06.00,EYEQUE D_LET ME GO_204_LOVE,R3156-06.00GRA,Q3156-06.00GRA,EYEQUE,EYEQUE,JJ0055,1,1,2026-08-10,60,51.0,0.0,0.0,0.0,0,0,0.0,1080.0,0.0,0.0,C급,0,30,유지/관찰,,0.0,21.176470588235293,15.0,,확인필요
P3150A-09.50CHC,-09.50,EYEQUE_MILK CHOC_GIRL POWER,R3150-09.50CHC,Q3150-09.50CHC,EYEQUE,EYEQUE,JJ0054,1,1,2026-08-10,25,213.0,0.0,0.0,9037.0,0,0,9037.0,4140.0,0.0,0.0,C급,0,30,유지/관찰,,42.42723004694836,19.43661971830986,13.5,,확인필요
P4879A-02.50MRG,-02.50,(영문)PIA_Mirror Gray,R4879-02.50MRG,Q4879-02.50MRG,PIA,"PIA Co.,Ltd.",AA1469,1,1,2026-08-20,50,12.0,12.0,0.0,0.0,0,0,0.0,490.0,0.0,0.0,C급,0,30,유지/관찰,,0.0,40.833333333333336,12.100000000000001,,확인필요
P3165A-01.50HJL,-01.50,(영문)PIA D_HOJICHA LATTE_55%,R3165-01.50HJL,Q3165-01.50HJL,PIA,"PIA Co.,Ltd.",AA1468,1,1,2026-08-20,50,21.0,0.0,0.0,0.0,0,0,0.0,480.0,0.0,0.0,C급,0,30,유지/관찰,,0.0,22.857142857142858,12.0,,확인필요
P7555A-03.00WTW3,-03.00,PIA D_(영문)water water,R7555-03.00WTW3,Q7555-03.00WTW3,PIA,"PIA Co.,Ltd.",AA1471,1,1,2026-08-20,50,12.0,12.0,0.0,0.0,0,0,0.0,495.0,500.0,179.19,C급,0,30,생산조정,"현재 DOI가 기준 상한 초과, 부족이 크지 않음",0.0,41.25,11.850000000000001,,계산됨
P3168A-03.00AMR,-03.00,EYEQUE D_Foxy amber_303_S3,R3168-03.00AMR,Q3168-03.00AMR,EYEQUE,EYEQUE,JJ0054,1,1,2026-08-10,25,71.0,0.0,0.0,0.0,0,0,0.0,1345.0,500.0,486.89,C급,0,30,생산지양,저수요 P코드인데 DOI가 과도함,0.0,18.943661971830984,11.25,,계산됨
P1423A-02.00THB,-02.00,ANW D_Through Beige_Dopewink 38%,R1423-02.00THB,Q1423-02.00THB,Sincere,"SINCERE Co.,Ltd",GG0240,1,1,2026-09-01,210,24.0,24.0,0.0,0.0,0,0,0.0,2080.0,700.0,537.8285714285714,C급,0,30,생산조정,"현재 DOI가 기준 상한 초과, 부족이 크지 않음",0.0,86.66666666666667,2.200000000000003,,계산됨
P4834A-03.50CBM,-03.50,ClearBeige Mini UV 14.2,R4834-03.50CBM,Q4834-03.50CBM,from-eyes,"from-eyes Co.,ltd.",GG0229,1,1,2026-09-01,100,12.0,12.0,0.0,0.0,0,0,0.0,990.0,4000.0,44.7975,C급,0,30,생산조정,"현재 DOI가 기준 상한 초과, 부족이 크지 않음",0.0,82.5,2.1000000000000014,,계산됨
P3147A-08.00GRA,-08.00,EYEQUE_ICE Gray_GIRL POWER,R3147-08.00GRA,Q3147-08.00GRA,EYEQUE,EYEQUE,JJ0054,1,1,2026-08-10,15,51.0,0.0,0.0,0.0,0,0,0.0,1270.0,0.0,0.0,C급,0,30,유지/관찰,,0.0,24.901960784313726,-8.0,,확인필요
P3111R-00.00CCN,-00.00,(영문)PIA_1D 55% Coconuts,R3111-00.00CCN,Q3111-00.00CCN,PIA,"PIA Co.,Ltd.",AA1468,1,1,2026-08-20,150,12.0,12.0,0.0,0.0,0,0,0.0,1495.0,1500.0,180.39666666666668,C급,0,30,생산지양,저수요 P코드인데 DOI가 과도함,0.0,124.58333333333333,-8.150000000000006,,계산됨
P7017A-06.50CRR,-06.50,PIA D_Cream Rose_38% UV,R7017-06.50CRR,Q7017-06.50CRR,PIA,"PIA Co.,Ltd.",AA1449,1,1,2026-08-20,300,41.0,0.0,3000.0,0.0,0,0,3000.0,2965.0,12800.0,41.926953125,C급,0,30,생산조정,"현재 DOI가 기준 상한 초과, 부족이 크지 않음",73.17073170731707,72.3170731707317,-17.25,,계산됨
P3167A-05.00SNW,-05.00,EYEQUE D_Snow wink_302_S3,R3167-05.00SNW,Q3167-05.00SNW,EYEQUE,EYEQUE,JJ0055,1,1,2026-08-10,15,31.0,0.0,0.0,0.0,0,0,0.0,2030.0,250.0,1469.7199999999998,C급,0,30,생산지양,저수요 P코드인데 DOI가 과도함,0.0,65.48387096774194,-66.0,,계산됨
P3169A-08.50CSO,-08.50,EYEQUE D_Crystal olive_304_S3,R3169-08.50CSO,Q3169-08.50CSO,EYEQUE,EYEQUE,JJ0054,1,1,2026-08-10,15,91.0,0.0,0.0,0.0,0,0,0.0,3540.0,0.0,0.0,C급,0,30,유지/관찰,,0.0,38.9010989010989,-81.5,,확인필요
P7501A-05.25CRB,-05.25,PIA D_Cream Beige_14.4,R7501-05.25CRB,Q7501-05.25CRB,PIA,"PIA Co.,Ltd.",AA1445,1,1,2026-08-20,100,334.0,0.0,641.0,0.0,0,0,641.0,9315.0,4600.0,366.525,C급,0,30,생산지양,저수요 P코드인데 DOI가 과도함,1.9191616766467066,27.889221556886227,-101.75,,계산됨
P2012A-00.00HBG,-00.00,BELLA_HAZEL BEIGE(8년),R2012-00.00HBG,Q2012-00.00HBG,OPTICAL SUPPLIES,OPTICAL SUPPLIES Co.,YH0221,1,1,2026-08-31,100,212.0,212.0,0.0,0.0,0,0,0.0,10790.0,99940.0,19.54162497498499,C급,0,30,유지/관찰,,0.0,50.89622641509434,-127.89999999999998,,계산됨
P3155A-00.00CHC,-00.00,EYEQUE D_Sweet Choco_GIRL POWER,R3155-00.00CHC,Q3155-00.00CHC,EYEQUE,EYEQUE,JJ0054,1,1,2026-08-10,25,253.0,0.0,0.0,0.0,0,0,0.0,12675.0,0.0,0.0,C급,0,30,유지/관찰,,0.0,50.098814229249015,-373.25,,확인필요
